<?xml version="1.0" encoding="UTF-8"?>
<gpx creator="StravaGPX" version="1.1" xmlns="http://www.topografix.com/GPX/1/1" xmlns:xsi="http://www.w3.org/2001/XMLSchema-instance" xsi:schemaLocation="http://www.topografix.com/GPX/1/1 http://www.topografix.com/GPX/1/1/gpx.xsd">
 <metadata>
  <time>2026-06-06T01:30:39Z</time>
 </metadata>
 <trk>
  <name>Evening Mountain Bike Ride</name>
  <type>mountain_biking</type>
  <trkseg>
   <trkpt lat="47.6138120" lon="-120.6682060">
    <ele>439.2</ele>
    <time>2026-06-06T01:30:39Z</time>
   </trkpt>
   <trkpt lat="47.6138150" lon="-120.6682100">
    <ele>439.2</ele>
    <time>2026-06-06T01:30:40Z</time>
   </trkpt>
   <trkpt lat="47.6138190" lon="-120.6682150">
    <ele>439.2</ele>
    <time>2026-06-06T01:30:41Z</time>
   </trkpt>
   <trkpt lat="47.6138230" lon="-120.6682190">
    <ele>439.2</ele>
    <time>2026-06-06T01:30:42Z</time>
   </trkpt>
   <trkpt lat="47.6138280" lon="-120.6682240">
    <ele>439.2</ele>
    <time>2026-06-06T01:30:43Z</time>
   </trkpt>
   <trkpt lat="47.6138320" lon="-120.6682280">
    <ele>439.2</ele>
    <time>2026-06-06T01:30:44Z</time>
   </trkpt>
   <trkpt lat="47.6138360" lon="-120.6682330">
    <ele>439.2</ele>
    <time>2026-06-06T01:30:45Z</time>
   </trkpt>
   <trkpt lat="47.6138400" lon="-120.6682370">
    <ele>439.2</ele>
    <time>2026-06-06T01:30:46Z</time>
   </trkpt>
   <trkpt lat="47.6138440" lon="-120.6682420">
    <ele>439.2</ele>
    <time>2026-06-06T01:30:47Z</time>
   </trkpt>
   <trkpt lat="47.6138700" lon="-120.6682370">
    <ele>439.3</ele>
    <time>2026-06-06T01:30:48Z</time>
   </trkpt>
   <trkpt lat="47.6139060" lon="-120.6682330">
    <ele>439.4</ele>
    <time>2026-06-06T01:30:49Z</time>
   </trkpt>
   <trkpt lat="47.6139270" lon="-120.6682230">
    <ele>439.4</ele>
    <time>2026-06-06T01:30:50Z</time>
   </trkpt>
   <trkpt lat="47.6139330" lon="-120.6682720">
    <ele>439.5</ele>
    <time>2026-06-06T01:30:51Z</time>
   </trkpt>
   <trkpt lat="47.6139260" lon="-120.6683210">
    <ele>439.5</ele>
    <time>2026-06-06T01:30:52Z</time>
   </trkpt>
   <trkpt lat="47.6139210" lon="-120.6683720">
    <ele>439.6</ele>
    <time>2026-06-06T01:30:53Z</time>
   </trkpt>
   <trkpt lat="47.6139210" lon="-120.6684250">
    <ele>439.7</ele>
    <time>2026-06-06T01:30:54Z</time>
   </trkpt>
   <trkpt lat="47.6139290" lon="-120.6684680">
    <ele>439.7</ele>
    <time>2026-06-06T01:30:55Z</time>
   </trkpt>
   <trkpt lat="47.6139430" lon="-120.6685060">
    <ele>439.8</ele>
    <time>2026-06-06T01:30:56Z</time>
   </trkpt>
   <trkpt lat="47.6139650" lon="-120.6685380">
    <ele>439.8</ele>
    <time>2026-06-06T01:30:57Z</time>
   </trkpt>
   <trkpt lat="47.6139720" lon="-120.6685440">
    <ele>439.9</ele>
    <time>2026-06-06T01:30:58Z</time>
   </trkpt>
   <trkpt lat="47.6139850" lon="-120.6685490">
    <ele>440.0</ele>
    <time>2026-06-06T01:30:59Z</time>
   </trkpt>
   <trkpt lat="47.6140010" lon="-120.6685540">
    <ele>440.1</ele>
    <time>2026-06-06T01:31:00Z</time>
   </trkpt>
   <trkpt lat="47.6140090" lon="-120.6685610">
    <ele>440.2</ele>
    <time>2026-06-06T01:31:01Z</time>
   </trkpt>
   <trkpt lat="47.6140100" lon="-120.6685620">
    <ele>440.2</ele>
    <time>2026-06-06T01:31:02Z</time>
   </trkpt>
   <trkpt lat="47.6140110" lon="-120.6685640">
    <ele>440.2</ele>
    <time>2026-06-06T01:31:03Z</time>
   </trkpt>
   <trkpt lat="47.6140120" lon="-120.6685660">
    <ele>440.2</ele>
    <time>2026-06-06T01:31:04Z</time>
   </trkpt>
   <trkpt lat="47.6140130" lon="-120.6685670">
    <ele>440.2</ele>
    <time>2026-06-06T01:31:05Z</time>
   </trkpt>
   <trkpt lat="47.6140140" lon="-120.6685690">
    <ele>440.2</ele>
    <time>2026-06-06T01:31:06Z</time>
   </trkpt>
   <trkpt lat="47.6140150" lon="-120.6685710">
    <ele>440.3</ele>
    <time>2026-06-06T01:31:07Z</time>
   </trkpt>
   <trkpt lat="47.6140160" lon="-120.6685720">
    <ele>440.3</ele>
    <time>2026-06-06T01:31:08Z</time>
   </trkpt>
   <trkpt lat="47.6140170" lon="-120.6685740">
    <ele>440.3</ele>
    <time>2026-06-06T01:31:09Z</time>
   </trkpt>
   <trkpt lat="47.6140180" lon="-120.6685760">
    <ele>440.3</ele>
    <time>2026-06-06T01:31:10Z</time>
   </trkpt>
   <trkpt lat="47.6140190" lon="-120.6685770">
    <ele>440.3</ele>
    <time>2026-06-06T01:31:11Z</time>
   </trkpt>
   <trkpt lat="47.6140200" lon="-120.6685790">
    <ele>440.3</ele>
    <time>2026-06-06T01:31:12Z</time>
   </trkpt>
   <trkpt lat="47.6140210" lon="-120.6685810">
    <ele>440.3</ele>
    <time>2026-06-06T01:31:13Z</time>
   </trkpt>
   <trkpt lat="47.6140220" lon="-120.6685820">
    <ele>440.3</ele>
    <time>2026-06-06T01:31:14Z</time>
   </trkpt>
   <trkpt lat="47.6140220" lon="-120.6685840">
    <ele>440.3</ele>
    <time>2026-06-06T01:31:15Z</time>
   </trkpt>
   <trkpt lat="47.6140230" lon="-120.6685850">
    <ele>440.4</ele>
    <time>2026-06-06T01:31:16Z</time>
   </trkpt>
   <trkpt lat="47.6140240" lon="-120.6685870">
    <ele>440.4</ele>
    <time>2026-06-06T01:31:17Z</time>
   </trkpt>
   <trkpt lat="47.6140250" lon="-120.6685890">
    <ele>440.4</ele>
    <time>2026-06-06T01:31:18Z</time>
   </trkpt>
   <trkpt lat="47.6140260" lon="-120.6685900">
    <ele>440.4</ele>
    <time>2026-06-06T01:31:19Z</time>
   </trkpt>
   <trkpt lat="47.6140270" lon="-120.6685920">
    <ele>440.4</ele>
    <time>2026-06-06T01:31:20Z</time>
   </trkpt>
   <trkpt lat="47.6140280" lon="-120.6685940">
    <ele>440.4</ele>
    <time>2026-06-06T01:31:21Z</time>
   </trkpt>
   <trkpt lat="47.6140290" lon="-120.6685950">
    <ele>440.4</ele>
    <time>2026-06-06T01:31:22Z</time>
   </trkpt>
   <trkpt lat="47.6140300" lon="-120.6685970">
    <ele>440.4</ele>
    <time>2026-06-06T01:31:23Z</time>
   </trkpt>
   <trkpt lat="47.6140310" lon="-120.6685990">
    <ele>440.5</ele>
    <time>2026-06-06T01:31:24Z</time>
   </trkpt>
   <trkpt lat="47.6140320" lon="-120.6686000">
    <ele>440.5</ele>
    <time>2026-06-06T01:31:25Z</time>
   </trkpt>
   <trkpt lat="47.6140330" lon="-120.6686020">
    <ele>440.5</ele>
    <time>2026-06-06T01:31:26Z</time>
   </trkpt>
   <trkpt lat="47.6140340" lon="-120.6686040">
    <ele>440.5</ele>
    <time>2026-06-06T01:31:27Z</time>
   </trkpt>
   <trkpt lat="47.6140350" lon="-120.6686050">
    <ele>440.5</ele>
    <time>2026-06-06T01:31:28Z</time>
   </trkpt>
   <trkpt lat="47.6140360" lon="-120.6686070">
    <ele>440.5</ele>
    <time>2026-06-06T01:31:29Z</time>
   </trkpt>
   <trkpt lat="47.6140630" lon="-120.6686350">
    <ele>440.8</ele>
    <time>2026-06-06T01:31:30Z</time>
   </trkpt>
   <trkpt lat="47.6140920" lon="-120.6686430">
    <ele>441.0</ele>
    <time>2026-06-06T01:31:31Z</time>
   </trkpt>
   <trkpt lat="47.6141240" lon="-120.6686400">
    <ele>441.3</ele>
    <time>2026-06-06T01:31:32Z</time>
   </trkpt>
   <trkpt lat="47.6141560" lon="-120.6686360">
    <ele>441.5</ele>
    <time>2026-06-06T01:31:33Z</time>
   </trkpt>
   <trkpt lat="47.6141870" lon="-120.6686370">
    <ele>441.7</ele>
    <time>2026-06-06T01:31:34Z</time>
   </trkpt>
   <trkpt lat="47.6142240" lon="-120.6686390">
    <ele>442.0</ele>
    <time>2026-06-06T01:31:35Z</time>
   </trkpt>
   <trkpt lat="47.6142350" lon="-120.6686390">
    <ele>442.1</ele>
    <time>2026-06-06T01:31:36Z</time>
   </trkpt>
   <trkpt lat="47.6142740" lon="-120.6686350">
    <ele>442.3</ele>
    <time>2026-06-06T01:31:37Z</time>
   </trkpt>
   <trkpt lat="47.6142860" lon="-120.6686330">
    <ele>442.4</ele>
    <time>2026-06-06T01:31:38Z</time>
   </trkpt>
   <trkpt lat="47.6143230" lon="-120.6686260">
    <ele>442.7</ele>
    <time>2026-06-06T01:31:39Z</time>
   </trkpt>
   <trkpt lat="47.6143350" lon="-120.6686240">
    <ele>442.7</ele>
    <time>2026-06-06T01:31:40Z</time>
   </trkpt>
   <trkpt lat="47.6143720" lon="-120.6686210">
    <ele>443.0</ele>
    <time>2026-06-06T01:31:41Z</time>
   </trkpt>
   <trkpt lat="47.6143840" lon="-120.6686210">
    <ele>443.1</ele>
    <time>2026-06-06T01:31:42Z</time>
   </trkpt>
   <trkpt lat="47.6144220" lon="-120.6686230">
    <ele>443.3</ele>
    <time>2026-06-06T01:31:43Z</time>
   </trkpt>
   <trkpt lat="47.6144350" lon="-120.6686230">
    <ele>443.4</ele>
    <time>2026-06-06T01:31:44Z</time>
   </trkpt>
   <trkpt lat="47.6144630" lon="-120.6686240">
    <ele>443.5</ele>
    <time>2026-06-06T01:31:45Z</time>
   </trkpt>
   <trkpt lat="47.6144920" lon="-120.6686220">
    <ele>443.7</ele>
    <time>2026-06-06T01:31:46Z</time>
   </trkpt>
   <trkpt lat="47.6145210" lon="-120.6686090">
    <ele>443.9</ele>
    <time>2026-06-06T01:31:47Z</time>
   </trkpt>
   <trkpt lat="47.6145490" lon="-120.6685890">
    <ele>444.1</ele>
    <time>2026-06-06T01:31:48Z</time>
   </trkpt>
   <trkpt lat="47.6145760" lon="-120.6685710">
    <ele>444.3</ele>
    <time>2026-06-06T01:31:49Z</time>
   </trkpt>
   <trkpt lat="47.6146050" lon="-120.6685650">
    <ele>444.5</ele>
    <time>2026-06-06T01:31:50Z</time>
   </trkpt>
   <trkpt lat="47.6146430" lon="-120.6685580">
    <ele>444.8</ele>
    <time>2026-06-06T01:31:51Z</time>
   </trkpt>
   <trkpt lat="47.6146550" lon="-120.6685560">
    <ele>444.9</ele>
    <time>2026-06-06T01:31:52Z</time>
   </trkpt>
   <trkpt lat="47.6146940" lon="-120.6685510">
    <ele>445.2</ele>
    <time>2026-06-06T01:31:53Z</time>
   </trkpt>
   <trkpt lat="47.6147060" lon="-120.6685490">
    <ele>445.4</ele>
    <time>2026-06-06T01:31:54Z</time>
   </trkpt>
   <trkpt lat="47.6147420" lon="-120.6685430">
    <ele>445.7</ele>
    <time>2026-06-06T01:31:55Z</time>
   </trkpt>
   <trkpt lat="47.6147530" lon="-120.6685420">
    <ele>445.9</ele>
    <time>2026-06-06T01:31:56Z</time>
   </trkpt>
   <trkpt lat="47.6147890" lon="-120.6685510">
    <ele>446.3</ele>
    <time>2026-06-06T01:31:57Z</time>
   </trkpt>
   <trkpt lat="47.6148010" lon="-120.6685550">
    <ele>446.5</ele>
    <time>2026-06-06T01:31:58Z</time>
   </trkpt>
   <trkpt lat="47.6148380" lon="-120.6685710">
    <ele>447.0</ele>
    <time>2026-06-06T01:31:59Z</time>
   </trkpt>
   <trkpt lat="47.6148490" lon="-120.6685790">
    <ele>447.1</ele>
    <time>2026-06-06T01:32:00Z</time>
   </trkpt>
   <trkpt lat="47.6148740" lon="-120.6686250">
    <ele>447.1</ele>
    <time>2026-06-06T01:32:01Z</time>
   </trkpt>
   <trkpt lat="47.6148790" lon="-120.6686440">
    <ele>447.1</ele>
    <time>2026-06-06T01:32:02Z</time>
   </trkpt>
   <trkpt lat="47.6148840" lon="-120.6686990">
    <ele>447.1</ele>
    <time>2026-06-06T01:32:03Z</time>
   </trkpt>
   <trkpt lat="47.6148840" lon="-120.6687180">
    <ele>447.1</ele>
    <time>2026-06-06T01:32:04Z</time>
   </trkpt>
   <trkpt lat="47.6148770" lon="-120.6687730">
    <ele>447.1</ele>
    <time>2026-06-06T01:32:05Z</time>
   </trkpt>
   <trkpt lat="47.6148750" lon="-120.6687900">
    <ele>447.1</ele>
    <time>2026-06-06T01:32:06Z</time>
   </trkpt>
   <trkpt lat="47.6148660" lon="-120.6688430">
    <ele>447.1</ele>
    <time>2026-06-06T01:32:07Z</time>
   </trkpt>
   <trkpt lat="47.6148620" lon="-120.6688610">
    <ele>447.1</ele>
    <time>2026-06-06T01:32:08Z</time>
   </trkpt>
   <trkpt lat="47.6148490" lon="-120.6689160">
    <ele>447.1</ele>
    <time>2026-06-06T01:32:09Z</time>
   </trkpt>
   <trkpt lat="47.6148450" lon="-120.6689340">
    <ele>447.1</ele>
    <time>2026-06-06T01:32:10Z</time>
   </trkpt>
   <trkpt lat="47.6148280" lon="-120.6689860">
    <ele>447.1</ele>
    <time>2026-06-06T01:32:11Z</time>
   </trkpt>
   <trkpt lat="47.6148230" lon="-120.6690030">
    <ele>447.1</ele>
    <time>2026-06-06T01:32:12Z</time>
   </trkpt>
   <trkpt lat="47.6148050" lon="-120.6690530">
    <ele>447.1</ele>
    <time>2026-06-06T01:32:13Z</time>
   </trkpt>
   <trkpt lat="47.6147980" lon="-120.6690690">
    <ele>447.2</ele>
    <time>2026-06-06T01:32:14Z</time>
   </trkpt>
   <trkpt lat="47.6147850" lon="-120.6691140">
    <ele>447.4</ele>
    <time>2026-06-06T01:32:15Z</time>
   </trkpt>
   <trkpt lat="47.6147810" lon="-120.6691290">
    <ele>447.4</ele>
    <time>2026-06-06T01:32:16Z</time>
   </trkpt>
   <trkpt lat="47.6147750" lon="-120.6691760">
    <ele>447.7</ele>
    <time>2026-06-06T01:32:17Z</time>
   </trkpt>
   <trkpt lat="47.6147720" lon="-120.6691910">
    <ele>447.7</ele>
    <time>2026-06-06T01:32:18Z</time>
   </trkpt>
   <trkpt lat="47.6147610" lon="-120.6692370">
    <ele>448.0</ele>
    <time>2026-06-06T01:32:19Z</time>
   </trkpt>
   <trkpt lat="47.6147580" lon="-120.6692540">
    <ele>448.1</ele>
    <time>2026-06-06T01:32:20Z</time>
   </trkpt>
   <trkpt lat="47.6147540" lon="-120.6692970">
    <ele>448.3</ele>
    <time>2026-06-06T01:32:21Z</time>
   </trkpt>
   <trkpt lat="47.6147500" lon="-120.6693450">
    <ele>448.5</ele>
    <time>2026-06-06T01:32:22Z</time>
   </trkpt>
   <trkpt lat="47.6147430" lon="-120.6693900">
    <ele>448.7</ele>
    <time>2026-06-06T01:32:23Z</time>
   </trkpt>
   <trkpt lat="47.6147380" lon="-120.6694310">
    <ele>449.0</ele>
    <time>2026-06-06T01:32:24Z</time>
   </trkpt>
   <trkpt lat="47.6147280" lon="-120.6694830">
    <ele>449.3</ele>
    <time>2026-06-06T01:32:25Z</time>
   </trkpt>
   <trkpt lat="47.6147230" lon="-120.6694980">
    <ele>449.3</ele>
    <time>2026-06-06T01:32:26Z</time>
   </trkpt>
   <trkpt lat="47.6147040" lon="-120.6695350">
    <ele>449.6</ele>
    <time>2026-06-06T01:32:27Z</time>
   </trkpt>
   <trkpt lat="47.6146980" lon="-120.6695490">
    <ele>449.7</ele>
    <time>2026-06-06T01:32:28Z</time>
   </trkpt>
   <trkpt lat="47.6146820" lon="-120.6695920">
    <ele>450.0</ele>
    <time>2026-06-06T01:32:29Z</time>
   </trkpt>
   <trkpt lat="47.6146780" lon="-120.6696060">
    <ele>450.1</ele>
    <time>2026-06-06T01:32:30Z</time>
   </trkpt>
   <trkpt lat="47.6146760" lon="-120.6696560">
    <ele>450.4</ele>
    <time>2026-06-06T01:32:31Z</time>
   </trkpt>
   <trkpt lat="47.6146770" lon="-120.6696740">
    <ele>450.6</ele>
    <time>2026-06-06T01:32:32Z</time>
   </trkpt>
   <trkpt lat="47.6146950" lon="-120.6697240">
    <ele>451.0</ele>
    <time>2026-06-06T01:32:33Z</time>
   </trkpt>
   <trkpt lat="47.6147000" lon="-120.6697400">
    <ele>451.1</ele>
    <time>2026-06-06T01:32:34Z</time>
   </trkpt>
   <trkpt lat="47.6147180" lon="-120.6697840">
    <ele>451.5</ele>
    <time>2026-06-06T01:32:35Z</time>
   </trkpt>
   <trkpt lat="47.6147230" lon="-120.6697990">
    <ele>451.7</ele>
    <time>2026-06-06T01:32:36Z</time>
   </trkpt>
   <trkpt lat="47.6147320" lon="-120.6698500">
    <ele>452.1</ele>
    <time>2026-06-06T01:32:37Z</time>
   </trkpt>
   <trkpt lat="47.6147330" lon="-120.6698680">
    <ele>452.3</ele>
    <time>2026-06-06T01:32:38Z</time>
   </trkpt>
   <trkpt lat="47.6147140" lon="-120.6699080">
    <ele>452.7</ele>
    <time>2026-06-06T01:32:39Z</time>
   </trkpt>
   <trkpt lat="47.6147060" lon="-120.6699120">
    <ele>452.8</ele>
    <time>2026-06-06T01:32:40Z</time>
   </trkpt>
   <trkpt lat="47.6146930" lon="-120.6699130">
    <ele>453.0</ele>
    <time>2026-06-06T01:32:41Z</time>
   </trkpt>
   <trkpt lat="47.6146810" lon="-120.6699030">
    <ele>453.1</ele>
    <time>2026-06-06T01:32:42Z</time>
   </trkpt>
   <trkpt lat="47.6146750" lon="-120.6698840">
    <ele>453.3</ele>
    <time>2026-06-06T01:32:43Z</time>
   </trkpt>
   <trkpt lat="47.6146650" lon="-120.6698670">
    <ele>453.5</ele>
    <time>2026-06-06T01:32:44Z</time>
   </trkpt>
   <trkpt lat="47.6146650" lon="-120.6698600">
    <ele>453.6</ele>
    <time>2026-06-06T01:32:45Z</time>
   </trkpt>
   <trkpt lat="47.6146650" lon="-120.6698580">
    <ele>453.6</ele>
    <time>2026-06-06T01:32:46Z</time>
   </trkpt>
   <trkpt lat="47.6146650" lon="-120.6698570">
    <ele>453.6</ele>
    <time>2026-06-06T01:32:47Z</time>
   </trkpt>
   <trkpt lat="47.6146650" lon="-120.6698570">
    <ele>453.6</ele>
    <time>2026-06-06T01:32:48Z</time>
   </trkpt>
   <trkpt lat="47.6146650" lon="-120.6698570">
    <ele>453.6</ele>
    <time>2026-06-06T01:32:49Z</time>
   </trkpt>
   <trkpt lat="47.6146650" lon="-120.6698570">
    <ele>453.6</ele>
    <time>2026-06-06T01:32:50Z</time>
   </trkpt>
   <trkpt lat="47.6146650" lon="-120.6698570">
    <ele>453.6</ele>
    <time>2026-06-06T01:32:51Z</time>
   </trkpt>
   <trkpt lat="47.6146670" lon="-120.6698560">
    <ele>453.6</ele>
    <time>2026-06-06T01:32:52Z</time>
   </trkpt>
   <trkpt lat="47.6146670" lon="-120.6698570">
    <ele>453.6</ele>
    <time>2026-06-06T01:32:53Z</time>
   </trkpt>
   <trkpt lat="47.6146670" lon="-120.6698570">
    <ele>453.6</ele>
    <time>2026-06-06T01:32:54Z</time>
   </trkpt>
   <trkpt lat="47.6146670" lon="-120.6698570">
    <ele>453.6</ele>
    <time>2026-06-06T01:32:55Z</time>
   </trkpt>
   <trkpt lat="47.6146670" lon="-120.6698530">
    <ele>453.7</ele>
    <time>2026-06-06T01:32:56Z</time>
   </trkpt>
   <trkpt lat="47.6146660" lon="-120.6698510">
    <ele>453.7</ele>
    <time>2026-06-06T01:32:57Z</time>
   </trkpt>
   <trkpt lat="47.6146630" lon="-120.6698480">
    <ele>453.7</ele>
    <time>2026-06-06T01:32:58Z</time>
   </trkpt>
   <trkpt lat="47.6146610" lon="-120.6698470">
    <ele>453.8</ele>
    <time>2026-06-06T01:32:59Z</time>
   </trkpt>
   <trkpt lat="47.6146600" lon="-120.6698430">
    <ele>453.8</ele>
    <time>2026-06-06T01:33:00Z</time>
   </trkpt>
   <trkpt lat="47.6146500" lon="-120.6698550">
    <ele>454.0</ele>
    <time>2026-06-06T01:33:01Z</time>
   </trkpt>
   <trkpt lat="47.6146380" lon="-120.6698650">
    <ele>454.1</ele>
    <time>2026-06-06T01:33:02Z</time>
   </trkpt>
   <trkpt lat="47.6146390" lon="-120.6698610">
    <ele>454.2</ele>
    <time>2026-06-06T01:33:03Z</time>
   </trkpt>
   <trkpt lat="47.6146400" lon="-120.6698370">
    <ele>454.4</ele>
    <time>2026-06-06T01:33:04Z</time>
   </trkpt>
   <trkpt lat="47.6146450" lon="-120.6698150">
    <ele>454.5</ele>
    <time>2026-06-06T01:33:05Z</time>
   </trkpt>
   <trkpt lat="47.6146620" lon="-120.6697830">
    <ele>454.9</ele>
    <time>2026-06-06T01:33:06Z</time>
   </trkpt>
   <trkpt lat="47.6146700" lon="-120.6697710">
    <ele>455.0</ele>
    <time>2026-06-06T01:33:07Z</time>
   </trkpt>
   <trkpt lat="47.6146790" lon="-120.6697480">
    <ele>455.2</ele>
    <time>2026-06-06T01:33:08Z</time>
   </trkpt>
   <trkpt lat="47.6146840" lon="-120.6697280">
    <ele>455.3</ele>
    <time>2026-06-06T01:33:09Z</time>
   </trkpt>
   <trkpt lat="47.6146880" lon="-120.6697070">
    <ele>455.5</ele>
    <time>2026-06-06T01:33:10Z</time>
   </trkpt>
   <trkpt lat="47.6146870" lon="-120.6696880">
    <ele>455.6</ele>
    <time>2026-06-06T01:33:11Z</time>
   </trkpt>
   <trkpt lat="47.6146890" lon="-120.6696810">
    <ele>455.6</ele>
    <time>2026-06-06T01:33:12Z</time>
   </trkpt>
   <trkpt lat="47.6147000" lon="-120.6697190">
    <ele>455.9</ele>
    <time>2026-06-06T01:33:13Z</time>
   </trkpt>
   <trkpt lat="47.6147020" lon="-120.6697300">
    <ele>456.0</ele>
    <time>2026-06-06T01:33:14Z</time>
   </trkpt>
   <trkpt lat="47.6147000" lon="-120.6697310">
    <ele>456.0</ele>
    <time>2026-06-06T01:33:15Z</time>
   </trkpt>
   <trkpt lat="47.6146990" lon="-120.6697320">
    <ele>456.0</ele>
    <time>2026-06-06T01:33:16Z</time>
   </trkpt>
   <trkpt lat="47.6146980" lon="-120.6697330">
    <ele>456.0</ele>
    <time>2026-06-06T01:33:17Z</time>
   </trkpt>
   <trkpt lat="47.6146970" lon="-120.6697340">
    <ele>456.0</ele>
    <time>2026-06-06T01:33:18Z</time>
   </trkpt>
   <trkpt lat="47.6146950" lon="-120.6697350">
    <ele>456.0</ele>
    <time>2026-06-06T01:33:19Z</time>
   </trkpt>
   <trkpt lat="47.6146940" lon="-120.6697360">
    <ele>456.0</ele>
    <time>2026-06-06T01:33:20Z</time>
   </trkpt>
   <trkpt lat="47.6146930" lon="-120.6697370">
    <ele>456.0</ele>
    <time>2026-06-06T01:33:21Z</time>
   </trkpt>
   <trkpt lat="47.6146910" lon="-120.6697380">
    <ele>456.1</ele>
    <time>2026-06-06T01:33:22Z</time>
   </trkpt>
   <trkpt lat="47.6146900" lon="-120.6697390">
    <ele>456.1</ele>
    <time>2026-06-06T01:33:23Z</time>
   </trkpt>
   <trkpt lat="47.6146890" lon="-120.6697400">
    <ele>456.1</ele>
    <time>2026-06-06T01:33:24Z</time>
   </trkpt>
   <trkpt lat="47.6146880" lon="-120.6697410">
    <ele>456.1</ele>
    <time>2026-06-06T01:33:25Z</time>
   </trkpt>
   <trkpt lat="47.6146860" lon="-120.6697410">
    <ele>456.1</ele>
    <time>2026-06-06T01:33:26Z</time>
   </trkpt>
   <trkpt lat="47.6146850" lon="-120.6697420">
    <ele>456.1</ele>
    <time>2026-06-06T01:33:27Z</time>
   </trkpt>
   <trkpt lat="47.6146840" lon="-120.6697430">
    <ele>456.1</ele>
    <time>2026-06-06T01:33:28Z</time>
   </trkpt>
   <trkpt lat="47.6146830" lon="-120.6697440">
    <ele>456.1</ele>
    <time>2026-06-06T01:33:29Z</time>
   </trkpt>
   <trkpt lat="47.6146810" lon="-120.6697450">
    <ele>456.1</ele>
    <time>2026-06-06T01:33:30Z</time>
   </trkpt>
   <trkpt lat="47.6146800" lon="-120.6697460">
    <ele>456.2</ele>
    <time>2026-06-06T01:33:31Z</time>
   </trkpt>
   <trkpt lat="47.6146790" lon="-120.6697470">
    <ele>456.2</ele>
    <time>2026-06-06T01:33:32Z</time>
   </trkpt>
   <trkpt lat="47.6146770" lon="-120.6697480">
    <ele>456.2</ele>
    <time>2026-06-06T01:33:33Z</time>
   </trkpt>
   <trkpt lat="47.6146760" lon="-120.6697490">
    <ele>456.2</ele>
    <time>2026-06-06T01:33:34Z</time>
   </trkpt>
   <trkpt lat="47.6146750" lon="-120.6697500">
    <ele>456.2</ele>
    <time>2026-06-06T01:33:35Z</time>
   </trkpt>
   <trkpt lat="47.6146740" lon="-120.6697510">
    <ele>456.2</ele>
    <time>2026-06-06T01:33:36Z</time>
   </trkpt>
   <trkpt lat="47.6146720" lon="-120.6697520">
    <ele>456.2</ele>
    <time>2026-06-06T01:33:37Z</time>
   </trkpt>
   <trkpt lat="47.6146710" lon="-120.6697530">
    <ele>456.2</ele>
    <time>2026-06-06T01:33:38Z</time>
   </trkpt>
   <trkpt lat="47.6146600" lon="-120.6697470">
    <ele>456.3</ele>
    <time>2026-06-06T01:33:39Z</time>
   </trkpt>
   <trkpt lat="47.6146590" lon="-120.6697440">
    <ele>456.4</ele>
    <time>2026-06-06T01:33:40Z</time>
   </trkpt>
   <trkpt lat="47.6146590" lon="-120.6697430">
    <ele>456.4</ele>
    <time>2026-06-06T01:33:41Z</time>
   </trkpt>
   <trkpt lat="47.6146580" lon="-120.6697420">
    <ele>456.4</ele>
    <time>2026-06-06T01:33:42Z</time>
   </trkpt>
   <trkpt lat="47.6146580" lon="-120.6697420">
    <ele>456.4</ele>
    <time>2026-06-06T01:33:43Z</time>
   </trkpt>
   <trkpt lat="47.6146580" lon="-120.6697420">
    <ele>456.4</ele>
    <time>2026-06-06T01:33:44Z</time>
   </trkpt>
   <trkpt lat="47.6146580" lon="-120.6697420">
    <ele>456.4</ele>
    <time>2026-06-06T01:33:45Z</time>
   </trkpt>
   <trkpt lat="47.6146580" lon="-120.6697420">
    <ele>456.4</ele>
    <time>2026-06-06T01:33:46Z</time>
   </trkpt>
   <trkpt lat="47.6146570" lon="-120.6697420">
    <ele>456.4</ele>
    <time>2026-06-06T01:33:47Z</time>
   </trkpt>
   <trkpt lat="47.6146570" lon="-120.6697420">
    <ele>456.4</ele>
    <time>2026-06-06T01:33:48Z</time>
   </trkpt>
   <trkpt lat="47.6146570" lon="-120.6697420">
    <ele>456.4</ele>
    <time>2026-06-06T01:33:49Z</time>
   </trkpt>
   <trkpt lat="47.6146570" lon="-120.6697420">
    <ele>456.4</ele>
    <time>2026-06-06T01:33:50Z</time>
   </trkpt>
   <trkpt lat="47.6146570" lon="-120.6697420">
    <ele>456.4</ele>
    <time>2026-06-06T01:33:51Z</time>
   </trkpt>
   <trkpt lat="47.6146570" lon="-120.6697420">
    <ele>456.4</ele>
    <time>2026-06-06T01:33:52Z</time>
   </trkpt>
   <trkpt lat="47.6146570" lon="-120.6697410">
    <ele>456.4</ele>
    <time>2026-06-06T01:33:53Z</time>
   </trkpt>
   <trkpt lat="47.6146570" lon="-120.6697410">
    <ele>456.4</ele>
    <time>2026-06-06T01:33:54Z</time>
   </trkpt>
   <trkpt lat="47.6146570" lon="-120.6697410">
    <ele>456.4</ele>
    <time>2026-06-06T01:33:55Z</time>
   </trkpt>
   <trkpt lat="47.6146570" lon="-120.6697410">
    <ele>456.4</ele>
    <time>2026-06-06T01:33:56Z</time>
   </trkpt>
   <trkpt lat="47.6146570" lon="-120.6697410">
    <ele>456.4</ele>
    <time>2026-06-06T01:33:57Z</time>
   </trkpt>
   <trkpt lat="47.6146570" lon="-120.6697410">
    <ele>456.4</ele>
    <time>2026-06-06T01:33:58Z</time>
   </trkpt>
   <trkpt lat="47.6146590" lon="-120.6697420">
    <ele>456.4</ele>
    <time>2026-06-06T01:33:59Z</time>
   </trkpt>
   <trkpt lat="47.6146620" lon="-120.6697390">
    <ele>456.4</ele>
    <time>2026-06-06T01:34:00Z</time>
   </trkpt>
   <trkpt lat="47.6146630" lon="-120.6697310">
    <ele>456.5</ele>
    <time>2026-06-06T01:34:01Z</time>
   </trkpt>
   <trkpt lat="47.6146640" lon="-120.6697240">
    <ele>456.5</ele>
    <time>2026-06-06T01:34:02Z</time>
   </trkpt>
   <trkpt lat="47.6146650" lon="-120.6697210">
    <ele>456.5</ele>
    <time>2026-06-06T01:34:03Z</time>
   </trkpt>
   <trkpt lat="47.6146630" lon="-120.6697130">
    <ele>456.6</ele>
    <time>2026-06-06T01:34:04Z</time>
   </trkpt>
   <trkpt lat="47.6146610" lon="-120.6697080">
    <ele>456.6</ele>
    <time>2026-06-06T01:34:05Z</time>
   </trkpt>
   <trkpt lat="47.6146600" lon="-120.6697030">
    <ele>456.6</ele>
    <time>2026-06-06T01:34:06Z</time>
   </trkpt>
   <trkpt lat="47.6146600" lon="-120.6696960">
    <ele>456.7</ele>
    <time>2026-06-06T01:34:07Z</time>
   </trkpt>
   <trkpt lat="47.6146600" lon="-120.6696920">
    <ele>456.7</ele>
    <time>2026-06-06T01:34:08Z</time>
   </trkpt>
   <trkpt lat="47.6146620" lon="-120.6696900">
    <ele>456.7</ele>
    <time>2026-06-06T01:34:09Z</time>
   </trkpt>
   <trkpt lat="47.6146630" lon="-120.6696900">
    <ele>456.7</ele>
    <time>2026-06-06T01:34:10Z</time>
   </trkpt>
   <trkpt lat="47.6146630" lon="-120.6696890">
    <ele>456.7</ele>
    <time>2026-06-06T01:34:11Z</time>
   </trkpt>
   <trkpt lat="47.6146630" lon="-120.6696890">
    <ele>456.7</ele>
    <time>2026-06-06T01:34:12Z</time>
   </trkpt>
   <trkpt lat="47.6146630" lon="-120.6696890">
    <ele>456.7</ele>
    <time>2026-06-06T01:34:13Z</time>
   </trkpt>
   <trkpt lat="47.6146630" lon="-120.6696890">
    <ele>456.7</ele>
    <time>2026-06-06T01:34:14Z</time>
   </trkpt>
   <trkpt lat="47.6146630" lon="-120.6696890">
    <ele>456.7</ele>
    <time>2026-06-06T01:34:15Z</time>
   </trkpt>
   <trkpt lat="47.6146630" lon="-120.6696890">
    <ele>456.7</ele>
    <time>2026-06-06T01:34:16Z</time>
   </trkpt>
   <trkpt lat="47.6146630" lon="-120.6696890">
    <ele>456.7</ele>
    <time>2026-06-06T01:34:17Z</time>
   </trkpt>
   <trkpt lat="47.6146630" lon="-120.6696890">
    <ele>456.7</ele>
    <time>2026-06-06T01:34:18Z</time>
   </trkpt>
   <trkpt lat="47.6146630" lon="-120.6696890">
    <ele>456.7</ele>
    <time>2026-06-06T01:34:19Z</time>
   </trkpt>
   <trkpt lat="47.6146630" lon="-120.6696890">
    <ele>456.7</ele>
    <time>2026-06-06T01:34:20Z</time>
   </trkpt>
   <trkpt lat="47.6146630" lon="-120.6696890">
    <ele>456.7</ele>
    <time>2026-06-06T01:34:21Z</time>
   </trkpt>
   <trkpt lat="47.6146630" lon="-120.6696890">
    <ele>456.7</ele>
    <time>2026-06-06T01:34:22Z</time>
   </trkpt>
   <trkpt lat="47.6146630" lon="-120.6696890">
    <ele>456.7</ele>
    <time>2026-06-06T01:34:23Z</time>
   </trkpt>
   <trkpt lat="47.6146630" lon="-120.6696890">
    <ele>456.7</ele>
    <time>2026-06-06T01:34:24Z</time>
   </trkpt>
   <trkpt lat="47.6146630" lon="-120.6696890">
    <ele>456.7</ele>
    <time>2026-06-06T01:34:25Z</time>
   </trkpt>
   <trkpt lat="47.6146630" lon="-120.6696890">
    <ele>456.7</ele>
    <time>2026-06-06T01:34:26Z</time>
   </trkpt>
   <trkpt lat="47.6146630" lon="-120.6696890">
    <ele>456.7</ele>
    <time>2026-06-06T01:34:27Z</time>
   </trkpt>
   <trkpt lat="47.6146630" lon="-120.6696890">
    <ele>456.7</ele>
    <time>2026-06-06T01:34:28Z</time>
   </trkpt>
   <trkpt lat="47.6146630" lon="-120.6696890">
    <ele>456.7</ele>
    <time>2026-06-06T01:34:29Z</time>
   </trkpt>
   <trkpt lat="47.6146630" lon="-120.6696890">
    <ele>456.7</ele>
    <time>2026-06-06T01:34:30Z</time>
   </trkpt>
   <trkpt lat="47.6146630" lon="-120.6696890">
    <ele>456.7</ele>
    <time>2026-06-06T01:34:31Z</time>
   </trkpt>
   <trkpt lat="47.6146630" lon="-120.6696890">
    <ele>456.7</ele>
    <time>2026-06-06T01:34:32Z</time>
   </trkpt>
   <trkpt lat="47.6146630" lon="-120.6696890">
    <ele>456.7</ele>
    <time>2026-06-06T01:34:33Z</time>
   </trkpt>
   <trkpt lat="47.6146630" lon="-120.6696890">
    <ele>456.7</ele>
    <time>2026-06-06T01:34:34Z</time>
   </trkpt>
   <trkpt lat="47.6146630" lon="-120.6696890">
    <ele>456.7</ele>
    <time>2026-06-06T01:34:35Z</time>
   </trkpt>
   <trkpt lat="47.6146630" lon="-120.6696890">
    <ele>456.7</ele>
    <time>2026-06-06T01:34:36Z</time>
   </trkpt>
   <trkpt lat="47.6146630" lon="-120.6696890">
    <ele>456.7</ele>
    <time>2026-06-06T01:34:37Z</time>
   </trkpt>
   <trkpt lat="47.6146630" lon="-120.6696890">
    <ele>456.7</ele>
    <time>2026-06-06T01:34:38Z</time>
   </trkpt>
   <trkpt lat="47.6146640" lon="-120.6696890">
    <ele>456.7</ele>
    <time>2026-06-06T01:34:39Z</time>
   </trkpt>
   <trkpt lat="47.6146640" lon="-120.6696890">
    <ele>456.7</ele>
    <time>2026-06-06T01:34:40Z</time>
   </trkpt>
   <trkpt lat="47.6146640" lon="-120.6696890">
    <ele>456.7</ele>
    <time>2026-06-06T01:34:41Z</time>
   </trkpt>
   <trkpt lat="47.6146640" lon="-120.6696890">
    <ele>456.7</ele>
    <time>2026-06-06T01:34:42Z</time>
   </trkpt>
   <trkpt lat="47.6146660" lon="-120.6696940">
    <ele>456.8</ele>
    <time>2026-06-06T01:34:43Z</time>
   </trkpt>
   <trkpt lat="47.6146700" lon="-120.6696920">
    <ele>456.8</ele>
    <time>2026-06-06T01:34:44Z</time>
   </trkpt>
   <trkpt lat="47.6146710" lon="-120.6696900">
    <ele>456.8</ele>
    <time>2026-06-06T01:34:45Z</time>
   </trkpt>
   <trkpt lat="47.6146710" lon="-120.6696900">
    <ele>456.8</ele>
    <time>2026-06-06T01:34:46Z</time>
   </trkpt>
   <trkpt lat="47.6146710" lon="-120.6696900">
    <ele>456.8</ele>
    <time>2026-06-06T01:34:47Z</time>
   </trkpt>
   <trkpt lat="47.6146710" lon="-120.6696900">
    <ele>456.8</ele>
    <time>2026-06-06T01:34:48Z</time>
   </trkpt>
   <trkpt lat="47.6146710" lon="-120.6696900">
    <ele>456.8</ele>
    <time>2026-06-06T01:34:49Z</time>
   </trkpt>
   <trkpt lat="47.6146710" lon="-120.6696900">
    <ele>456.8</ele>
    <time>2026-06-06T01:34:50Z</time>
   </trkpt>
   <trkpt lat="47.6146710" lon="-120.6696900">
    <ele>456.8</ele>
    <time>2026-06-06T01:34:51Z</time>
   </trkpt>
   <trkpt lat="47.6146710" lon="-120.6696900">
    <ele>456.8</ele>
    <time>2026-06-06T01:34:52Z</time>
   </trkpt>
   <trkpt lat="47.6146710" lon="-120.6696900">
    <ele>456.8</ele>
    <time>2026-06-06T01:34:53Z</time>
   </trkpt>
   <trkpt lat="47.6146710" lon="-120.6696900">
    <ele>456.8</ele>
    <time>2026-06-06T01:34:54Z</time>
   </trkpt>
   <trkpt lat="47.6146710" lon="-120.6696900">
    <ele>456.8</ele>
    <time>2026-06-06T01:34:55Z</time>
   </trkpt>
   <trkpt lat="47.6146710" lon="-120.6696900">
    <ele>456.8</ele>
    <time>2026-06-06T01:34:56Z</time>
   </trkpt>
   <trkpt lat="47.6146730" lon="-120.6696920">
    <ele>456.8</ele>
    <time>2026-06-06T01:34:57Z</time>
   </trkpt>
   <trkpt lat="47.6146740" lon="-120.6696920">
    <ele>456.8</ele>
    <time>2026-06-06T01:34:58Z</time>
   </trkpt>
   <trkpt lat="47.6146740" lon="-120.6696870">
    <ele>456.9</ele>
    <time>2026-06-06T01:34:59Z</time>
   </trkpt>
   <trkpt lat="47.6146760" lon="-120.6696840">
    <ele>456.9</ele>
    <time>2026-06-06T01:35:00Z</time>
   </trkpt>
   <trkpt lat="47.6146770" lon="-120.6696820">
    <ele>456.9</ele>
    <time>2026-06-06T01:35:01Z</time>
   </trkpt>
   <trkpt lat="47.6146770" lon="-120.6696810">
    <ele>456.9</ele>
    <time>2026-06-06T01:35:02Z</time>
   </trkpt>
   <trkpt lat="47.6146760" lon="-120.6696800">
    <ele>456.9</ele>
    <time>2026-06-06T01:35:03Z</time>
   </trkpt>
   <trkpt lat="47.6146760" lon="-120.6696800">
    <ele>456.9</ele>
    <time>2026-06-06T01:35:04Z</time>
   </trkpt>
   <trkpt lat="47.6146760" lon="-120.6696800">
    <ele>456.9</ele>
    <time>2026-06-06T01:35:05Z</time>
   </trkpt>
   <trkpt lat="47.6146760" lon="-120.6696800">
    <ele>456.9</ele>
    <time>2026-06-06T01:35:06Z</time>
   </trkpt>
   <trkpt lat="47.6146760" lon="-120.6696800">
    <ele>456.9</ele>
    <time>2026-06-06T01:35:07Z</time>
   </trkpt>
   <trkpt lat="47.6146760" lon="-120.6696800">
    <ele>456.9</ele>
    <time>2026-06-06T01:35:08Z</time>
   </trkpt>
   <trkpt lat="47.6146770" lon="-120.6696810">
    <ele>456.9</ele>
    <time>2026-06-06T01:35:09Z</time>
   </trkpt>
   <trkpt lat="47.6146760" lon="-120.6696800">
    <ele>456.9</ele>
    <time>2026-06-06T01:35:10Z</time>
   </trkpt>
   <trkpt lat="47.6146760" lon="-120.6696770">
    <ele>457.0</ele>
    <time>2026-06-06T01:35:11Z</time>
   </trkpt>
   <trkpt lat="47.6146760" lon="-120.6696780">
    <ele>457.0</ele>
    <time>2026-06-06T01:35:12Z</time>
   </trkpt>
   <trkpt lat="47.6146770" lon="-120.6696790">
    <ele>457.0</ele>
    <time>2026-06-06T01:35:13Z</time>
   </trkpt>
   <trkpt lat="47.6146770" lon="-120.6696810">
    <ele>457.0</ele>
    <time>2026-06-06T01:35:14Z</time>
   </trkpt>
   <trkpt lat="47.6146770" lon="-120.6696820">
    <ele>457.0</ele>
    <time>2026-06-06T01:35:15Z</time>
   </trkpt>
   <trkpt lat="47.6146770" lon="-120.6696840">
    <ele>457.0</ele>
    <time>2026-06-06T01:35:16Z</time>
   </trkpt>
   <trkpt lat="47.6146780" lon="-120.6696860">
    <ele>457.0</ele>
    <time>2026-06-06T01:35:17Z</time>
   </trkpt>
   <trkpt lat="47.6146780" lon="-120.6696870">
    <ele>457.0</ele>
    <time>2026-06-06T01:35:18Z</time>
   </trkpt>
   <trkpt lat="47.6146780" lon="-120.6696890">
    <ele>457.0</ele>
    <time>2026-06-06T01:35:19Z</time>
   </trkpt>
   <trkpt lat="47.6146780" lon="-120.6696900">
    <ele>457.0</ele>
    <time>2026-06-06T01:35:20Z</time>
   </trkpt>
   <trkpt lat="47.6146790" lon="-120.6696920">
    <ele>457.1</ele>
    <time>2026-06-06T01:35:21Z</time>
   </trkpt>
   <trkpt lat="47.6146790" lon="-120.6696930">
    <ele>457.1</ele>
    <time>2026-06-06T01:35:22Z</time>
   </trkpt>
   <trkpt lat="47.6146790" lon="-120.6696950">
    <ele>457.1</ele>
    <time>2026-06-06T01:35:23Z</time>
   </trkpt>
   <trkpt lat="47.6146790" lon="-120.6696970">
    <ele>457.1</ele>
    <time>2026-06-06T01:35:24Z</time>
   </trkpt>
   <trkpt lat="47.6146800" lon="-120.6696980">
    <ele>457.1</ele>
    <time>2026-06-06T01:35:25Z</time>
   </trkpt>
   <trkpt lat="47.6146800" lon="-120.6697000">
    <ele>457.1</ele>
    <time>2026-06-06T01:35:26Z</time>
   </trkpt>
   <trkpt lat="47.6146800" lon="-120.6697010">
    <ele>457.1</ele>
    <time>2026-06-06T01:35:27Z</time>
   </trkpt>
   <trkpt lat="47.6146810" lon="-120.6697030">
    <ele>457.1</ele>
    <time>2026-06-06T01:35:28Z</time>
   </trkpt>
   <trkpt lat="47.6146810" lon="-120.6697050">
    <ele>457.1</ele>
    <time>2026-06-06T01:35:29Z</time>
   </trkpt>
   <trkpt lat="47.6146810" lon="-120.6697060">
    <ele>457.1</ele>
    <time>2026-06-06T01:35:30Z</time>
   </trkpt>
   <trkpt lat="47.6146810" lon="-120.6697080">
    <ele>457.1</ele>
    <time>2026-06-06T01:35:31Z</time>
   </trkpt>
   <trkpt lat="47.6146820" lon="-120.6697090">
    <ele>457.2</ele>
    <time>2026-06-06T01:35:32Z</time>
   </trkpt>
   <trkpt lat="47.6146820" lon="-120.6697110">
    <ele>457.2</ele>
    <time>2026-06-06T01:35:33Z</time>
   </trkpt>
   <trkpt lat="47.6146820" lon="-120.6697130">
    <ele>457.2</ele>
    <time>2026-06-06T01:35:34Z</time>
   </trkpt>
   <trkpt lat="47.6146820" lon="-120.6697140">
    <ele>457.2</ele>
    <time>2026-06-06T01:35:35Z</time>
   </trkpt>
   <trkpt lat="47.6146830" lon="-120.6697160">
    <ele>457.2</ele>
    <time>2026-06-06T01:35:36Z</time>
   </trkpt>
   <trkpt lat="47.6146830" lon="-120.6697170">
    <ele>457.2</ele>
    <time>2026-06-06T01:35:37Z</time>
   </trkpt>
   <trkpt lat="47.6146830" lon="-120.6697190">
    <ele>457.2</ele>
    <time>2026-06-06T01:35:38Z</time>
   </trkpt>
   <trkpt lat="47.6146830" lon="-120.6697200">
    <ele>457.2</ele>
    <time>2026-06-06T01:35:39Z</time>
   </trkpt>
   <trkpt lat="47.6146840" lon="-120.6697220">
    <ele>457.2</ele>
    <time>2026-06-06T01:35:40Z</time>
   </trkpt>
   <trkpt lat="47.6146840" lon="-120.6697240">
    <ele>457.2</ele>
    <time>2026-06-06T01:35:41Z</time>
   </trkpt>
   <trkpt lat="47.6146840" lon="-120.6697250">
    <ele>457.3</ele>
    <time>2026-06-06T01:35:42Z</time>
   </trkpt>
   <trkpt lat="47.6146840" lon="-120.6697270">
    <ele>457.3</ele>
    <time>2026-06-06T01:35:45Z</time>
   </trkpt>
   <trkpt lat="47.6146850" lon="-120.6697280">
    <ele>457.3</ele>
    <time>2026-06-06T01:35:46Z</time>
   </trkpt>
   <trkpt lat="47.6146850" lon="-120.6697300">
    <ele>457.3</ele>
    <time>2026-06-06T01:35:47Z</time>
   </trkpt>
   <trkpt lat="47.6146890" lon="-120.6697120">
    <ele>457.4</ele>
    <time>2026-06-06T01:35:48Z</time>
   </trkpt>
   <trkpt lat="47.6146880" lon="-120.6696950">
    <ele>457.5</ele>
    <time>2026-06-06T01:35:49Z</time>
   </trkpt>
   <trkpt lat="47.6146920" lon="-120.6696860">
    <ele>457.6</ele>
    <time>2026-06-06T01:35:50Z</time>
   </trkpt>
   <trkpt lat="47.6146900" lon="-120.6696920">
    <ele>457.6</ele>
    <time>2026-06-06T01:35:51Z</time>
   </trkpt>
   <trkpt lat="47.6146870" lon="-120.6696720">
    <ele>457.7</ele>
    <time>2026-06-06T01:35:52Z</time>
   </trkpt>
   <trkpt lat="47.6146840" lon="-120.6696660">
    <ele>457.8</ele>
    <time>2026-06-06T01:35:53Z</time>
   </trkpt>
   <trkpt lat="47.6146810" lon="-120.6696580">
    <ele>457.8</ele>
    <time>2026-06-06T01:35:54Z</time>
   </trkpt>
   <trkpt lat="47.6146800" lon="-120.6696560">
    <ele>457.9</ele>
    <time>2026-06-06T01:35:55Z</time>
   </trkpt>
   <trkpt lat="47.6146810" lon="-120.6696610">
    <ele>457.9</ele>
    <time>2026-06-06T01:35:56Z</time>
   </trkpt>
   <trkpt lat="47.6146810" lon="-120.6696610">
    <ele>457.9</ele>
    <time>2026-06-06T01:35:57Z</time>
   </trkpt>
   <trkpt lat="47.6146860" lon="-120.6696760">
    <ele>458.0</ele>
    <time>2026-06-06T01:35:58Z</time>
   </trkpt>
   <trkpt lat="47.6146830" lon="-120.6696710">
    <ele>458.0</ele>
    <time>2026-06-06T01:35:59Z</time>
   </trkpt>
   <trkpt lat="47.6146850" lon="-120.6696690">
    <ele>458.1</ele>
    <time>2026-06-06T01:36:00Z</time>
   </trkpt>
   <trkpt lat="47.6146850" lon="-120.6696700">
    <ele>458.1</ele>
    <time>2026-06-06T01:36:01Z</time>
   </trkpt>
   <trkpt lat="47.6146860" lon="-120.6696760">
    <ele>458.1</ele>
    <time>2026-06-06T01:36:02Z</time>
   </trkpt>
   <trkpt lat="47.6146800" lon="-120.6696670">
    <ele>458.2</ele>
    <time>2026-06-06T01:36:03Z</time>
   </trkpt>
   <trkpt lat="47.6146770" lon="-120.6696600">
    <ele>458.2</ele>
    <time>2026-06-06T01:36:04Z</time>
   </trkpt>
   <trkpt lat="47.6146720" lon="-120.6696520">
    <ele>458.3</ele>
    <time>2026-06-06T01:36:05Z</time>
   </trkpt>
   <trkpt lat="47.6146680" lon="-120.6696400">
    <ele>458.4</ele>
    <time>2026-06-06T01:36:06Z</time>
   </trkpt>
   <trkpt lat="47.6146640" lon="-120.6696240">
    <ele>458.5</ele>
    <time>2026-06-06T01:36:07Z</time>
   </trkpt>
   <trkpt lat="47.6146610" lon="-120.6696090">
    <ele>458.6</ele>
    <time>2026-06-06T01:36:08Z</time>
   </trkpt>
   <trkpt lat="47.6146580" lon="-120.6695870">
    <ele>458.7</ele>
    <time>2026-06-06T01:36:09Z</time>
   </trkpt>
   <trkpt lat="47.6146560" lon="-120.6695670">
    <ele>458.9</ele>
    <time>2026-06-06T01:36:10Z</time>
   </trkpt>
   <trkpt lat="47.6146670" lon="-120.6695420">
    <ele>459.0</ele>
    <time>2026-06-06T01:36:11Z</time>
   </trkpt>
   <trkpt lat="47.6146730" lon="-120.6695320">
    <ele>459.1</ele>
    <time>2026-06-06T01:36:12Z</time>
   </trkpt>
   <trkpt lat="47.6146800" lon="-120.6695230">
    <ele>459.2</ele>
    <time>2026-06-06T01:36:13Z</time>
   </trkpt>
   <trkpt lat="47.6146890" lon="-120.6695120">
    <ele>459.3</ele>
    <time>2026-06-06T01:36:14Z</time>
   </trkpt>
   <trkpt lat="47.6147010" lon="-120.6695050">
    <ele>459.4</ele>
    <time>2026-06-06T01:36:15Z</time>
   </trkpt>
   <trkpt lat="47.6147090" lon="-120.6694960">
    <ele>459.5</ele>
    <time>2026-06-06T01:36:16Z</time>
   </trkpt>
   <trkpt lat="47.6147220" lon="-120.6694960">
    <ele>459.6</ele>
    <time>2026-06-06T01:36:17Z</time>
   </trkpt>
   <trkpt lat="47.6147320" lon="-120.6694940">
    <ele>459.7</ele>
    <time>2026-06-06T01:36:18Z</time>
   </trkpt>
   <trkpt lat="47.6147320" lon="-120.6694990">
    <ele>459.7</ele>
    <time>2026-06-06T01:36:19Z</time>
   </trkpt>
   <trkpt lat="47.6147390" lon="-120.6695090">
    <ele>459.8</ele>
    <time>2026-06-06T01:36:20Z</time>
   </trkpt>
   <trkpt lat="47.6147430" lon="-120.6695180">
    <ele>459.8</ele>
    <time>2026-06-06T01:36:21Z</time>
   </trkpt>
   <trkpt lat="47.6147530" lon="-120.6695100">
    <ele>459.9</ele>
    <time>2026-06-06T01:36:22Z</time>
   </trkpt>
   <trkpt lat="47.6147590" lon="-120.6694960">
    <ele>460.0</ele>
    <time>2026-06-06T01:36:23Z</time>
   </trkpt>
   <trkpt lat="47.6147560" lon="-120.6694820">
    <ele>460.1</ele>
    <time>2026-06-06T01:36:24Z</time>
   </trkpt>
   <trkpt lat="47.6147500" lon="-120.6694670">
    <ele>460.2</ele>
    <time>2026-06-06T01:36:25Z</time>
   </trkpt>
   <trkpt lat="47.6147470" lon="-120.6694700">
    <ele>460.2</ele>
    <time>2026-06-06T01:36:26Z</time>
   </trkpt>
   <trkpt lat="47.6147440" lon="-120.6694750">
    <ele>460.3</ele>
    <time>2026-06-06T01:36:27Z</time>
   </trkpt>
   <trkpt lat="47.6147430" lon="-120.6694750">
    <ele>460.3</ele>
    <time>2026-06-06T01:36:28Z</time>
   </trkpt>
   <trkpt lat="47.6147430" lon="-120.6694760">
    <ele>460.3</ele>
    <time>2026-06-06T01:36:29Z</time>
   </trkpt>
   <trkpt lat="47.6147430" lon="-120.6694760">
    <ele>460.3</ele>
    <time>2026-06-06T01:36:30Z</time>
   </trkpt>
   <trkpt lat="47.6147430" lon="-120.6694760">
    <ele>460.3</ele>
    <time>2026-06-06T01:36:31Z</time>
   </trkpt>
   <trkpt lat="47.6147420" lon="-120.6694760">
    <ele>460.3</ele>
    <time>2026-06-06T01:36:32Z</time>
   </trkpt>
   <trkpt lat="47.6147430" lon="-120.6694760">
    <ele>460.3</ele>
    <time>2026-06-06T01:36:33Z</time>
   </trkpt>
   <trkpt lat="47.6147430" lon="-120.6694760">
    <ele>460.3</ele>
    <time>2026-06-06T01:36:34Z</time>
   </trkpt>
   <trkpt lat="47.6147430" lon="-120.6694760">
    <ele>460.3</ele>
    <time>2026-06-06T01:36:35Z</time>
   </trkpt>
   <trkpt lat="47.6147430" lon="-120.6694750">
    <ele>460.3</ele>
    <time>2026-06-06T01:36:36Z</time>
   </trkpt>
   <trkpt lat="47.6147430" lon="-120.6694750">
    <ele>460.3</ele>
    <time>2026-06-06T01:36:37Z</time>
   </trkpt>
   <trkpt lat="47.6147430" lon="-120.6694750">
    <ele>460.3</ele>
    <time>2026-06-06T01:36:38Z</time>
   </trkpt>
   <trkpt lat="47.6147430" lon="-120.6694750">
    <ele>460.3</ele>
    <time>2026-06-06T01:36:39Z</time>
   </trkpt>
   <trkpt lat="47.6147430" lon="-120.6694750">
    <ele>460.3</ele>
    <time>2026-06-06T01:36:40Z</time>
   </trkpt>
   <trkpt lat="47.6147430" lon="-120.6694750">
    <ele>460.3</ele>
    <time>2026-06-06T01:36:41Z</time>
   </trkpt>
   <trkpt lat="47.6147430" lon="-120.6694750">
    <ele>460.3</ele>
    <time>2026-06-06T01:36:42Z</time>
   </trkpt>
   <trkpt lat="47.6147430" lon="-120.6694750">
    <ele>460.3</ele>
    <time>2026-06-06T01:36:43Z</time>
   </trkpt>
   <trkpt lat="47.6147420" lon="-120.6694750">
    <ele>460.3</ele>
    <time>2026-06-06T01:36:44Z</time>
   </trkpt>
   <trkpt lat="47.6147420" lon="-120.6694750">
    <ele>460.3</ele>
    <time>2026-06-06T01:36:45Z</time>
   </trkpt>
   <trkpt lat="47.6147420" lon="-120.6694750">
    <ele>460.3</ele>
    <time>2026-06-06T01:36:46Z</time>
   </trkpt>
   <trkpt lat="47.6147420" lon="-120.6694750">
    <ele>460.3</ele>
    <time>2026-06-06T01:36:47Z</time>
   </trkpt>
   <trkpt lat="47.6147420" lon="-120.6694750">
    <ele>460.3</ele>
    <time>2026-06-06T01:36:48Z</time>
   </trkpt>
   <trkpt lat="47.6147420" lon="-120.6694750">
    <ele>460.3</ele>
    <time>2026-06-06T01:36:49Z</time>
   </trkpt>
   <trkpt lat="47.6147420" lon="-120.6694750">
    <ele>460.3</ele>
    <time>2026-06-06T01:36:50Z</time>
   </trkpt>
   <trkpt lat="47.6147420" lon="-120.6694750">
    <ele>460.3</ele>
    <time>2026-06-06T01:36:51Z</time>
   </trkpt>
   <trkpt lat="47.6147420" lon="-120.6694750">
    <ele>460.3</ele>
    <time>2026-06-06T01:36:52Z</time>
   </trkpt>
   <trkpt lat="47.6147420" lon="-120.6694750">
    <ele>460.3</ele>
    <time>2026-06-06T01:36:53Z</time>
   </trkpt>
   <trkpt lat="47.6147420" lon="-120.6694750">
    <ele>460.3</ele>
    <time>2026-06-06T01:36:54Z</time>
   </trkpt>
   <trkpt lat="47.6147420" lon="-120.6694750">
    <ele>460.3</ele>
    <time>2026-06-06T01:36:55Z</time>
   </trkpt>
   <trkpt lat="47.6147420" lon="-120.6694750">
    <ele>460.3</ele>
    <time>2026-06-06T01:36:56Z</time>
   </trkpt>
   <trkpt lat="47.6147420" lon="-120.6694740">
    <ele>460.3</ele>
    <time>2026-06-06T01:36:57Z</time>
   </trkpt>
   <trkpt lat="47.6147420" lon="-120.6694740">
    <ele>460.3</ele>
    <time>2026-06-06T01:36:58Z</time>
   </trkpt>
   <trkpt lat="47.6147420" lon="-120.6694740">
    <ele>460.3</ele>
    <time>2026-06-06T01:36:59Z</time>
   </trkpt>
   <trkpt lat="47.6147420" lon="-120.6694740">
    <ele>460.3</ele>
    <time>2026-06-06T01:37:00Z</time>
   </trkpt>
   <trkpt lat="47.6147420" lon="-120.6694740">
    <ele>460.3</ele>
    <time>2026-06-06T01:37:01Z</time>
   </trkpt>
   <trkpt lat="47.6147420" lon="-120.6694740">
    <ele>460.3</ele>
    <time>2026-06-06T01:37:02Z</time>
   </trkpt>
   <trkpt lat="47.6147420" lon="-120.6694740">
    <ele>460.3</ele>
    <time>2026-06-06T01:37:03Z</time>
   </trkpt>
   <trkpt lat="47.6147420" lon="-120.6694740">
    <ele>460.3</ele>
    <time>2026-06-06T01:37:04Z</time>
   </trkpt>
   <trkpt lat="47.6147420" lon="-120.6694740">
    <ele>460.3</ele>
    <time>2026-06-06T01:37:05Z</time>
   </trkpt>
   <trkpt lat="47.6147420" lon="-120.6694740">
    <ele>460.3</ele>
    <time>2026-06-06T01:37:06Z</time>
   </trkpt>
   <trkpt lat="47.6147420" lon="-120.6694740">
    <ele>460.3</ele>
    <time>2026-06-06T01:37:07Z</time>
   </trkpt>
   <trkpt lat="47.6147420" lon="-120.6694740">
    <ele>460.3</ele>
    <time>2026-06-06T01:37:08Z</time>
   </trkpt>
   <trkpt lat="47.6147420" lon="-120.6694740">
    <ele>460.3</ele>
    <time>2026-06-06T01:37:09Z</time>
   </trkpt>
   <trkpt lat="47.6147420" lon="-120.6694740">
    <ele>460.3</ele>
    <time>2026-06-06T01:37:10Z</time>
   </trkpt>
   <trkpt lat="47.6147420" lon="-120.6694740">
    <ele>460.3</ele>
    <time>2026-06-06T01:37:11Z</time>
   </trkpt>
   <trkpt lat="47.6147420" lon="-120.6694740">
    <ele>460.3</ele>
    <time>2026-06-06T01:37:12Z</time>
   </trkpt>
   <trkpt lat="47.6147420" lon="-120.6694740">
    <ele>460.3</ele>
    <time>2026-06-06T01:37:13Z</time>
   </trkpt>
   <trkpt lat="47.6147420" lon="-120.6694740">
    <ele>460.3</ele>
    <time>2026-06-06T01:37:14Z</time>
   </trkpt>
   <trkpt lat="47.6147420" lon="-120.6694740">
    <ele>460.3</ele>
    <time>2026-06-06T01:37:15Z</time>
   </trkpt>
   <trkpt lat="47.6147420" lon="-120.6694740">
    <ele>460.3</ele>
    <time>2026-06-06T01:37:16Z</time>
   </trkpt>
   <trkpt lat="47.6147420" lon="-120.6694740">
    <ele>460.3</ele>
    <time>2026-06-06T01:37:17Z</time>
   </trkpt>
   <trkpt lat="47.6147420" lon="-120.6694740">
    <ele>460.3</ele>
    <time>2026-06-06T01:37:18Z</time>
   </trkpt>
   <trkpt lat="47.6147420" lon="-120.6694740">
    <ele>460.3</ele>
    <time>2026-06-06T01:37:19Z</time>
   </trkpt>
   <trkpt lat="47.6147420" lon="-120.6694740">
    <ele>460.3</ele>
    <time>2026-06-06T01:37:20Z</time>
   </trkpt>
   <trkpt lat="47.6147420" lon="-120.6694740">
    <ele>460.3</ele>
    <time>2026-06-06T01:37:21Z</time>
   </trkpt>
   <trkpt lat="47.6147410" lon="-120.6694740">
    <ele>460.3</ele>
    <time>2026-06-06T01:37:22Z</time>
   </trkpt>
   <trkpt lat="47.6147410" lon="-120.6694740">
    <ele>460.3</ele>
    <time>2026-06-06T01:37:23Z</time>
   </trkpt>
   <trkpt lat="47.6147410" lon="-120.6694740">
    <ele>460.3</ele>
    <time>2026-06-06T01:37:24Z</time>
   </trkpt>
   <trkpt lat="47.6147410" lon="-120.6694740">
    <ele>460.3</ele>
    <time>2026-06-06T01:37:25Z</time>
   </trkpt>
   <trkpt lat="47.6147410" lon="-120.6694740">
    <ele>460.3</ele>
    <time>2026-06-06T01:37:26Z</time>
   </trkpt>
   <trkpt lat="47.6147410" lon="-120.6694740">
    <ele>460.3</ele>
    <time>2026-06-06T01:37:27Z</time>
   </trkpt>
   <trkpt lat="47.6147410" lon="-120.6694740">
    <ele>460.3</ele>
    <time>2026-06-06T01:37:28Z</time>
   </trkpt>
   <trkpt lat="47.6147410" lon="-120.6694740">
    <ele>460.3</ele>
    <time>2026-06-06T01:37:29Z</time>
   </trkpt>
   <trkpt lat="47.6147410" lon="-120.6694740">
    <ele>460.3</ele>
    <time>2026-06-06T01:37:30Z</time>
   </trkpt>
   <trkpt lat="47.6147410" lon="-120.6694740">
    <ele>460.3</ele>
    <time>2026-06-06T01:37:31Z</time>
   </trkpt>
   <trkpt lat="47.6147410" lon="-120.6694740">
    <ele>460.3</ele>
    <time>2026-06-06T01:37:32Z</time>
   </trkpt>
   <trkpt lat="47.6147410" lon="-120.6694740">
    <ele>460.3</ele>
    <time>2026-06-06T01:37:33Z</time>
   </trkpt>
   <trkpt lat="47.6147410" lon="-120.6694740">
    <ele>460.3</ele>
    <time>2026-06-06T01:37:34Z</time>
   </trkpt>
   <trkpt lat="47.6147410" lon="-120.6694740">
    <ele>460.3</ele>
    <time>2026-06-06T01:37:35Z</time>
   </trkpt>
   <trkpt lat="47.6147410" lon="-120.6694740">
    <ele>460.3</ele>
    <time>2026-06-06T01:37:36Z</time>
   </trkpt>
   <trkpt lat="47.6147410" lon="-120.6694740">
    <ele>460.3</ele>
    <time>2026-06-06T01:37:37Z</time>
   </trkpt>
   <trkpt lat="47.6147410" lon="-120.6694740">
    <ele>460.3</ele>
    <time>2026-06-06T01:37:38Z</time>
   </trkpt>
   <trkpt lat="47.6147410" lon="-120.6694740">
    <ele>460.3</ele>
    <time>2026-06-06T01:37:39Z</time>
   </trkpt>
   <trkpt lat="47.6147410" lon="-120.6694740">
    <ele>460.3</ele>
    <time>2026-06-06T01:37:40Z</time>
   </trkpt>
   <trkpt lat="47.6147410" lon="-120.6694740">
    <ele>460.3</ele>
    <time>2026-06-06T01:37:41Z</time>
   </trkpt>
   <trkpt lat="47.6147410" lon="-120.6694740">
    <ele>460.3</ele>
    <time>2026-06-06T01:37:42Z</time>
   </trkpt>
   <trkpt lat="47.6147410" lon="-120.6694740">
    <ele>460.3</ele>
    <time>2026-06-06T01:37:43Z</time>
   </trkpt>
   <trkpt lat="47.6147410" lon="-120.6694740">
    <ele>460.3</ele>
    <time>2026-06-06T01:37:44Z</time>
   </trkpt>
   <trkpt lat="47.6147410" lon="-120.6694740">
    <ele>460.3</ele>
    <time>2026-06-06T01:37:45Z</time>
   </trkpt>
   <trkpt lat="47.6147410" lon="-120.6694740">
    <ele>460.3</ele>
    <time>2026-06-06T01:37:46Z</time>
   </trkpt>
   <trkpt lat="47.6147410" lon="-120.6694740">
    <ele>460.3</ele>
    <time>2026-06-06T01:37:47Z</time>
   </trkpt>
   <trkpt lat="47.6147410" lon="-120.6694740">
    <ele>460.3</ele>
    <time>2026-06-06T01:37:48Z</time>
   </trkpt>
   <trkpt lat="47.6147410" lon="-120.6694740">
    <ele>460.3</ele>
    <time>2026-06-06T01:37:49Z</time>
   </trkpt>
   <trkpt lat="47.6147410" lon="-120.6694740">
    <ele>460.3</ele>
    <time>2026-06-06T01:37:50Z</time>
   </trkpt>
   <trkpt lat="47.6147410" lon="-120.6694740">
    <ele>460.3</ele>
    <time>2026-06-06T01:37:51Z</time>
   </trkpt>
   <trkpt lat="47.6147410" lon="-120.6694740">
    <ele>460.3</ele>
    <time>2026-06-06T01:37:52Z</time>
   </trkpt>
   <trkpt lat="47.6147410" lon="-120.6694740">
    <ele>460.3</ele>
    <time>2026-06-06T01:37:53Z</time>
   </trkpt>
   <trkpt lat="47.6147410" lon="-120.6694740">
    <ele>460.3</ele>
    <time>2026-06-06T01:37:54Z</time>
   </trkpt>
   <trkpt lat="47.6147410" lon="-120.6694740">
    <ele>460.3</ele>
    <time>2026-06-06T01:37:55Z</time>
   </trkpt>
   <trkpt lat="47.6147410" lon="-120.6694740">
    <ele>460.3</ele>
    <time>2026-06-06T01:37:56Z</time>
   </trkpt>
   <trkpt lat="47.6147410" lon="-120.6694740">
    <ele>460.3</ele>
    <time>2026-06-06T01:37:57Z</time>
   </trkpt>
   <trkpt lat="47.6147410" lon="-120.6694740">
    <ele>460.3</ele>
    <time>2026-06-06T01:37:58Z</time>
   </trkpt>
   <trkpt lat="47.6147410" lon="-120.6694740">
    <ele>460.3</ele>
    <time>2026-06-06T01:37:59Z</time>
   </trkpt>
   <trkpt lat="47.6147410" lon="-120.6694740">
    <ele>460.3</ele>
    <time>2026-06-06T01:38:00Z</time>
   </trkpt>
   <trkpt lat="47.6147400" lon="-120.6694760">
    <ele>460.3</ele>
    <time>2026-06-06T01:38:01Z</time>
   </trkpt>
   <trkpt lat="47.6147390" lon="-120.6694760">
    <ele>460.4</ele>
    <time>2026-06-06T01:38:02Z</time>
   </trkpt>
   <trkpt lat="47.6147390" lon="-120.6694760">
    <ele>460.4</ele>
    <time>2026-06-06T01:38:03Z</time>
   </trkpt>
   <trkpt lat="47.6147390" lon="-120.6694760">
    <ele>460.4</ele>
    <time>2026-06-06T01:38:04Z</time>
   </trkpt>
   <trkpt lat="47.6147390" lon="-120.6694760">
    <ele>460.4</ele>
    <time>2026-06-06T01:38:05Z</time>
   </trkpt>
   <trkpt lat="47.6147400" lon="-120.6694760">
    <ele>460.4</ele>
    <time>2026-06-06T01:38:06Z</time>
   </trkpt>
   <trkpt lat="47.6147430" lon="-120.6694760">
    <ele>460.4</ele>
    <time>2026-06-06T01:38:07Z</time>
   </trkpt>
   <trkpt lat="47.6147440" lon="-120.6694760">
    <ele>460.4</ele>
    <time>2026-06-06T01:38:08Z</time>
   </trkpt>
   <trkpt lat="47.6147420" lon="-120.6694790">
    <ele>460.4</ele>
    <time>2026-06-06T01:38:09Z</time>
   </trkpt>
   <trkpt lat="47.6147410" lon="-120.6694780">
    <ele>460.4</ele>
    <time>2026-06-06T01:38:10Z</time>
   </trkpt>
   <trkpt lat="47.6147410" lon="-120.6694780">
    <ele>460.4</ele>
    <time>2026-06-06T01:38:11Z</time>
   </trkpt>
   <trkpt lat="47.6147400" lon="-120.6694780">
    <ele>460.4</ele>
    <time>2026-06-06T01:38:12Z</time>
   </trkpt>
   <trkpt lat="47.6147400" lon="-120.6694780">
    <ele>460.4</ele>
    <time>2026-06-06T01:38:13Z</time>
   </trkpt>
   <trkpt lat="47.6147400" lon="-120.6694780">
    <ele>460.4</ele>
    <time>2026-06-06T01:38:14Z</time>
   </trkpt>
   <trkpt lat="47.6147400" lon="-120.6694780">
    <ele>460.4</ele>
    <time>2026-06-06T01:38:15Z</time>
   </trkpt>
   <trkpt lat="47.6147400" lon="-120.6694780">
    <ele>460.4</ele>
    <time>2026-06-06T01:38:16Z</time>
   </trkpt>
   <trkpt lat="47.6147400" lon="-120.6694790">
    <ele>460.4</ele>
    <time>2026-06-06T01:38:17Z</time>
   </trkpt>
   <trkpt lat="47.6147400" lon="-120.6694790">
    <ele>460.4</ele>
    <time>2026-06-06T01:38:18Z</time>
   </trkpt>
   <trkpt lat="47.6147400" lon="-120.6694790">
    <ele>460.4</ele>
    <time>2026-06-06T01:38:19Z</time>
   </trkpt>
   <trkpt lat="47.6147400" lon="-120.6694790">
    <ele>460.4</ele>
    <time>2026-06-06T01:38:20Z</time>
   </trkpt>
   <trkpt lat="47.6147400" lon="-120.6694790">
    <ele>460.4</ele>
    <time>2026-06-06T01:38:21Z</time>
   </trkpt>
   <trkpt lat="47.6147400" lon="-120.6694790">
    <ele>460.4</ele>
    <time>2026-06-06T01:38:22Z</time>
   </trkpt>
   <trkpt lat="47.6147400" lon="-120.6694790">
    <ele>460.4</ele>
    <time>2026-06-06T01:38:23Z</time>
   </trkpt>
   <trkpt lat="47.6147400" lon="-120.6694790">
    <ele>460.4</ele>
    <time>2026-06-06T01:38:24Z</time>
   </trkpt>
   <trkpt lat="47.6147400" lon="-120.6694790">
    <ele>460.4</ele>
    <time>2026-06-06T01:38:25Z</time>
   </trkpt>
   <trkpt lat="47.6147400" lon="-120.6694790">
    <ele>460.4</ele>
    <time>2026-06-06T01:38:26Z</time>
   </trkpt>
   <trkpt lat="47.6147400" lon="-120.6694790">
    <ele>460.4</ele>
    <time>2026-06-06T01:38:27Z</time>
   </trkpt>
   <trkpt lat="47.6147400" lon="-120.6694790">
    <ele>460.4</ele>
    <time>2026-06-06T01:38:28Z</time>
   </trkpt>
   <trkpt lat="47.6147400" lon="-120.6694790">
    <ele>460.4</ele>
    <time>2026-06-06T01:38:29Z</time>
   </trkpt>
   <trkpt lat="47.6147420" lon="-120.6694750">
    <ele>460.5</ele>
    <time>2026-06-06T01:38:30Z</time>
   </trkpt>
   <trkpt lat="47.6147420" lon="-120.6694730">
    <ele>460.5</ele>
    <time>2026-06-06T01:38:31Z</time>
   </trkpt>
   <trkpt lat="47.6147430" lon="-120.6694740">
    <ele>460.5</ele>
    <time>2026-06-06T01:38:32Z</time>
   </trkpt>
   <trkpt lat="47.6147430" lon="-120.6694740">
    <ele>460.5</ele>
    <time>2026-06-06T01:38:33Z</time>
   </trkpt>
   <trkpt lat="47.6147430" lon="-120.6694750">
    <ele>460.5</ele>
    <time>2026-06-06T01:38:34Z</time>
   </trkpt>
   <trkpt lat="47.6147440" lon="-120.6694750">
    <ele>460.5</ele>
    <time>2026-06-06T01:38:35Z</time>
   </trkpt>
   <trkpt lat="47.6147440" lon="-120.6694750">
    <ele>460.5</ele>
    <time>2026-06-06T01:38:36Z</time>
   </trkpt>
   <trkpt lat="47.6147440" lon="-120.6694750">
    <ele>460.5</ele>
    <time>2026-06-06T01:38:37Z</time>
   </trkpt>
   <trkpt lat="47.6147440" lon="-120.6694750">
    <ele>460.5</ele>
    <time>2026-06-06T01:38:38Z</time>
   </trkpt>
   <trkpt lat="47.6147440" lon="-120.6694750">
    <ele>460.5</ele>
    <time>2026-06-06T01:38:39Z</time>
   </trkpt>
   <trkpt lat="47.6147440" lon="-120.6694750">
    <ele>460.5</ele>
    <time>2026-06-06T01:38:40Z</time>
   </trkpt>
   <trkpt lat="47.6147440" lon="-120.6694760">
    <ele>460.5</ele>
    <time>2026-06-06T01:38:41Z</time>
   </trkpt>
   <trkpt lat="47.6147440" lon="-120.6694760">
    <ele>460.5</ele>
    <time>2026-06-06T01:38:42Z</time>
   </trkpt>
   <trkpt lat="47.6147440" lon="-120.6694760">
    <ele>460.5</ele>
    <time>2026-06-06T01:38:43Z</time>
   </trkpt>
   <trkpt lat="47.6147440" lon="-120.6694760">
    <ele>460.5</ele>
    <time>2026-06-06T01:38:44Z</time>
   </trkpt>
   <trkpt lat="47.6147440" lon="-120.6694760">
    <ele>460.5</ele>
    <time>2026-06-06T01:38:45Z</time>
   </trkpt>
   <trkpt lat="47.6147420" lon="-120.6694780">
    <ele>460.5</ele>
    <time>2026-06-06T01:38:46Z</time>
   </trkpt>
   <trkpt lat="47.6147410" lon="-120.6694780">
    <ele>460.5</ele>
    <time>2026-06-06T01:38:47Z</time>
   </trkpt>
   <trkpt lat="47.6147400" lon="-120.6694780">
    <ele>460.5</ele>
    <time>2026-06-06T01:38:48Z</time>
   </trkpt>
   <trkpt lat="47.6147400" lon="-120.6694780">
    <ele>460.5</ele>
    <time>2026-06-06T01:38:49Z</time>
   </trkpt>
   <trkpt lat="47.6147400" lon="-120.6694770">
    <ele>460.6</ele>
    <time>2026-06-06T01:38:50Z</time>
   </trkpt>
   <trkpt lat="47.6147390" lon="-120.6694760">
    <ele>460.6</ele>
    <time>2026-06-06T01:38:51Z</time>
   </trkpt>
   <trkpt lat="47.6147360" lon="-120.6694790">
    <ele>460.6</ele>
    <time>2026-06-06T01:38:52Z</time>
   </trkpt>
   <trkpt lat="47.6147310" lon="-120.6694830">
    <ele>460.6</ele>
    <time>2026-06-06T01:38:53Z</time>
   </trkpt>
   <trkpt lat="47.6147270" lon="-120.6694900">
    <ele>460.7</ele>
    <time>2026-06-06T01:38:54Z</time>
   </trkpt>
   <trkpt lat="47.6147260" lon="-120.6694920">
    <ele>460.7</ele>
    <time>2026-06-06T01:38:55Z</time>
   </trkpt>
   <trkpt lat="47.6147250" lon="-120.6694880">
    <ele>460.8</ele>
    <time>2026-06-06T01:38:56Z</time>
   </trkpt>
   <trkpt lat="47.6147240" lon="-120.6694830">
    <ele>460.8</ele>
    <time>2026-06-06T01:38:57Z</time>
   </trkpt>
   <trkpt lat="47.6147240" lon="-120.6694800">
    <ele>460.8</ele>
    <time>2026-06-06T01:38:58Z</time>
   </trkpt>
   <trkpt lat="47.6147250" lon="-120.6694810">
    <ele>460.8</ele>
    <time>2026-06-06T01:38:59Z</time>
   </trkpt>
   <trkpt lat="47.6147230" lon="-120.6694890">
    <ele>460.9</ele>
    <time>2026-06-06T01:39:00Z</time>
   </trkpt>
   <trkpt lat="47.6147210" lon="-120.6694980">
    <ele>460.9</ele>
    <time>2026-06-06T01:39:01Z</time>
   </trkpt>
   <trkpt lat="47.6147210" lon="-120.6695030">
    <ele>461.0</ele>
    <time>2026-06-06T01:39:02Z</time>
   </trkpt>
   <trkpt lat="47.6147200" lon="-120.6695010">
    <ele>461.0</ele>
    <time>2026-06-06T01:39:03Z</time>
   </trkpt>
   <trkpt lat="47.6147230" lon="-120.6694890">
    <ele>461.1</ele>
    <time>2026-06-06T01:39:04Z</time>
   </trkpt>
   <trkpt lat="47.6147260" lon="-120.6694840">
    <ele>461.1</ele>
    <time>2026-06-06T01:39:05Z</time>
   </trkpt>
   <trkpt lat="47.6147280" lon="-120.6694840">
    <ele>461.1</ele>
    <time>2026-06-06T01:39:06Z</time>
   </trkpt>
   <trkpt lat="47.6147320" lon="-120.6694870">
    <ele>461.2</ele>
    <time>2026-06-06T01:39:07Z</time>
   </trkpt>
   <trkpt lat="47.6147320" lon="-120.6694880">
    <ele>461.2</ele>
    <time>2026-06-06T01:39:08Z</time>
   </trkpt>
   <trkpt lat="47.6147300" lon="-120.6694890">
    <ele>461.2</ele>
    <time>2026-06-06T01:39:09Z</time>
   </trkpt>
   <trkpt lat="47.6147290" lon="-120.6694890">
    <ele>461.2</ele>
    <time>2026-06-06T01:39:10Z</time>
   </trkpt>
   <trkpt lat="47.6147300" lon="-120.6694890">
    <ele>461.2</ele>
    <time>2026-06-06T01:39:11Z</time>
   </trkpt>
   <trkpt lat="47.6147300" lon="-120.6694880">
    <ele>461.2</ele>
    <time>2026-06-06T01:39:12Z</time>
   </trkpt>
   <trkpt lat="47.6147300" lon="-120.6694880">
    <ele>461.2</ele>
    <time>2026-06-06T01:39:13Z</time>
   </trkpt>
   <trkpt lat="47.6147300" lon="-120.6694880">
    <ele>461.2</ele>
    <time>2026-06-06T01:39:14Z</time>
   </trkpt>
   <trkpt lat="47.6147300" lon="-120.6694880">
    <ele>461.2</ele>
    <time>2026-06-06T01:39:15Z</time>
   </trkpt>
   <trkpt lat="47.6147300" lon="-120.6694880">
    <ele>461.2</ele>
    <time>2026-06-06T01:39:16Z</time>
   </trkpt>
   <trkpt lat="47.6147300" lon="-120.6694880">
    <ele>461.2</ele>
    <time>2026-06-06T01:39:17Z</time>
   </trkpt>
   <trkpt lat="47.6147300" lon="-120.6694880">
    <ele>461.2</ele>
    <time>2026-06-06T01:39:18Z</time>
   </trkpt>
   <trkpt lat="47.6147300" lon="-120.6694880">
    <ele>461.2</ele>
    <time>2026-06-06T01:39:19Z</time>
   </trkpt>
   <trkpt lat="47.6147300" lon="-120.6694880">
    <ele>461.2</ele>
    <time>2026-06-06T01:39:20Z</time>
   </trkpt>
   <trkpt lat="47.6147300" lon="-120.6694870">
    <ele>461.3</ele>
    <time>2026-06-06T01:39:21Z</time>
   </trkpt>
   <trkpt lat="47.6147300" lon="-120.6694880">
    <ele>461.3</ele>
    <time>2026-06-06T01:39:22Z</time>
   </trkpt>
   <trkpt lat="47.6147300" lon="-120.6694870">
    <ele>461.3</ele>
    <time>2026-06-06T01:39:23Z</time>
   </trkpt>
   <trkpt lat="47.6147300" lon="-120.6694870">
    <ele>461.3</ele>
    <time>2026-06-06T01:39:24Z</time>
   </trkpt>
   <trkpt lat="47.6147300" lon="-120.6694870">
    <ele>461.3</ele>
    <time>2026-06-06T01:39:25Z</time>
   </trkpt>
   <trkpt lat="47.6147300" lon="-120.6694870">
    <ele>461.3</ele>
    <time>2026-06-06T01:39:26Z</time>
   </trkpt>
   <trkpt lat="47.6147300" lon="-120.6694870">
    <ele>461.3</ele>
    <time>2026-06-06T01:39:27Z</time>
   </trkpt>
   <trkpt lat="47.6147300" lon="-120.6694870">
    <ele>461.3</ele>
    <time>2026-06-06T01:39:28Z</time>
   </trkpt>
   <trkpt lat="47.6147300" lon="-120.6694860">
    <ele>461.3</ele>
    <time>2026-06-06T01:39:29Z</time>
   </trkpt>
   <trkpt lat="47.6147290" lon="-120.6694850">
    <ele>461.3</ele>
    <time>2026-06-06T01:39:30Z</time>
   </trkpt>
   <trkpt lat="47.6147290" lon="-120.6694840">
    <ele>461.3</ele>
    <time>2026-06-06T01:39:31Z</time>
   </trkpt>
   <trkpt lat="47.6147290" lon="-120.6694840">
    <ele>461.3</ele>
    <time>2026-06-06T01:39:32Z</time>
   </trkpt>
   <trkpt lat="47.6147290" lon="-120.6694850">
    <ele>461.3</ele>
    <time>2026-06-06T01:39:33Z</time>
   </trkpt>
   <trkpt lat="47.6147290" lon="-120.6694830">
    <ele>461.3</ele>
    <time>2026-06-06T01:39:34Z</time>
   </trkpt>
   <trkpt lat="47.6147270" lon="-120.6694820">
    <ele>461.3</ele>
    <time>2026-06-06T01:39:35Z</time>
   </trkpt>
   <trkpt lat="47.6147270" lon="-120.6694810">
    <ele>461.4</ele>
    <time>2026-06-06T01:39:36Z</time>
   </trkpt>
   <trkpt lat="47.6147270" lon="-120.6694810">
    <ele>461.4</ele>
    <time>2026-06-06T01:39:37Z</time>
   </trkpt>
   <trkpt lat="47.6147270" lon="-120.6694810">
    <ele>461.4</ele>
    <time>2026-06-06T01:39:38Z</time>
   </trkpt>
   <trkpt lat="47.6147280" lon="-120.6694800">
    <ele>461.4</ele>
    <time>2026-06-06T01:39:39Z</time>
   </trkpt>
   <trkpt lat="47.6147280" lon="-120.6694810">
    <ele>461.4</ele>
    <time>2026-06-06T01:39:40Z</time>
   </trkpt>
   <trkpt lat="47.6147280" lon="-120.6694810">
    <ele>461.4</ele>
    <time>2026-06-06T01:39:41Z</time>
   </trkpt>
   <trkpt lat="47.6147280" lon="-120.6694810">
    <ele>461.4</ele>
    <time>2026-06-06T01:39:42Z</time>
   </trkpt>
   <trkpt lat="47.6147280" lon="-120.6694810">
    <ele>461.4</ele>
    <time>2026-06-06T01:39:43Z</time>
   </trkpt>
   <trkpt lat="47.6147280" lon="-120.6694810">
    <ele>461.4</ele>
    <time>2026-06-06T01:39:44Z</time>
   </trkpt>
   <trkpt lat="47.6147280" lon="-120.6694810">
    <ele>461.4</ele>
    <time>2026-06-06T01:39:45Z</time>
   </trkpt>
   <trkpt lat="47.6147280" lon="-120.6694800">
    <ele>461.4</ele>
    <time>2026-06-06T01:39:46Z</time>
   </trkpt>
   <trkpt lat="47.6147280" lon="-120.6694800">
    <ele>461.4</ele>
    <time>2026-06-06T01:39:47Z</time>
   </trkpt>
   <trkpt lat="47.6147280" lon="-120.6694800">
    <ele>461.4</ele>
    <time>2026-06-06T01:39:48Z</time>
   </trkpt>
   <trkpt lat="47.6147280" lon="-120.6694800">
    <ele>461.4</ele>
    <time>2026-06-06T01:39:49Z</time>
   </trkpt>
   <trkpt lat="47.6147260" lon="-120.6694850">
    <ele>461.4</ele>
    <time>2026-06-06T01:39:50Z</time>
   </trkpt>
   <trkpt lat="47.6147260" lon="-120.6694850">
    <ele>461.4</ele>
    <time>2026-06-06T01:39:51Z</time>
   </trkpt>
   <trkpt lat="47.6147260" lon="-120.6694840">
    <ele>461.4</ele>
    <time>2026-06-06T01:39:52Z</time>
   </trkpt>
   <trkpt lat="47.6147260" lon="-120.6694840">
    <ele>461.4</ele>
    <time>2026-06-06T01:39:53Z</time>
   </trkpt>
   <trkpt lat="47.6147250" lon="-120.6694840">
    <ele>461.4</ele>
    <time>2026-06-06T01:39:54Z</time>
   </trkpt>
   <trkpt lat="47.6147230" lon="-120.6694850">
    <ele>461.5</ele>
    <time>2026-06-06T01:39:55Z</time>
   </trkpt>
   <trkpt lat="47.6147080" lon="-120.6694700">
    <ele>461.7</ele>
    <time>2026-06-06T01:39:56Z</time>
   </trkpt>
   <trkpt lat="47.6147010" lon="-120.6694720">
    <ele>461.8</ele>
    <time>2026-06-06T01:39:57Z</time>
   </trkpt>
   <trkpt lat="47.6146780" lon="-120.6694430">
    <ele>462.2</ele>
    <time>2026-06-06T01:39:58Z</time>
   </trkpt>
   <trkpt lat="47.6146630" lon="-120.6694390">
    <ele>462.4</ele>
    <time>2026-06-06T01:39:59Z</time>
   </trkpt>
   <trkpt lat="47.6146500" lon="-120.6694420">
    <ele>462.5</ele>
    <time>2026-06-06T01:40:00Z</time>
   </trkpt>
   <trkpt lat="47.6146330" lon="-120.6694380">
    <ele>462.8</ele>
    <time>2026-06-06T01:40:01Z</time>
   </trkpt>
   <trkpt lat="47.6146200" lon="-120.6694310">
    <ele>463.0</ele>
    <time>2026-06-06T01:40:02Z</time>
   </trkpt>
   <trkpt lat="47.6146080" lon="-120.6694370">
    <ele>463.2</ele>
    <time>2026-06-06T01:40:03Z</time>
   </trkpt>
   <trkpt lat="47.6145970" lon="-120.6694690">
    <ele>463.6</ele>
    <time>2026-06-06T01:40:04Z</time>
   </trkpt>
   <trkpt lat="47.6145970" lon="-120.6694930">
    <ele>463.8</ele>
    <time>2026-06-06T01:40:05Z</time>
   </trkpt>
   <trkpt lat="47.6145920" lon="-120.6695100">
    <ele>464.0</ele>
    <time>2026-06-06T01:40:06Z</time>
   </trkpt>
   <trkpt lat="47.6145860" lon="-120.6695300">
    <ele>464.2</ele>
    <time>2026-06-06T01:40:07Z</time>
   </trkpt>
   <trkpt lat="47.6145740" lon="-120.6695410">
    <ele>464.5</ele>
    <time>2026-06-06T01:40:08Z</time>
   </trkpt>
   <trkpt lat="47.6145630" lon="-120.6695840">
    <ele>465.0</ele>
    <time>2026-06-06T01:40:09Z</time>
   </trkpt>
   <trkpt lat="47.6145560" lon="-120.6695920">
    <ele>465.1</ele>
    <time>2026-06-06T01:40:10Z</time>
   </trkpt>
   <trkpt lat="47.6145510" lon="-120.6696510">
    <ele>465.8</ele>
    <time>2026-06-06T01:40:11Z</time>
   </trkpt>
   <trkpt lat="47.6145610" lon="-120.6697040">
    <ele>466.5</ele>
    <time>2026-06-06T01:40:12Z</time>
   </trkpt>
   <trkpt lat="47.6145510" lon="-120.6697140">
    <ele>466.7</ele>
    <time>2026-06-06T01:40:13Z</time>
   </trkpt>
   <trkpt lat="47.6145380" lon="-120.6697370">
    <ele>467.0</ele>
    <time>2026-06-06T01:40:14Z</time>
   </trkpt>
   <trkpt lat="47.6145380" lon="-120.6697870">
    <ele>467.6</ele>
    <time>2026-06-06T01:40:15Z</time>
   </trkpt>
   <trkpt lat="47.6145400" lon="-120.6698080">
    <ele>467.9</ele>
    <time>2026-06-06T01:40:16Z</time>
   </trkpt>
   <trkpt lat="47.6145600" lon="-120.6698450">
    <ele>468.5</ele>
    <time>2026-06-06T01:40:17Z</time>
   </trkpt>
   <trkpt lat="47.6145890" lon="-120.6698740">
    <ele>469.1</ele>
    <time>2026-06-06T01:40:18Z</time>
   </trkpt>
   <trkpt lat="47.6145970" lon="-120.6698830">
    <ele>469.2</ele>
    <time>2026-06-06T01:40:19Z</time>
   </trkpt>
   <trkpt lat="47.6146230" lon="-120.6699060">
    <ele>469.7</ele>
    <time>2026-06-06T01:40:20Z</time>
   </trkpt>
   <trkpt lat="47.6146320" lon="-120.6699130">
    <ele>469.9</ele>
    <time>2026-06-06T01:40:21Z</time>
   </trkpt>
   <trkpt lat="47.6146580" lon="-120.6699300">
    <ele>470.3</ele>
    <time>2026-06-06T01:40:22Z</time>
   </trkpt>
   <trkpt lat="47.6146660" lon="-120.6699350">
    <ele>470.4</ele>
    <time>2026-06-06T01:40:23Z</time>
   </trkpt>
   <trkpt lat="47.6146900" lon="-120.6699600">
    <ele>470.7</ele>
    <time>2026-06-06T01:40:24Z</time>
   </trkpt>
   <trkpt lat="47.6146980" lon="-120.6699690">
    <ele>470.8</ele>
    <time>2026-06-06T01:40:25Z</time>
   </trkpt>
   <trkpt lat="47.6147320" lon="-120.6699970">
    <ele>471.2</ele>
    <time>2026-06-06T01:40:26Z</time>
   </trkpt>
   <trkpt lat="47.6147440" lon="-120.6700050">
    <ele>471.3</ele>
    <time>2026-06-06T01:40:27Z</time>
   </trkpt>
   <trkpt lat="47.6147780" lon="-120.6700220">
    <ele>471.5</ele>
    <time>2026-06-06T01:40:28Z</time>
   </trkpt>
   <trkpt lat="47.6147890" lon="-120.6700260">
    <ele>471.6</ele>
    <time>2026-06-06T01:40:29Z</time>
   </trkpt>
   <trkpt lat="47.6148240" lon="-120.6700440">
    <ele>471.8</ele>
    <time>2026-06-06T01:40:30Z</time>
   </trkpt>
   <trkpt lat="47.6148360" lon="-120.6700490">
    <ele>471.8</ele>
    <time>2026-06-06T01:40:31Z</time>
   </trkpt>
   <trkpt lat="47.6148700" lon="-120.6700750">
    <ele>472.0</ele>
    <time>2026-06-06T01:40:32Z</time>
   </trkpt>
   <trkpt lat="47.6148800" lon="-120.6700830">
    <ele>472.1</ele>
    <time>2026-06-06T01:40:33Z</time>
   </trkpt>
   <trkpt lat="47.6149100" lon="-120.6700960">
    <ele>472.2</ele>
    <time>2026-06-06T01:40:34Z</time>
   </trkpt>
   <trkpt lat="47.6149190" lon="-120.6701010">
    <ele>472.2</ele>
    <time>2026-06-06T01:40:35Z</time>
   </trkpt>
   <trkpt lat="47.6149340" lon="-120.6701080">
    <ele>472.3</ele>
    <time>2026-06-06T01:40:36Z</time>
   </trkpt>
   <trkpt lat="47.6149530" lon="-120.6701180">
    <ele>472.4</ele>
    <time>2026-06-06T01:40:37Z</time>
   </trkpt>
   <trkpt lat="47.6149830" lon="-120.6701330">
    <ele>472.6</ele>
    <time>2026-06-06T01:40:38Z</time>
   </trkpt>
   <trkpt lat="47.6149930" lon="-120.6701390">
    <ele>472.7</ele>
    <time>2026-06-06T01:40:39Z</time>
   </trkpt>
   <trkpt lat="47.6150300" lon="-120.6701650">
    <ele>472.9</ele>
    <time>2026-06-06T01:40:40Z</time>
   </trkpt>
   <trkpt lat="47.6150420" lon="-120.6701740">
    <ele>473.0</ele>
    <time>2026-06-06T01:40:41Z</time>
   </trkpt>
   <trkpt lat="47.6150690" lon="-120.6701920">
    <ele>473.3</ele>
    <time>2026-06-06T01:40:42Z</time>
   </trkpt>
   <trkpt lat="47.6151000" lon="-120.6702230">
    <ele>473.6</ele>
    <time>2026-06-06T01:40:43Z</time>
   </trkpt>
   <trkpt lat="47.6151090" lon="-120.6702350">
    <ele>473.8</ele>
    <time>2026-06-06T01:40:44Z</time>
   </trkpt>
   <trkpt lat="47.6151420" lon="-120.6702680">
    <ele>474.1</ele>
    <time>2026-06-06T01:40:45Z</time>
   </trkpt>
   <trkpt lat="47.6151520" lon="-120.6702810">
    <ele>474.3</ele>
    <time>2026-06-06T01:40:46Z</time>
   </trkpt>
   <trkpt lat="47.6151780" lon="-120.6703240">
    <ele>474.6</ele>
    <time>2026-06-06T01:40:47Z</time>
   </trkpt>
   <trkpt lat="47.6151850" lon="-120.6703390">
    <ele>474.7</ele>
    <time>2026-06-06T01:40:48Z</time>
   </trkpt>
   <trkpt lat="47.6152000" lon="-120.6703830">
    <ele>475.0</ele>
    <time>2026-06-06T01:40:49Z</time>
   </trkpt>
   <trkpt lat="47.6152040" lon="-120.6703980">
    <ele>475.1</ele>
    <time>2026-06-06T01:40:50Z</time>
   </trkpt>
   <trkpt lat="47.6152210" lon="-120.6704380">
    <ele>475.3</ele>
    <time>2026-06-06T01:40:51Z</time>
   </trkpt>
   <trkpt lat="47.6152270" lon="-120.6704510">
    <ele>475.4</ele>
    <time>2026-06-06T01:40:52Z</time>
   </trkpt>
   <trkpt lat="47.6152480" lon="-120.6704800">
    <ele>475.5</ele>
    <time>2026-06-06T01:40:53Z</time>
   </trkpt>
   <trkpt lat="47.6152550" lon="-120.6704900">
    <ele>475.6</ele>
    <time>2026-06-06T01:40:54Z</time>
   </trkpt>
   <trkpt lat="47.6152770" lon="-120.6705170">
    <ele>475.7</ele>
    <time>2026-06-06T01:40:55Z</time>
   </trkpt>
   <trkpt lat="47.6152830" lon="-120.6705270">
    <ele>475.7</ele>
    <time>2026-06-06T01:40:56Z</time>
   </trkpt>
   <trkpt lat="47.6153060" lon="-120.6705520">
    <ele>475.8</ele>
    <time>2026-06-06T01:40:57Z</time>
   </trkpt>
   <trkpt lat="47.6153130" lon="-120.6705620">
    <ele>475.8</ele>
    <time>2026-06-06T01:40:58Z</time>
   </trkpt>
   <trkpt lat="47.6153240" lon="-120.6705830">
    <ele>475.8</ele>
    <time>2026-06-06T01:40:59Z</time>
   </trkpt>
   <trkpt lat="47.6153350" lon="-120.6706040">
    <ele>475.8</ele>
    <time>2026-06-06T01:41:00Z</time>
   </trkpt>
   <trkpt lat="47.6153430" lon="-120.6706250">
    <ele>475.8</ele>
    <time>2026-06-06T01:41:01Z</time>
   </trkpt>
   <trkpt lat="47.6153510" lon="-120.6706460">
    <ele>475.8</ele>
    <time>2026-06-06T01:41:02Z</time>
   </trkpt>
   <trkpt lat="47.6153690" lon="-120.6706670">
    <ele>475.8</ele>
    <time>2026-06-06T01:41:03Z</time>
   </trkpt>
   <trkpt lat="47.6153750" lon="-120.6706730">
    <ele>475.8</ele>
    <time>2026-06-06T01:41:04Z</time>
   </trkpt>
   <trkpt lat="47.6153810" lon="-120.6706790">
    <ele>475.8</ele>
    <time>2026-06-06T01:41:05Z</time>
   </trkpt>
   <trkpt lat="47.6153950" lon="-120.6706860">
    <ele>475.8</ele>
    <time>2026-06-06T01:41:06Z</time>
   </trkpt>
   <trkpt lat="47.6153980" lon="-120.6706940">
    <ele>475.8</ele>
    <time>2026-06-06T01:41:07Z</time>
   </trkpt>
   <trkpt lat="47.6154050" lon="-120.6707090">
    <ele>475.7</ele>
    <time>2026-06-06T01:41:08Z</time>
   </trkpt>
   <trkpt lat="47.6154030" lon="-120.6707190">
    <ele>475.7</ele>
    <time>2026-06-06T01:41:09Z</time>
   </trkpt>
   <trkpt lat="47.6153890" lon="-120.6707240">
    <ele>475.7</ele>
    <time>2026-06-06T01:41:10Z</time>
   </trkpt>
   <trkpt lat="47.6153730" lon="-120.6707140">
    <ele>475.7</ele>
    <time>2026-06-06T01:41:11Z</time>
   </trkpt>
   <trkpt lat="47.6153630" lon="-120.6706930">
    <ele>475.7</ele>
    <time>2026-06-06T01:41:12Z</time>
   </trkpt>
   <trkpt lat="47.6153540" lon="-120.6706710">
    <ele>475.7</ele>
    <time>2026-06-06T01:41:13Z</time>
   </trkpt>
   <trkpt lat="47.6153330" lon="-120.6706420">
    <ele>475.7</ele>
    <time>2026-06-06T01:41:14Z</time>
   </trkpt>
   <trkpt lat="47.6153260" lon="-120.6706340">
    <ele>475.7</ele>
    <time>2026-06-06T01:41:15Z</time>
   </trkpt>
   <trkpt lat="47.6153170" lon="-120.6706200">
    <ele>475.7</ele>
    <time>2026-06-06T01:41:16Z</time>
   </trkpt>
   <trkpt lat="47.6153060" lon="-120.6706040">
    <ele>475.7</ele>
    <time>2026-06-06T01:41:17Z</time>
   </trkpt>
   <trkpt lat="47.6152980" lon="-120.6705950">
    <ele>475.7</ele>
    <time>2026-06-06T01:41:18Z</time>
   </trkpt>
   <trkpt lat="47.6152930" lon="-120.6705810">
    <ele>475.7</ele>
    <time>2026-06-06T01:41:19Z</time>
   </trkpt>
   <trkpt lat="47.6152840" lon="-120.6705620">
    <ele>475.8</ele>
    <time>2026-06-06T01:41:20Z</time>
   </trkpt>
   <trkpt lat="47.6152660" lon="-120.6705310">
    <ele>475.9</ele>
    <time>2026-06-06T01:41:21Z</time>
   </trkpt>
   <trkpt lat="47.6152590" lon="-120.6705200">
    <ele>475.9</ele>
    <time>2026-06-06T01:41:22Z</time>
   </trkpt>
   <trkpt lat="47.6152370" lon="-120.6704870">
    <ele>476.1</ele>
    <time>2026-06-06T01:41:23Z</time>
   </trkpt>
   <trkpt lat="47.6152280" lon="-120.6704770">
    <ele>476.1</ele>
    <time>2026-06-06T01:41:24Z</time>
   </trkpt>
   <trkpt lat="47.6152010" lon="-120.6704460">
    <ele>476.3</ele>
    <time>2026-06-06T01:41:25Z</time>
   </trkpt>
   <trkpt lat="47.6151910" lon="-120.6704390">
    <ele>476.4</ele>
    <time>2026-06-06T01:41:26Z</time>
   </trkpt>
   <trkpt lat="47.6151640" lon="-120.6704220">
    <ele>476.7</ele>
    <time>2026-06-06T01:41:27Z</time>
   </trkpt>
   <trkpt lat="47.6151540" lon="-120.6704180">
    <ele>476.7</ele>
    <time>2026-06-06T01:41:28Z</time>
   </trkpt>
   <trkpt lat="47.6151250" lon="-120.6703990">
    <ele>477.0</ele>
    <time>2026-06-06T01:41:29Z</time>
   </trkpt>
   <trkpt lat="47.6151170" lon="-120.6703920">
    <ele>477.1</ele>
    <time>2026-06-06T01:41:30Z</time>
   </trkpt>
   <trkpt lat="47.6150880" lon="-120.6703820">
    <ele>477.4</ele>
    <time>2026-06-06T01:41:31Z</time>
   </trkpt>
   <trkpt lat="47.6150550" lon="-120.6703720">
    <ele>477.7</ele>
    <time>2026-06-06T01:41:32Z</time>
   </trkpt>
   <trkpt lat="47.6150200" lon="-120.6703650">
    <ele>478.0</ele>
    <time>2026-06-06T01:41:33Z</time>
   </trkpt>
   <trkpt lat="47.6149830" lon="-120.6703660">
    <ele>478.3</ele>
    <time>2026-06-06T01:41:34Z</time>
   </trkpt>
   <trkpt lat="47.6149560" lon="-120.6703690">
    <ele>478.6</ele>
    <time>2026-06-06T01:41:35Z</time>
   </trkpt>
   <trkpt lat="47.6149440" lon="-120.6703700">
    <ele>478.7</ele>
    <time>2026-06-06T01:41:36Z</time>
   </trkpt>
   <trkpt lat="47.6149060" lon="-120.6703590">
    <ele>479.0</ele>
    <time>2026-06-06T01:41:37Z</time>
   </trkpt>
   <trkpt lat="47.6148940" lon="-120.6703550">
    <ele>479.1</ele>
    <time>2026-06-06T01:41:38Z</time>
   </trkpt>
   <trkpt lat="47.6148660" lon="-120.6703530">
    <ele>479.4</ele>
    <time>2026-06-06T01:41:39Z</time>
   </trkpt>
   <trkpt lat="47.6148280" lon="-120.6703570">
    <ele>479.7</ele>
    <time>2026-06-06T01:41:40Z</time>
   </trkpt>
   <trkpt lat="47.6148160" lon="-120.6703590">
    <ele>479.8</ele>
    <time>2026-06-06T01:41:41Z</time>
   </trkpt>
   <trkpt lat="47.6147810" lon="-120.6703730">
    <ele>480.1</ele>
    <time>2026-06-06T01:41:42Z</time>
   </trkpt>
   <trkpt lat="47.6147700" lon="-120.6703800">
    <ele>480.2</ele>
    <time>2026-06-06T01:41:43Z</time>
   </trkpt>
   <trkpt lat="47.6147400" lon="-120.6703870">
    <ele>480.3</ele>
    <time>2026-06-06T01:41:44Z</time>
   </trkpt>
   <trkpt lat="47.6147300" lon="-120.6703880">
    <ele>480.4</ele>
    <time>2026-06-06T01:41:45Z</time>
   </trkpt>
   <trkpt lat="47.6147030" lon="-120.6703900">
    <ele>480.6</ele>
    <time>2026-06-06T01:41:46Z</time>
   </trkpt>
   <trkpt lat="47.6146940" lon="-120.6703900">
    <ele>480.6</ele>
    <time>2026-06-06T01:41:47Z</time>
   </trkpt>
   <trkpt lat="47.6146780" lon="-120.6704030">
    <ele>480.7</ele>
    <time>2026-06-06T01:41:48Z</time>
   </trkpt>
   <trkpt lat="47.6146650" lon="-120.6704170">
    <ele>480.8</ele>
    <time>2026-06-06T01:41:49Z</time>
   </trkpt>
   <trkpt lat="47.6146400" lon="-120.6704340">
    <ele>480.9</ele>
    <time>2026-06-06T01:41:50Z</time>
   </trkpt>
   <trkpt lat="47.6146310" lon="-120.6704380">
    <ele>480.9</ele>
    <time>2026-06-06T01:41:51Z</time>
   </trkpt>
   <trkpt lat="47.6146020" lon="-120.6704580">
    <ele>481.0</ele>
    <time>2026-06-06T01:41:52Z</time>
   </trkpt>
   <trkpt lat="47.6145900" lon="-120.6704660">
    <ele>481.0</ele>
    <time>2026-06-06T01:41:53Z</time>
   </trkpt>
   <trkpt lat="47.6145580" lon="-120.6704970">
    <ele>481.1</ele>
    <time>2026-06-06T01:41:54Z</time>
   </trkpt>
   <trkpt lat="47.6145140" lon="-120.6705440">
    <ele>481.2</ele>
    <time>2026-06-06T01:41:55Z</time>
   </trkpt>
   <trkpt lat="47.6144650" lon="-120.6706000">
    <ele>481.2</ele>
    <time>2026-06-06T01:41:56Z</time>
   </trkpt>
   <trkpt lat="47.6144350" lon="-120.6706630">
    <ele>481.3</ele>
    <time>2026-06-06T01:41:57Z</time>
   </trkpt>
   <trkpt lat="47.6144120" lon="-120.6707300">
    <ele>481.3</ele>
    <time>2026-06-06T01:41:58Z</time>
   </trkpt>
   <trkpt lat="47.6143990" lon="-120.6707950">
    <ele>481.3</ele>
    <time>2026-06-06T01:41:59Z</time>
   </trkpt>
   <trkpt lat="47.6143940" lon="-120.6708340">
    <ele>481.3</ele>
    <time>2026-06-06T01:42:00Z</time>
   </trkpt>
   <trkpt lat="47.6143870" lon="-120.6708860">
    <ele>481.3</ele>
    <time>2026-06-06T01:42:01Z</time>
   </trkpt>
   <trkpt lat="47.6143850" lon="-120.6709040">
    <ele>481.3</ele>
    <time>2026-06-06T01:42:02Z</time>
   </trkpt>
   <trkpt lat="47.6143700" lon="-120.6709550">
    <ele>481.3</ele>
    <time>2026-06-06T01:42:03Z</time>
   </trkpt>
   <trkpt lat="47.6143650" lon="-120.6709690">
    <ele>481.3</ele>
    <time>2026-06-06T01:42:04Z</time>
   </trkpt>
   <trkpt lat="47.6143600" lon="-120.6709950">
    <ele>481.4</ele>
    <time>2026-06-06T01:42:05Z</time>
   </trkpt>
   <trkpt lat="47.6143550" lon="-120.6710190">
    <ele>481.4</ele>
    <time>2026-06-06T01:42:06Z</time>
   </trkpt>
   <trkpt lat="47.6143490" lon="-120.6710400">
    <ele>481.4</ele>
    <time>2026-06-06T01:42:07Z</time>
   </trkpt>
   <trkpt lat="47.6143420" lon="-120.6710590">
    <ele>481.4</ele>
    <time>2026-06-06T01:42:08Z</time>
   </trkpt>
   <trkpt lat="47.6143340" lon="-120.6710800">
    <ele>481.4</ele>
    <time>2026-06-06T01:42:09Z</time>
   </trkpt>
   <trkpt lat="47.6143240" lon="-120.6711040">
    <ele>481.4</ele>
    <time>2026-06-06T01:42:10Z</time>
   </trkpt>
   <trkpt lat="47.6143100" lon="-120.6711400">
    <ele>481.4</ele>
    <time>2026-06-06T01:42:11Z</time>
   </trkpt>
   <trkpt lat="47.6143050" lon="-120.6711510">
    <ele>481.4</ele>
    <time>2026-06-06T01:42:12Z</time>
   </trkpt>
   <trkpt lat="47.6142930" lon="-120.6711900">
    <ele>481.5</ele>
    <time>2026-06-06T01:42:13Z</time>
   </trkpt>
   <trkpt lat="47.6142880" lon="-120.6712020">
    <ele>481.5</ele>
    <time>2026-06-06T01:42:14Z</time>
   </trkpt>
   <trkpt lat="47.6142810" lon="-120.6712460">
    <ele>481.5</ele>
    <time>2026-06-06T01:42:15Z</time>
   </trkpt>
   <trkpt lat="47.6142790" lon="-120.6712610">
    <ele>481.5</ele>
    <time>2026-06-06T01:42:16Z</time>
   </trkpt>
   <trkpt lat="47.6142800" lon="-120.6712890">
    <ele>481.6</ele>
    <time>2026-06-06T01:42:17Z</time>
   </trkpt>
   <trkpt lat="47.6142850" lon="-120.6713130">
    <ele>481.6</ele>
    <time>2026-06-06T01:42:18Z</time>
   </trkpt>
   <trkpt lat="47.6143030" lon="-120.6713450">
    <ele>481.7</ele>
    <time>2026-06-06T01:42:19Z</time>
   </trkpt>
   <trkpt lat="47.6143110" lon="-120.6713540">
    <ele>481.7</ele>
    <time>2026-06-06T01:42:20Z</time>
   </trkpt>
   <trkpt lat="47.6143280" lon="-120.6713620">
    <ele>481.8</ele>
    <time>2026-06-06T01:42:21Z</time>
   </trkpt>
   <trkpt lat="47.6143460" lon="-120.6713590">
    <ele>481.8</ele>
    <time>2026-06-06T01:42:22Z</time>
   </trkpt>
   <trkpt lat="47.6143640" lon="-120.6713520">
    <ele>481.9</ele>
    <time>2026-06-06T01:42:23Z</time>
   </trkpt>
   <trkpt lat="47.6143800" lon="-120.6713380">
    <ele>482.0</ele>
    <time>2026-06-06T01:42:24Z</time>
   </trkpt>
   <trkpt lat="47.6143920" lon="-120.6713240">
    <ele>482.1</ele>
    <time>2026-06-06T01:42:25Z</time>
   </trkpt>
   <trkpt lat="47.6144020" lon="-120.6713010">
    <ele>482.2</ele>
    <time>2026-06-06T01:42:26Z</time>
   </trkpt>
   <trkpt lat="47.6144100" lon="-120.6712620">
    <ele>482.3</ele>
    <time>2026-06-06T01:42:27Z</time>
   </trkpt>
   <trkpt lat="47.6144120" lon="-120.6712490">
    <ele>482.4</ele>
    <time>2026-06-06T01:42:28Z</time>
   </trkpt>
   <trkpt lat="47.6144190" lon="-120.6712080">
    <ele>482.6</ele>
    <time>2026-06-06T01:42:29Z</time>
   </trkpt>
   <trkpt lat="47.6144220" lon="-120.6711950">
    <ele>482.7</ele>
    <time>2026-06-06T01:42:30Z</time>
   </trkpt>
   <trkpt lat="47.6144340" lon="-120.6711390">
    <ele>483.0</ele>
    <time>2026-06-06T01:42:31Z</time>
   </trkpt>
   <trkpt lat="47.6144410" lon="-120.6711190">
    <ele>483.2</ele>
    <time>2026-06-06T01:42:32Z</time>
   </trkpt>
   <trkpt lat="47.6144540" lon="-120.6710810">
    <ele>483.4</ele>
    <time>2026-06-06T01:42:33Z</time>
   </trkpt>
   <trkpt lat="47.6144640" lon="-120.6710380">
    <ele>483.7</ele>
    <time>2026-06-06T01:42:34Z</time>
   </trkpt>
   <trkpt lat="47.6144780" lon="-120.6710020">
    <ele>484.0</ele>
    <time>2026-06-06T01:42:35Z</time>
   </trkpt>
   <trkpt lat="47.6144980" lon="-120.6709690">
    <ele>484.4</ele>
    <time>2026-06-06T01:42:36Z</time>
   </trkpt>
   <trkpt lat="47.6145210" lon="-120.6709440">
    <ele>484.7</ele>
    <time>2026-06-06T01:42:37Z</time>
   </trkpt>
   <trkpt lat="47.6145490" lon="-120.6709100">
    <ele>485.1</ele>
    <time>2026-06-06T01:42:38Z</time>
   </trkpt>
   <trkpt lat="47.6145580" lon="-120.6708970">
    <ele>485.2</ele>
    <time>2026-06-06T01:42:39Z</time>
   </trkpt>
   <trkpt lat="47.6145830" lon="-120.6708790">
    <ele>485.5</ele>
    <time>2026-06-06T01:42:40Z</time>
   </trkpt>
   <trkpt lat="47.6146140" lon="-120.6708430">
    <ele>485.9</ele>
    <time>2026-06-06T01:42:41Z</time>
   </trkpt>
   <trkpt lat="47.6146230" lon="-120.6708310">
    <ele>486.0</ele>
    <time>2026-06-06T01:42:42Z</time>
   </trkpt>
   <trkpt lat="47.6146460" lon="-120.6708040">
    <ele>486.3</ele>
    <time>2026-06-06T01:42:43Z</time>
   </trkpt>
   <trkpt lat="47.6146720" lon="-120.6707900">
    <ele>486.5</ele>
    <time>2026-06-06T01:42:44Z</time>
   </trkpt>
   <trkpt lat="47.6147010" lon="-120.6707890">
    <ele>486.7</ele>
    <time>2026-06-06T01:42:45Z</time>
   </trkpt>
   <trkpt lat="47.6147310" lon="-120.6707840">
    <ele>486.8</ele>
    <time>2026-06-06T01:42:46Z</time>
   </trkpt>
   <trkpt lat="47.6147610" lon="-120.6707900">
    <ele>487.0</ele>
    <time>2026-06-06T01:42:47Z</time>
   </trkpt>
   <trkpt lat="47.6147920" lon="-120.6707860">
    <ele>487.1</ele>
    <time>2026-06-06T01:42:48Z</time>
   </trkpt>
   <trkpt lat="47.6148310" lon="-120.6707790">
    <ele>487.2</ele>
    <time>2026-06-06T01:42:49Z</time>
   </trkpt>
   <trkpt lat="47.6148430" lon="-120.6707800">
    <ele>487.2</ele>
    <time>2026-06-06T01:42:50Z</time>
   </trkpt>
   <trkpt lat="47.6148780" lon="-120.6707800">
    <ele>487.3</ele>
    <time>2026-06-06T01:42:51Z</time>
   </trkpt>
   <trkpt lat="47.6148900" lon="-120.6707790">
    <ele>487.3</ele>
    <time>2026-06-06T01:42:52Z</time>
   </trkpt>
   <trkpt lat="47.6149240" lon="-120.6707780">
    <ele>487.4</ele>
    <time>2026-06-06T01:42:53Z</time>
   </trkpt>
   <trkpt lat="47.6149340" lon="-120.6707770">
    <ele>487.4</ele>
    <time>2026-06-06T01:42:54Z</time>
   </trkpt>
   <trkpt lat="47.6149710" lon="-120.6707760">
    <ele>487.4</ele>
    <time>2026-06-06T01:42:55Z</time>
   </trkpt>
   <trkpt lat="47.6149840" lon="-120.6707750">
    <ele>487.5</ele>
    <time>2026-06-06T01:42:56Z</time>
   </trkpt>
   <trkpt lat="47.6150230" lon="-120.6707790">
    <ele>487.5</ele>
    <time>2026-06-06T01:42:57Z</time>
   </trkpt>
   <trkpt lat="47.6150350" lon="-120.6707840">
    <ele>487.5</ele>
    <time>2026-06-06T01:42:58Z</time>
   </trkpt>
   <trkpt lat="47.6150670" lon="-120.6708160">
    <ele>487.6</ele>
    <time>2026-06-06T01:42:59Z</time>
   </trkpt>
   <trkpt lat="47.6150770" lon="-120.6708260">
    <ele>487.6</ele>
    <time>2026-06-06T01:43:00Z</time>
   </trkpt>
   <trkpt lat="47.6151120" lon="-120.6708460">
    <ele>487.7</ele>
    <time>2026-06-06T01:43:01Z</time>
   </trkpt>
   <trkpt lat="47.6151230" lon="-120.6708530">
    <ele>487.7</ele>
    <time>2026-06-06T01:43:02Z</time>
   </trkpt>
   <trkpt lat="47.6151510" lon="-120.6708800">
    <ele>487.8</ele>
    <time>2026-06-06T01:43:03Z</time>
   </trkpt>
   <trkpt lat="47.6151590" lon="-120.6708900">
    <ele>487.8</ele>
    <time>2026-06-06T01:43:04Z</time>
   </trkpt>
   <trkpt lat="47.6151850" lon="-120.6709150">
    <ele>487.9</ele>
    <time>2026-06-06T01:43:05Z</time>
   </trkpt>
   <trkpt lat="47.6151930" lon="-120.6709230">
    <ele>488.0</ele>
    <time>2026-06-06T01:43:06Z</time>
   </trkpt>
   <trkpt lat="47.6152180" lon="-120.6709480">
    <ele>488.1</ele>
    <time>2026-06-06T01:43:07Z</time>
   </trkpt>
   <trkpt lat="47.6152260" lon="-120.6709570">
    <ele>488.1</ele>
    <time>2026-06-06T01:43:08Z</time>
   </trkpt>
   <trkpt lat="47.6152490" lon="-120.6709810">
    <ele>488.2</ele>
    <time>2026-06-06T01:43:09Z</time>
   </trkpt>
   <trkpt lat="47.6152550" lon="-120.6709920">
    <ele>488.3</ele>
    <time>2026-06-06T01:43:10Z</time>
   </trkpt>
   <trkpt lat="47.6152700" lon="-120.6710080">
    <ele>488.4</ele>
    <time>2026-06-06T01:43:11Z</time>
   </trkpt>
   <trkpt lat="47.6152860" lon="-120.6710190">
    <ele>488.4</ele>
    <time>2026-06-06T01:43:12Z</time>
   </trkpt>
   <trkpt lat="47.6153090" lon="-120.6710390">
    <ele>488.5</ele>
    <time>2026-06-06T01:43:13Z</time>
   </trkpt>
   <trkpt lat="47.6153170" lon="-120.6710450">
    <ele>488.6</ele>
    <time>2026-06-06T01:43:14Z</time>
   </trkpt>
   <trkpt lat="47.6153400" lon="-120.6710700">
    <ele>488.7</ele>
    <time>2026-06-06T01:43:15Z</time>
   </trkpt>
   <trkpt lat="47.6153470" lon="-120.6710770">
    <ele>488.7</ele>
    <time>2026-06-06T01:43:16Z</time>
   </trkpt>
   <trkpt lat="47.6153770" lon="-120.6710910">
    <ele>488.9</ele>
    <time>2026-06-06T01:43:17Z</time>
   </trkpt>
   <trkpt lat="47.6153870" lon="-120.6710960">
    <ele>488.9</ele>
    <time>2026-06-06T01:43:18Z</time>
   </trkpt>
   <trkpt lat="47.6154250" lon="-120.6710930">
    <ele>489.0</ele>
    <time>2026-06-06T01:43:19Z</time>
   </trkpt>
   <trkpt lat="47.6154380" lon="-120.6710900">
    <ele>489.1</ele>
    <time>2026-06-06T01:43:20Z</time>
   </trkpt>
   <trkpt lat="47.6154770" lon="-120.6710980">
    <ele>489.2</ele>
    <time>2026-06-06T01:43:21Z</time>
   </trkpt>
   <trkpt lat="47.6154890" lon="-120.6711030">
    <ele>489.2</ele>
    <time>2026-06-06T01:43:22Z</time>
   </trkpt>
   <trkpt lat="47.6155200" lon="-120.6711180">
    <ele>489.3</ele>
    <time>2026-06-06T01:43:23Z</time>
   </trkpt>
   <trkpt lat="47.6155510" lon="-120.6711390">
    <ele>489.4</ele>
    <time>2026-06-06T01:43:24Z</time>
   </trkpt>
   <trkpt lat="47.6155810" lon="-120.6711600">
    <ele>489.5</ele>
    <time>2026-06-06T01:43:25Z</time>
   </trkpt>
   <trkpt lat="47.6156130" lon="-120.6711720">
    <ele>489.6</ele>
    <time>2026-06-06T01:43:26Z</time>
   </trkpt>
   <trkpt lat="47.6156460" lon="-120.6711810">
    <ele>489.7</ele>
    <time>2026-06-06T01:43:27Z</time>
   </trkpt>
   <trkpt lat="47.6156750" lon="-120.6712000">
    <ele>489.9</ele>
    <time>2026-06-06T01:43:28Z</time>
   </trkpt>
   <trkpt lat="47.6157030" lon="-120.6712180">
    <ele>490.0</ele>
    <time>2026-06-06T01:43:29Z</time>
   </trkpt>
   <trkpt lat="47.6157310" lon="-120.6712340">
    <ele>490.3</ele>
    <time>2026-06-06T01:43:30Z</time>
   </trkpt>
   <trkpt lat="47.6157600" lon="-120.6712430">
    <ele>490.5</ele>
    <time>2026-06-06T01:43:31Z</time>
   </trkpt>
   <trkpt lat="47.6157890" lon="-120.6712500">
    <ele>490.8</ele>
    <time>2026-06-06T01:43:32Z</time>
   </trkpt>
   <trkpt lat="47.6158180" lon="-120.6712640">
    <ele>491.1</ele>
    <time>2026-06-06T01:43:33Z</time>
   </trkpt>
   <trkpt lat="47.6158460" lon="-120.6712800">
    <ele>491.4</ele>
    <time>2026-06-06T01:43:34Z</time>
   </trkpt>
   <trkpt lat="47.6158740" lon="-120.6712950">
    <ele>491.8</ele>
    <time>2026-06-06T01:43:35Z</time>
   </trkpt>
   <trkpt lat="47.6159020" lon="-120.6713120">
    <ele>492.2</ele>
    <time>2026-06-06T01:43:36Z</time>
   </trkpt>
   <trkpt lat="47.6159290" lon="-120.6713330">
    <ele>492.5</ele>
    <time>2026-06-06T01:43:37Z</time>
   </trkpt>
   <trkpt lat="47.6159530" lon="-120.6713530">
    <ele>492.8</ele>
    <time>2026-06-06T01:43:38Z</time>
   </trkpt>
   <trkpt lat="47.6159880" lon="-120.6713800">
    <ele>493.2</ele>
    <time>2026-06-06T01:43:39Z</time>
   </trkpt>
   <trkpt lat="47.6160180" lon="-120.6714110">
    <ele>493.6</ele>
    <time>2026-06-06T01:43:40Z</time>
   </trkpt>
   <trkpt lat="47.6160490" lon="-120.6714440">
    <ele>493.9</ele>
    <time>2026-06-06T01:43:41Z</time>
   </trkpt>
   <trkpt lat="47.6160730" lon="-120.6714770">
    <ele>494.1</ele>
    <time>2026-06-06T01:43:42Z</time>
   </trkpt>
   <trkpt lat="47.6161000" lon="-120.6715090">
    <ele>494.4</ele>
    <time>2026-06-06T01:43:43Z</time>
   </trkpt>
   <trkpt lat="47.6161300" lon="-120.6715390">
    <ele>494.6</ele>
    <time>2026-06-06T01:43:44Z</time>
   </trkpt>
   <trkpt lat="47.6161590" lon="-120.6715620">
    <ele>494.8</ele>
    <time>2026-06-06T01:43:45Z</time>
   </trkpt>
   <trkpt lat="47.6161870" lon="-120.6715820">
    <ele>495.0</ele>
    <time>2026-06-06T01:43:46Z</time>
   </trkpt>
   <trkpt lat="47.6161710" lon="-120.6716060">
    <ele>495.1</ele>
    <time>2026-06-06T01:43:47Z</time>
   </trkpt>
   <trkpt lat="47.6161610" lon="-120.6716010">
    <ele>495.2</ele>
    <time>2026-06-06T01:43:48Z</time>
   </trkpt>
   <trkpt lat="47.6161520" lon="-120.6715970">
    <ele>495.2</ele>
    <time>2026-06-06T01:43:49Z</time>
   </trkpt>
   <trkpt lat="47.6161270" lon="-120.6715620">
    <ele>495.4</ele>
    <time>2026-06-06T01:43:50Z</time>
   </trkpt>
   <trkpt lat="47.6161190" lon="-120.6715510">
    <ele>495.5</ele>
    <time>2026-06-06T01:43:51Z</time>
   </trkpt>
   <trkpt lat="47.6161010" lon="-120.6715340">
    <ele>495.6</ele>
    <time>2026-06-06T01:43:52Z</time>
   </trkpt>
   <trkpt lat="47.6160940" lon="-120.6715290">
    <ele>495.6</ele>
    <time>2026-06-06T01:43:53Z</time>
   </trkpt>
   <trkpt lat="47.6160880" lon="-120.6715230">
    <ele>495.7</ele>
    <time>2026-06-06T01:43:54Z</time>
   </trkpt>
   <trkpt lat="47.6160700" lon="-120.6715100">
    <ele>495.8</ele>
    <time>2026-06-06T01:43:55Z</time>
   </trkpt>
   <trkpt lat="47.6160570" lon="-120.6714960">
    <ele>495.9</ele>
    <time>2026-06-06T01:43:56Z</time>
   </trkpt>
   <trkpt lat="47.6160490" lon="-120.6714800">
    <ele>496.0</ele>
    <time>2026-06-06T01:43:57Z</time>
   </trkpt>
   <trkpt lat="47.6160370" lon="-120.6714680">
    <ele>496.0</ele>
    <time>2026-06-06T01:43:58Z</time>
   </trkpt>
   <trkpt lat="47.6160260" lon="-120.6714530">
    <ele>496.1</ele>
    <time>2026-06-06T01:43:59Z</time>
   </trkpt>
   <trkpt lat="47.6160150" lon="-120.6714340">
    <ele>496.2</ele>
    <time>2026-06-06T01:44:00Z</time>
   </trkpt>
   <trkpt lat="47.6160020" lon="-120.6714170">
    <ele>496.3</ele>
    <time>2026-06-06T01:44:01Z</time>
   </trkpt>
   <trkpt lat="47.6159850" lon="-120.6714030">
    <ele>496.5</ele>
    <time>2026-06-06T01:44:02Z</time>
   </trkpt>
   <trkpt lat="47.6159610" lon="-120.6713680">
    <ele>496.7</ele>
    <time>2026-06-06T01:44:03Z</time>
   </trkpt>
   <trkpt lat="47.6159530" lon="-120.6713570">
    <ele>496.7</ele>
    <time>2026-06-06T01:44:04Z</time>
   </trkpt>
   <trkpt lat="47.6159180" lon="-120.6713240">
    <ele>497.0</ele>
    <time>2026-06-06T01:44:05Z</time>
   </trkpt>
   <trkpt lat="47.6159030" lon="-120.6713140">
    <ele>497.1</ele>
    <time>2026-06-06T01:44:06Z</time>
   </trkpt>
   <trkpt lat="47.6158660" lon="-120.6712970">
    <ele>497.3</ele>
    <time>2026-06-06T01:44:07Z</time>
   </trkpt>
   <trkpt lat="47.6158520" lon="-120.6712940">
    <ele>497.4</ele>
    <time>2026-06-06T01:44:08Z</time>
   </trkpt>
   <trkpt lat="47.6158230" lon="-120.6712930">
    <ele>497.6</ele>
    <time>2026-06-06T01:44:09Z</time>
   </trkpt>
   <trkpt lat="47.6157940" lon="-120.6712880">
    <ele>497.8</ele>
    <time>2026-06-06T01:44:10Z</time>
   </trkpt>
   <trkpt lat="47.6157650" lon="-120.6712840">
    <ele>497.9</ele>
    <time>2026-06-06T01:44:11Z</time>
   </trkpt>
   <trkpt lat="47.6157310" lon="-120.6712750">
    <ele>498.1</ele>
    <time>2026-06-06T01:44:12Z</time>
   </trkpt>
   <trkpt lat="47.6157010" lon="-120.6712680">
    <ele>498.2</ele>
    <time>2026-06-06T01:44:13Z</time>
   </trkpt>
   <trkpt lat="47.6156760" lon="-120.6712540">
    <ele>498.3</ele>
    <time>2026-06-06T01:44:14Z</time>
   </trkpt>
   <trkpt lat="47.6156470" lon="-120.6712420">
    <ele>498.3</ele>
    <time>2026-06-06T01:44:15Z</time>
   </trkpt>
   <trkpt lat="47.6156360" lon="-120.6712390">
    <ele>498.4</ele>
    <time>2026-06-06T01:44:16Z</time>
   </trkpt>
   <trkpt lat="47.6155990" lon="-120.6712220">
    <ele>498.5</ele>
    <time>2026-06-06T01:44:17Z</time>
   </trkpt>
   <trkpt lat="47.6155840" lon="-120.6712170">
    <ele>498.5</ele>
    <time>2026-06-06T01:44:18Z</time>
   </trkpt>
   <trkpt lat="47.6155510" lon="-120.6712070">
    <ele>498.6</ele>
    <time>2026-06-06T01:44:19Z</time>
   </trkpt>
   <trkpt lat="47.6155390" lon="-120.6712060">
    <ele>498.6</ele>
    <time>2026-06-06T01:44:20Z</time>
   </trkpt>
   <trkpt lat="47.6155050" lon="-120.6711940">
    <ele>498.7</ele>
    <time>2026-06-06T01:44:21Z</time>
   </trkpt>
   <trkpt lat="47.6154930" lon="-120.6711910">
    <ele>498.8</ele>
    <time>2026-06-06T01:44:22Z</time>
   </trkpt>
   <trkpt lat="47.6154590" lon="-120.6711830">
    <ele>498.9</ele>
    <time>2026-06-06T01:44:23Z</time>
   </trkpt>
   <trkpt lat="47.6154480" lon="-120.6711820">
    <ele>498.9</ele>
    <time>2026-06-06T01:44:24Z</time>
   </trkpt>
   <trkpt lat="47.6154100" lon="-120.6711750">
    <ele>499.1</ele>
    <time>2026-06-06T01:44:25Z</time>
   </trkpt>
   <trkpt lat="47.6153960" lon="-120.6711730">
    <ele>499.1</ele>
    <time>2026-06-06T01:44:26Z</time>
   </trkpt>
   <trkpt lat="47.6153580" lon="-120.6711620">
    <ele>499.2</ele>
    <time>2026-06-06T01:44:27Z</time>
   </trkpt>
   <trkpt lat="47.6153450" lon="-120.6711580">
    <ele>499.3</ele>
    <time>2026-06-06T01:44:28Z</time>
   </trkpt>
   <trkpt lat="47.6153110" lon="-120.6711440">
    <ele>499.4</ele>
    <time>2026-06-06T01:44:29Z</time>
   </trkpt>
   <trkpt lat="47.6152740" lon="-120.6711200">
    <ele>499.6</ele>
    <time>2026-06-06T01:44:30Z</time>
   </trkpt>
   <trkpt lat="47.6152430" lon="-120.6710930">
    <ele>499.8</ele>
    <time>2026-06-06T01:44:31Z</time>
   </trkpt>
   <trkpt lat="47.6152130" lon="-120.6710640">
    <ele>500.1</ele>
    <time>2026-06-06T01:44:32Z</time>
   </trkpt>
   <trkpt lat="47.6151820" lon="-120.6710440">
    <ele>500.3</ele>
    <time>2026-06-06T01:44:33Z</time>
   </trkpt>
   <trkpt lat="47.6151520" lon="-120.6710320">
    <ele>500.6</ele>
    <time>2026-06-06T01:44:34Z</time>
   </trkpt>
   <trkpt lat="47.6151250" lon="-120.6710210">
    <ele>500.9</ele>
    <time>2026-06-06T01:44:35Z</time>
   </trkpt>
   <trkpt lat="47.6150940" lon="-120.6710220">
    <ele>501.2</ele>
    <time>2026-06-06T01:44:36Z</time>
   </trkpt>
   <trkpt lat="47.6150490" lon="-120.6710120">
    <ele>501.6</ele>
    <time>2026-06-06T01:44:37Z</time>
   </trkpt>
   <trkpt lat="47.6150140" lon="-120.6710380">
    <ele>501.9</ele>
    <time>2026-06-06T01:44:38Z</time>
   </trkpt>
   <trkpt lat="47.6149940" lon="-120.6710690">
    <ele>502.2</ele>
    <time>2026-06-06T01:44:39Z</time>
   </trkpt>
   <trkpt lat="47.6150100" lon="-120.6711640">
    <ele>502.6</ele>
    <time>2026-06-06T01:44:40Z</time>
   </trkpt>
   <trkpt lat="47.6150570" lon="-120.6711860">
    <ele>502.8</ele>
    <time>2026-06-06T01:44:41Z</time>
   </trkpt>
   <trkpt lat="47.6150930" lon="-120.6711790">
    <ele>502.9</ele>
    <time>2026-06-06T01:44:42Z</time>
   </trkpt>
   <trkpt lat="47.6151030" lon="-120.6711800">
    <ele>503.0</ele>
    <time>2026-06-06T01:44:43Z</time>
   </trkpt>
   <trkpt lat="47.6151360" lon="-120.6711800">
    <ele>503.1</ele>
    <time>2026-06-06T01:44:44Z</time>
   </trkpt>
   <trkpt lat="47.6151460" lon="-120.6711810">
    <ele>503.1</ele>
    <time>2026-06-06T01:44:45Z</time>
   </trkpt>
   <trkpt lat="47.6151740" lon="-120.6711900">
    <ele>503.2</ele>
    <time>2026-06-06T01:44:46Z</time>
   </trkpt>
   <trkpt lat="47.6151830" lon="-120.6711920">
    <ele>503.2</ele>
    <time>2026-06-06T01:44:47Z</time>
   </trkpt>
   <trkpt lat="47.6152000" lon="-120.6712010">
    <ele>503.3</ele>
    <time>2026-06-06T01:44:48Z</time>
   </trkpt>
   <trkpt lat="47.6152130" lon="-120.6712100">
    <ele>503.3</ele>
    <time>2026-06-06T01:44:49Z</time>
   </trkpt>
   <trkpt lat="47.6152240" lon="-120.6712280">
    <ele>503.4</ele>
    <time>2026-06-06T01:44:50Z</time>
   </trkpt>
   <trkpt lat="47.6152330" lon="-120.6712440">
    <ele>503.4</ele>
    <time>2026-06-06T01:44:51Z</time>
   </trkpt>
   <trkpt lat="47.6152440" lon="-120.6712610">
    <ele>503.5</ele>
    <time>2026-06-06T01:44:52Z</time>
   </trkpt>
   <trkpt lat="47.6152580" lon="-120.6712720">
    <ele>503.6</ele>
    <time>2026-06-06T01:44:53Z</time>
   </trkpt>
   <trkpt lat="47.6152720" lon="-120.6712870">
    <ele>503.7</ele>
    <time>2026-06-06T01:44:54Z</time>
   </trkpt>
   <trkpt lat="47.6152860" lon="-120.6712990">
    <ele>503.8</ele>
    <time>2026-06-06T01:44:55Z</time>
   </trkpt>
   <trkpt lat="47.6153120" lon="-120.6713130">
    <ele>504.0</ele>
    <time>2026-06-06T01:44:56Z</time>
   </trkpt>
   <trkpt lat="47.6153210" lon="-120.6713180">
    <ele>504.1</ele>
    <time>2026-06-06T01:44:57Z</time>
   </trkpt>
   <trkpt lat="47.6153550" lon="-120.6713140">
    <ele>504.4</ele>
    <time>2026-06-06T01:44:58Z</time>
   </trkpt>
   <trkpt lat="47.6153660" lon="-120.6713160">
    <ele>504.5</ele>
    <time>2026-06-06T01:44:59Z</time>
   </trkpt>
   <trkpt lat="47.6154010" lon="-120.6713310">
    <ele>504.9</ele>
    <time>2026-06-06T01:45:00Z</time>
   </trkpt>
   <trkpt lat="47.6154110" lon="-120.6713410">
    <ele>505.1</ele>
    <time>2026-06-06T01:45:01Z</time>
   </trkpt>
   <trkpt lat="47.6154450" lon="-120.6713630">
    <ele>505.5</ele>
    <time>2026-06-06T01:45:02Z</time>
   </trkpt>
   <trkpt lat="47.6154560" lon="-120.6713720">
    <ele>505.7</ele>
    <time>2026-06-06T01:45:03Z</time>
   </trkpt>
   <trkpt lat="47.6154850" lon="-120.6713960">
    <ele>506.1</ele>
    <time>2026-06-06T01:45:04Z</time>
   </trkpt>
   <trkpt lat="47.6154950" lon="-120.6714030">
    <ele>506.3</ele>
    <time>2026-06-06T01:45:05Z</time>
   </trkpt>
   <trkpt lat="47.6155220" lon="-120.6714280">
    <ele>506.7</ele>
    <time>2026-06-06T01:45:06Z</time>
   </trkpt>
   <trkpt lat="47.6155310" lon="-120.6714370">
    <ele>506.9</ele>
    <time>2026-06-06T01:45:07Z</time>
   </trkpt>
   <trkpt lat="47.6155620" lon="-120.6714620">
    <ele>507.3</ele>
    <time>2026-06-06T01:45:08Z</time>
   </trkpt>
   <trkpt lat="47.6155720" lon="-120.6714700">
    <ele>507.5</ele>
    <time>2026-06-06T01:45:09Z</time>
   </trkpt>
   <trkpt lat="47.6156030" lon="-120.6714910">
    <ele>508.0</ele>
    <time>2026-06-06T01:45:10Z</time>
   </trkpt>
   <trkpt lat="47.6156130" lon="-120.6714980">
    <ele>508.1</ele>
    <time>2026-06-06T01:45:11Z</time>
   </trkpt>
   <trkpt lat="47.6156390" lon="-120.6715230">
    <ele>508.5</ele>
    <time>2026-06-06T01:45:12Z</time>
   </trkpt>
   <trkpt lat="47.6156480" lon="-120.6715300">
    <ele>508.6</ele>
    <time>2026-06-06T01:45:13Z</time>
   </trkpt>
   <trkpt lat="47.6156710" lon="-120.6715530">
    <ele>509.0</ele>
    <time>2026-06-06T01:45:14Z</time>
   </trkpt>
   <trkpt lat="47.6156780" lon="-120.6715620">
    <ele>509.1</ele>
    <time>2026-06-06T01:45:15Z</time>
   </trkpt>
   <trkpt lat="47.6157050" lon="-120.6715840">
    <ele>509.5</ele>
    <time>2026-06-06T01:45:16Z</time>
   </trkpt>
   <trkpt lat="47.6157130" lon="-120.6715920">
    <ele>509.6</ele>
    <time>2026-06-06T01:45:17Z</time>
   </trkpt>
   <trkpt lat="47.6157390" lon="-120.6716160">
    <ele>510.0</ele>
    <time>2026-06-06T01:45:18Z</time>
   </trkpt>
   <trkpt lat="47.6157470" lon="-120.6716250">
    <ele>510.1</ele>
    <time>2026-06-06T01:45:19Z</time>
   </trkpt>
   <trkpt lat="47.6157670" lon="-120.6716560">
    <ele>510.4</ele>
    <time>2026-06-06T01:45:20Z</time>
   </trkpt>
   <trkpt lat="47.6157730" lon="-120.6716660">
    <ele>510.5</ele>
    <time>2026-06-06T01:45:21Z</time>
   </trkpt>
   <trkpt lat="47.6157970" lon="-120.6716900">
    <ele>510.9</ele>
    <time>2026-06-06T01:45:22Z</time>
   </trkpt>
   <trkpt lat="47.6158050" lon="-120.6716990">
    <ele>511.0</ele>
    <time>2026-06-06T01:45:23Z</time>
   </trkpt>
   <trkpt lat="47.6158300" lon="-120.6717250">
    <ele>511.4</ele>
    <time>2026-06-06T01:45:24Z</time>
   </trkpt>
   <trkpt lat="47.6158380" lon="-120.6717330">
    <ele>511.5</ele>
    <time>2026-06-06T01:45:25Z</time>
   </trkpt>
   <trkpt lat="47.6158530" lon="-120.6717440">
    <ele>511.8</ele>
    <time>2026-06-06T01:45:26Z</time>
   </trkpt>
   <trkpt lat="47.6158660" lon="-120.6717580">
    <ele>512.0</ele>
    <time>2026-06-06T01:45:27Z</time>
   </trkpt>
   <trkpt lat="47.6158770" lon="-120.6717700">
    <ele>512.2</ele>
    <time>2026-06-06T01:45:28Z</time>
   </trkpt>
   <trkpt lat="47.6158870" lon="-120.6717870">
    <ele>512.4</ele>
    <time>2026-06-06T01:45:29Z</time>
   </trkpt>
   <trkpt lat="47.6158940" lon="-120.6718070">
    <ele>512.6</ele>
    <time>2026-06-06T01:45:30Z</time>
   </trkpt>
   <trkpt lat="47.6159030" lon="-120.6718240">
    <ele>512.8</ele>
    <time>2026-06-06T01:45:31Z</time>
   </trkpt>
   <trkpt lat="47.6159140" lon="-120.6718410">
    <ele>513.0</ele>
    <time>2026-06-06T01:45:32Z</time>
   </trkpt>
   <trkpt lat="47.6159170" lon="-120.6718510">
    <ele>513.1</ele>
    <time>2026-06-06T01:45:33Z</time>
   </trkpt>
   <trkpt lat="47.6159090" lon="-120.6718640">
    <ele>513.3</ele>
    <time>2026-06-06T01:45:34Z</time>
   </trkpt>
   <trkpt lat="47.6158940" lon="-120.6718670">
    <ele>513.5</ele>
    <time>2026-06-06T01:45:35Z</time>
   </trkpt>
   <trkpt lat="47.6158830" lon="-120.6718360">
    <ele>513.9</ele>
    <time>2026-06-06T01:45:36Z</time>
   </trkpt>
   <trkpt lat="47.6158670" lon="-120.6717930">
    <ele>514.3</ele>
    <time>2026-06-06T01:45:37Z</time>
   </trkpt>
   <trkpt lat="47.6158620" lon="-120.6717800">
    <ele>514.5</ele>
    <time>2026-06-06T01:45:38Z</time>
   </trkpt>
   <trkpt lat="47.6158500" lon="-120.6717600">
    <ele>514.7</ele>
    <time>2026-06-06T01:45:39Z</time>
   </trkpt>
   <trkpt lat="47.6158380" lon="-120.6717450">
    <ele>514.9</ele>
    <time>2026-06-06T01:45:40Z</time>
   </trkpt>
   <trkpt lat="47.6158210" lon="-120.6717230">
    <ele>515.2</ele>
    <time>2026-06-06T01:45:41Z</time>
   </trkpt>
   <trkpt lat="47.6158130" lon="-120.6717150">
    <ele>515.3</ele>
    <time>2026-06-06T01:45:42Z</time>
   </trkpt>
   <trkpt lat="47.6158060" lon="-120.6717060">
    <ele>515.5</ele>
    <time>2026-06-06T01:45:43Z</time>
   </trkpt>
   <trkpt lat="47.6157810" lon="-120.6716850">
    <ele>515.8</ele>
    <time>2026-06-06T01:45:44Z</time>
   </trkpt>
   <trkpt lat="47.6157730" lon="-120.6716790">
    <ele>515.9</ele>
    <time>2026-06-06T01:45:45Z</time>
   </trkpt>
   <trkpt lat="47.6157490" lon="-120.6716600">
    <ele>516.1</ele>
    <time>2026-06-06T01:45:46Z</time>
   </trkpt>
   <trkpt lat="47.6157410" lon="-120.6716530">
    <ele>516.2</ele>
    <time>2026-06-06T01:45:47Z</time>
   </trkpt>
   <trkpt lat="47.6157120" lon="-120.6716460">
    <ele>516.5</ele>
    <time>2026-06-06T01:45:48Z</time>
   </trkpt>
   <trkpt lat="47.6157010" lon="-120.6716440">
    <ele>516.6</ele>
    <time>2026-06-06T01:45:49Z</time>
   </trkpt>
   <trkpt lat="47.6156830" lon="-120.6716420">
    <ele>516.7</ele>
    <time>2026-06-06T01:45:50Z</time>
   </trkpt>
   <trkpt lat="47.6156720" lon="-120.6716380">
    <ele>516.8</ele>
    <time>2026-06-06T01:45:51Z</time>
   </trkpt>
   <trkpt lat="47.6156600" lon="-120.6716260">
    <ele>516.9</ele>
    <time>2026-06-06T01:45:52Z</time>
   </trkpt>
   <trkpt lat="47.6156470" lon="-120.6716170">
    <ele>517.0</ele>
    <time>2026-06-06T01:45:53Z</time>
   </trkpt>
   <trkpt lat="47.6156350" lon="-120.6716040">
    <ele>517.1</ele>
    <time>2026-06-06T01:45:54Z</time>
   </trkpt>
   <trkpt lat="47.6156230" lon="-120.6715960">
    <ele>517.1</ele>
    <time>2026-06-06T01:45:55Z</time>
   </trkpt>
   <trkpt lat="47.6156080" lon="-120.6715900">
    <ele>517.2</ele>
    <time>2026-06-06T01:45:56Z</time>
   </trkpt>
   <trkpt lat="47.6155940" lon="-120.6715830">
    <ele>517.3</ele>
    <time>2026-06-06T01:45:57Z</time>
   </trkpt>
   <trkpt lat="47.6155800" lon="-120.6715740">
    <ele>517.4</ele>
    <time>2026-06-06T01:45:58Z</time>
   </trkpt>
   <trkpt lat="47.6155660" lon="-120.6715630">
    <ele>517.4</ele>
    <time>2026-06-06T01:45:59Z</time>
   </trkpt>
   <trkpt lat="47.6155410" lon="-120.6715480">
    <ele>517.6</ele>
    <time>2026-06-06T01:46:00Z</time>
   </trkpt>
   <trkpt lat="47.6155310" lon="-120.6715460">
    <ele>517.6</ele>
    <time>2026-06-06T01:46:01Z</time>
   </trkpt>
   <trkpt lat="47.6154990" lon="-120.6715380">
    <ele>517.8</ele>
    <time>2026-06-06T01:46:02Z</time>
   </trkpt>
   <trkpt lat="47.6154880" lon="-120.6715340">
    <ele>517.8</ele>
    <time>2026-06-06T01:46:03Z</time>
   </trkpt>
   <trkpt lat="47.6154610" lon="-120.6715350">
    <ele>518.0</ele>
    <time>2026-06-06T01:46:04Z</time>
   </trkpt>
   <trkpt lat="47.6154220" lon="-120.6715300">
    <ele>518.2</ele>
    <time>2026-06-06T01:46:05Z</time>
   </trkpt>
   <trkpt lat="47.6154080" lon="-120.6715270">
    <ele>518.3</ele>
    <time>2026-06-06T01:46:06Z</time>
   </trkpt>
   <trkpt lat="47.6153800" lon="-120.6715280">
    <ele>518.5</ele>
    <time>2026-06-06T01:46:07Z</time>
   </trkpt>
   <trkpt lat="47.6153420" lon="-120.6715260">
    <ele>518.8</ele>
    <time>2026-06-06T01:46:08Z</time>
   </trkpt>
   <trkpt lat="47.6153290" lon="-120.6715260">
    <ele>518.9</ele>
    <time>2026-06-06T01:46:09Z</time>
   </trkpt>
   <trkpt lat="47.6152930" lon="-120.6715190">
    <ele>519.2</ele>
    <time>2026-06-06T01:46:10Z</time>
   </trkpt>
   <trkpt lat="47.6152810" lon="-120.6715180">
    <ele>519.3</ele>
    <time>2026-06-06T01:46:11Z</time>
   </trkpt>
   <trkpt lat="47.6152450" lon="-120.6715130">
    <ele>519.7</ele>
    <time>2026-06-06T01:46:12Z</time>
   </trkpt>
   <trkpt lat="47.6152340" lon="-120.6715120">
    <ele>519.8</ele>
    <time>2026-06-06T01:46:13Z</time>
   </trkpt>
   <trkpt lat="47.6152050" lon="-120.6715230">
    <ele>520.2</ele>
    <time>2026-06-06T01:46:14Z</time>
   </trkpt>
   <trkpt lat="47.6151970" lon="-120.6715330">
    <ele>520.3</ele>
    <time>2026-06-06T01:46:15Z</time>
   </trkpt>
   <trkpt lat="47.6151980" lon="-120.6715750">
    <ele>520.7</ele>
    <time>2026-06-06T01:46:16Z</time>
   </trkpt>
   <trkpt lat="47.6151990" lon="-120.6715900">
    <ele>520.8</ele>
    <time>2026-06-06T01:46:17Z</time>
   </trkpt>
   <trkpt lat="47.6152270" lon="-120.6716060">
    <ele>521.3</ele>
    <time>2026-06-06T01:46:18Z</time>
   </trkpt>
   <trkpt lat="47.6152360" lon="-120.6716100">
    <ele>521.4</ele>
    <time>2026-06-06T01:46:19Z</time>
   </trkpt>
   <trkpt lat="47.6152620" lon="-120.6716250">
    <ele>521.8</ele>
    <time>2026-06-06T01:46:20Z</time>
   </trkpt>
   <trkpt lat="47.6152700" lon="-120.6716310">
    <ele>521.9</ele>
    <time>2026-06-06T01:46:21Z</time>
   </trkpt>
   <trkpt lat="47.6152840" lon="-120.6716430">
    <ele>522.2</ele>
    <time>2026-06-06T01:46:22Z</time>
   </trkpt>
   <trkpt lat="47.6152970" lon="-120.6716540">
    <ele>522.6</ele>
    <time>2026-06-06T01:46:23Z</time>
   </trkpt>
   <trkpt lat="47.6153090" lon="-120.6716630">
    <ele>522.9</ele>
    <time>2026-06-06T01:46:24Z</time>
   </trkpt>
   <trkpt lat="47.6153200" lon="-120.6716760">
    <ele>523.3</ele>
    <time>2026-06-06T01:46:25Z</time>
   </trkpt>
   <trkpt lat="47.6153330" lon="-120.6716870">
    <ele>523.7</ele>
    <time>2026-06-06T01:46:26Z</time>
   </trkpt>
   <trkpt lat="47.6153460" lon="-120.6716980">
    <ele>524.0</ele>
    <time>2026-06-06T01:46:27Z</time>
   </trkpt>
   <trkpt lat="47.6153580" lon="-120.6717100">
    <ele>524.4</ele>
    <time>2026-06-06T01:46:28Z</time>
   </trkpt>
   <trkpt lat="47.6153720" lon="-120.6717210">
    <ele>524.7</ele>
    <time>2026-06-06T01:46:29Z</time>
   </trkpt>
   <trkpt lat="47.6153850" lon="-120.6717340">
    <ele>525.1</ele>
    <time>2026-06-06T01:46:30Z</time>
   </trkpt>
   <trkpt lat="47.6153980" lon="-120.6717460">
    <ele>525.4</ele>
    <time>2026-06-06T01:46:31Z</time>
   </trkpt>
   <trkpt lat="47.6154100" lon="-120.6717570">
    <ele>525.7</ele>
    <time>2026-06-06T01:46:32Z</time>
   </trkpt>
   <trkpt lat="47.6154220" lon="-120.6717670">
    <ele>526.0</ele>
    <time>2026-06-06T01:46:33Z</time>
   </trkpt>
   <trkpt lat="47.6154330" lon="-120.6717800">
    <ele>526.3</ele>
    <time>2026-06-06T01:46:34Z</time>
   </trkpt>
   <trkpt lat="47.6154460" lon="-120.6717910">
    <ele>526.5</ele>
    <time>2026-06-06T01:46:35Z</time>
   </trkpt>
   <trkpt lat="47.6154580" lon="-120.6718000">
    <ele>526.8</ele>
    <time>2026-06-06T01:46:36Z</time>
   </trkpt>
   <trkpt lat="47.6154710" lon="-120.6718090">
    <ele>527.0</ele>
    <time>2026-06-06T01:46:37Z</time>
   </trkpt>
   <trkpt lat="47.6154820" lon="-120.6718180">
    <ele>527.2</ele>
    <time>2026-06-06T01:46:38Z</time>
   </trkpt>
   <trkpt lat="47.6154930" lon="-120.6718260">
    <ele>527.4</ele>
    <time>2026-06-06T01:46:39Z</time>
   </trkpt>
   <trkpt lat="47.6155030" lon="-120.6718320">
    <ele>527.6</ele>
    <time>2026-06-06T01:46:40Z</time>
   </trkpt>
   <trkpt lat="47.6155120" lon="-120.6718380">
    <ele>527.8</ele>
    <time>2026-06-06T01:46:41Z</time>
   </trkpt>
   <trkpt lat="47.6155210" lon="-120.6718450">
    <ele>527.9</ele>
    <time>2026-06-06T01:46:42Z</time>
   </trkpt>
   <trkpt lat="47.6155300" lon="-120.6718580">
    <ele>528.1</ele>
    <time>2026-06-06T01:46:43Z</time>
   </trkpt>
   <trkpt lat="47.6155440" lon="-120.6718800">
    <ele>528.4</ele>
    <time>2026-06-06T01:46:44Z</time>
   </trkpt>
   <trkpt lat="47.6155500" lon="-120.6718880">
    <ele>528.6</ele>
    <time>2026-06-06T01:46:45Z</time>
   </trkpt>
   <trkpt lat="47.6155560" lon="-120.6718960">
    <ele>528.7</ele>
    <time>2026-06-06T01:46:46Z</time>
   </trkpt>
   <trkpt lat="47.6155740" lon="-120.6719100">
    <ele>529.0</ele>
    <time>2026-06-06T01:46:47Z</time>
   </trkpt>
   <trkpt lat="47.6155820" lon="-120.6719150">
    <ele>529.1</ele>
    <time>2026-06-06T01:46:48Z</time>
   </trkpt>
   <trkpt lat="47.6155890" lon="-120.6719200">
    <ele>529.3</ele>
    <time>2026-06-06T01:46:49Z</time>
   </trkpt>
   <trkpt lat="47.6155990" lon="-120.6719280">
    <ele>529.4</ele>
    <time>2026-06-06T01:46:50Z</time>
   </trkpt>
   <trkpt lat="47.6156100" lon="-120.6719350">
    <ele>529.6</ele>
    <time>2026-06-06T01:46:51Z</time>
   </trkpt>
   <trkpt lat="47.6156200" lon="-120.6719440">
    <ele>529.8</ele>
    <time>2026-06-06T01:46:52Z</time>
   </trkpt>
   <trkpt lat="47.6156280" lon="-120.6719540">
    <ele>530.0</ele>
    <time>2026-06-06T01:46:53Z</time>
   </trkpt>
   <trkpt lat="47.6156370" lon="-120.6719660">
    <ele>530.2</ele>
    <time>2026-06-06T01:46:54Z</time>
   </trkpt>
   <trkpt lat="47.6156440" lon="-120.6719800">
    <ele>530.3</ele>
    <time>2026-06-06T01:46:55Z</time>
   </trkpt>
   <trkpt lat="47.6156500" lon="-120.6719920">
    <ele>530.5</ele>
    <time>2026-06-06T01:46:56Z</time>
   </trkpt>
   <trkpt lat="47.6156580" lon="-120.6720020">
    <ele>530.6</ele>
    <time>2026-06-06T01:46:57Z</time>
   </trkpt>
   <trkpt lat="47.6156630" lon="-120.6720120">
    <ele>530.7</ele>
    <time>2026-06-06T01:46:58Z</time>
   </trkpt>
   <trkpt lat="47.6156760" lon="-120.6720250">
    <ele>530.9</ele>
    <time>2026-06-06T01:46:59Z</time>
   </trkpt>
   <trkpt lat="47.6156830" lon="-120.6720290">
    <ele>531.0</ele>
    <time>2026-06-06T01:47:00Z</time>
   </trkpt>
   <trkpt lat="47.6156890" lon="-120.6720340">
    <ele>531.1</ele>
    <time>2026-06-06T01:47:01Z</time>
   </trkpt>
   <trkpt lat="47.6156950" lon="-120.6720390">
    <ele>531.2</ele>
    <time>2026-06-06T01:47:02Z</time>
   </trkpt>
   <trkpt lat="47.6157070" lon="-120.6720500">
    <ele>531.4</ele>
    <time>2026-06-06T01:47:03Z</time>
   </trkpt>
   <trkpt lat="47.6157200" lon="-120.6720640">
    <ele>531.6</ele>
    <time>2026-06-06T01:47:04Z</time>
   </trkpt>
   <trkpt lat="47.6157300" lon="-120.6720800">
    <ele>531.7</ele>
    <time>2026-06-06T01:47:05Z</time>
   </trkpt>
   <trkpt lat="47.6157420" lon="-120.6720950">
    <ele>531.9</ele>
    <time>2026-06-06T01:47:06Z</time>
   </trkpt>
   <trkpt lat="47.6157540" lon="-120.6721090">
    <ele>532.1</ele>
    <time>2026-06-06T01:47:07Z</time>
   </trkpt>
   <trkpt lat="47.6157650" lon="-120.6721220">
    <ele>532.2</ele>
    <time>2026-06-06T01:47:08Z</time>
   </trkpt>
   <trkpt lat="47.6157750" lon="-120.6721360">
    <ele>532.3</ele>
    <time>2026-06-06T01:47:09Z</time>
   </trkpt>
   <trkpt lat="47.6157870" lon="-120.6721490">
    <ele>532.5</ele>
    <time>2026-06-06T01:47:10Z</time>
   </trkpt>
   <trkpt lat="47.6158010" lon="-120.6721600">
    <ele>532.6</ele>
    <time>2026-06-06T01:47:11Z</time>
   </trkpt>
   <trkpt lat="47.6158140" lon="-120.6721730">
    <ele>532.8</ele>
    <time>2026-06-06T01:47:12Z</time>
   </trkpt>
   <trkpt lat="47.6158250" lon="-120.6721860">
    <ele>532.9</ele>
    <time>2026-06-06T01:47:13Z</time>
   </trkpt>
   <trkpt lat="47.6158360" lon="-120.6721990">
    <ele>533.0</ele>
    <time>2026-06-06T01:47:14Z</time>
   </trkpt>
   <trkpt lat="47.6158470" lon="-120.6722130">
    <ele>533.2</ele>
    <time>2026-06-06T01:47:15Z</time>
   </trkpt>
   <trkpt lat="47.6158580" lon="-120.6722260">
    <ele>533.3</ele>
    <time>2026-06-06T01:47:16Z</time>
   </trkpt>
   <trkpt lat="47.6158700" lon="-120.6722400">
    <ele>533.4</ele>
    <time>2026-06-06T01:47:17Z</time>
   </trkpt>
   <trkpt lat="47.6158820" lon="-120.6722540">
    <ele>533.5</ele>
    <time>2026-06-06T01:47:18Z</time>
   </trkpt>
   <trkpt lat="47.6158960" lon="-120.6722660">
    <ele>533.6</ele>
    <time>2026-06-06T01:47:19Z</time>
   </trkpt>
   <trkpt lat="47.6159080" lon="-120.6722820">
    <ele>533.8</ele>
    <time>2026-06-06T01:47:20Z</time>
   </trkpt>
   <trkpt lat="47.6159220" lon="-120.6722980">
    <ele>533.9</ele>
    <time>2026-06-06T01:47:21Z</time>
   </trkpt>
   <trkpt lat="47.6159340" lon="-120.6723150">
    <ele>534.0</ele>
    <time>2026-06-06T01:47:22Z</time>
   </trkpt>
   <trkpt lat="47.6159470" lon="-120.6723340">
    <ele>534.2</ele>
    <time>2026-06-06T01:47:23Z</time>
   </trkpt>
   <trkpt lat="47.6159600" lon="-120.6723530">
    <ele>534.3</ele>
    <time>2026-06-06T01:47:24Z</time>
   </trkpt>
   <trkpt lat="47.6159720" lon="-120.6723690">
    <ele>534.5</ele>
    <time>2026-06-06T01:47:25Z</time>
   </trkpt>
   <trkpt lat="47.6159830" lon="-120.6723890">
    <ele>534.7</ele>
    <time>2026-06-06T01:47:26Z</time>
   </trkpt>
   <trkpt lat="47.6159930" lon="-120.6724090">
    <ele>534.8</ele>
    <time>2026-06-06T01:47:27Z</time>
   </trkpt>
   <trkpt lat="47.6160050" lon="-120.6724290">
    <ele>535.0</ele>
    <time>2026-06-06T01:47:28Z</time>
   </trkpt>
   <trkpt lat="47.6160150" lon="-120.6724490">
    <ele>535.2</ele>
    <time>2026-06-06T01:47:29Z</time>
   </trkpt>
   <trkpt lat="47.6160240" lon="-120.6724700">
    <ele>535.4</ele>
    <time>2026-06-06T01:47:30Z</time>
   </trkpt>
   <trkpt lat="47.6160320" lon="-120.6724900">
    <ele>535.6</ele>
    <time>2026-06-06T01:47:31Z</time>
   </trkpt>
   <trkpt lat="47.6160390" lon="-120.6725100">
    <ele>535.7</ele>
    <time>2026-06-06T01:47:32Z</time>
   </trkpt>
   <trkpt lat="47.6160490" lon="-120.6725390">
    <ele>535.9</ele>
    <time>2026-06-06T01:47:33Z</time>
   </trkpt>
   <trkpt lat="47.6160530" lon="-120.6725500">
    <ele>535.9</ele>
    <time>2026-06-06T01:47:34Z</time>
   </trkpt>
   <trkpt lat="47.6160580" lon="-120.6725610">
    <ele>536.0</ele>
    <time>2026-06-06T01:47:35Z</time>
   </trkpt>
   <trkpt lat="47.6160710" lon="-120.6725870">
    <ele>536.1</ele>
    <time>2026-06-06T01:47:36Z</time>
   </trkpt>
   <trkpt lat="47.6160770" lon="-120.6725990">
    <ele>536.2</ele>
    <time>2026-06-06T01:47:37Z</time>
   </trkpt>
   <trkpt lat="47.6160830" lon="-120.6726100">
    <ele>536.2</ele>
    <time>2026-06-06T01:47:38Z</time>
   </trkpt>
   <trkpt lat="47.6160960" lon="-120.6726240">
    <ele>536.2</ele>
    <time>2026-06-06T01:47:39Z</time>
   </trkpt>
   <trkpt lat="47.6161100" lon="-120.6726430">
    <ele>536.2</ele>
    <time>2026-06-06T01:47:40Z</time>
   </trkpt>
   <trkpt lat="47.6161300" lon="-120.6726880">
    <ele>536.1</ele>
    <time>2026-06-06T01:47:41Z</time>
   </trkpt>
   <trkpt lat="47.6161420" lon="-120.6727110">
    <ele>536.0</ele>
    <time>2026-06-06T01:47:42Z</time>
   </trkpt>
   <trkpt lat="47.6161720" lon="-120.6727470">
    <ele>535.7</ele>
    <time>2026-06-06T01:47:43Z</time>
   </trkpt>
   <trkpt lat="47.6162280" lon="-120.6727510">
    <ele>535.2</ele>
    <time>2026-06-06T01:47:44Z</time>
   </trkpt>
   <trkpt lat="47.6162880" lon="-120.6727540">
    <ele>534.7</ele>
    <time>2026-06-06T01:47:45Z</time>
   </trkpt>
   <trkpt lat="47.6163420" lon="-120.6727530">
    <ele>534.5</ele>
    <time>2026-06-06T01:47:46Z</time>
   </trkpt>
   <trkpt lat="47.6163900" lon="-120.6727680">
    <ele>534.5</ele>
    <time>2026-06-06T01:47:47Z</time>
   </trkpt>
   <trkpt lat="47.6164360" lon="-120.6727920">
    <ele>534.8</ele>
    <time>2026-06-06T01:47:48Z</time>
   </trkpt>
   <trkpt lat="47.6164640" lon="-120.6728150">
    <ele>535.1</ele>
    <time>2026-06-06T01:47:49Z</time>
   </trkpt>
   <trkpt lat="47.6164830" lon="-120.6728450">
    <ele>535.4</ele>
    <time>2026-06-06T01:47:50Z</time>
   </trkpt>
   <trkpt lat="47.6164500" lon="-120.6728470">
    <ele>536.0</ele>
    <time>2026-06-06T01:47:51Z</time>
   </trkpt>
   <trkpt lat="47.6164400" lon="-120.6728460">
    <ele>536.1</ele>
    <time>2026-06-06T01:47:52Z</time>
   </trkpt>
   <trkpt lat="47.6164270" lon="-120.6728380">
    <ele>536.4</ele>
    <time>2026-06-06T01:47:53Z</time>
   </trkpt>
   <trkpt lat="47.6164140" lon="-120.6728300">
    <ele>536.6</ele>
    <time>2026-06-06T01:47:54Z</time>
   </trkpt>
   <trkpt lat="47.6164070" lon="-120.6728210">
    <ele>536.8</ele>
    <time>2026-06-06T01:47:55Z</time>
   </trkpt>
   <trkpt lat="47.6163990" lon="-120.6728160">
    <ele>537.0</ele>
    <time>2026-06-06T01:47:56Z</time>
   </trkpt>
   <trkpt lat="47.6163900" lon="-120.6728130">
    <ele>537.1</ele>
    <time>2026-06-06T01:47:57Z</time>
   </trkpt>
   <trkpt lat="47.6163840" lon="-120.6728150">
    <ele>537.2</ele>
    <time>2026-06-06T01:47:58Z</time>
   </trkpt>
   <trkpt lat="47.6163800" lon="-120.6728170">
    <ele>537.3</ele>
    <time>2026-06-06T01:47:59Z</time>
   </trkpt>
   <trkpt lat="47.6163690" lon="-120.6728200">
    <ele>537.5</ele>
    <time>2026-06-06T01:48:00Z</time>
   </trkpt>
   <trkpt lat="47.6163630" lon="-120.6728210">
    <ele>537.6</ele>
    <time>2026-06-06T01:48:01Z</time>
   </trkpt>
   <trkpt lat="47.6163570" lon="-120.6728240">
    <ele>537.7</ele>
    <time>2026-06-06T01:48:02Z</time>
   </trkpt>
   <trkpt lat="47.6163490" lon="-120.6728250">
    <ele>537.9</ele>
    <time>2026-06-06T01:48:03Z</time>
   </trkpt>
   <trkpt lat="47.6163370" lon="-120.6728270">
    <ele>538.1</ele>
    <time>2026-06-06T01:48:04Z</time>
   </trkpt>
   <trkpt lat="47.6163280" lon="-120.6728290">
    <ele>538.2</ele>
    <time>2026-06-06T01:48:05Z</time>
   </trkpt>
   <trkpt lat="47.6163070" lon="-120.6728360">
    <ele>538.6</ele>
    <time>2026-06-06T01:48:06Z</time>
   </trkpt>
   <trkpt lat="47.6162970" lon="-120.6728380">
    <ele>538.8</ele>
    <time>2026-06-06T01:48:07Z</time>
   </trkpt>
   <trkpt lat="47.6162870" lon="-120.6728410">
    <ele>538.9</ele>
    <time>2026-06-06T01:48:08Z</time>
   </trkpt>
   <trkpt lat="47.6162690" lon="-120.6728420">
    <ele>539.2</ele>
    <time>2026-06-06T01:48:09Z</time>
   </trkpt>
   <trkpt lat="47.6162560" lon="-120.6728380">
    <ele>539.4</ele>
    <time>2026-06-06T01:48:10Z</time>
   </trkpt>
   <trkpt lat="47.6162480" lon="-120.6728290">
    <ele>539.5</ele>
    <time>2026-06-06T01:48:11Z</time>
   </trkpt>
   <trkpt lat="47.6162420" lon="-120.6728140">
    <ele>539.7</ele>
    <time>2026-06-06T01:48:12Z</time>
   </trkpt>
   <trkpt lat="47.6162420" lon="-120.6728000">
    <ele>539.8</ele>
    <time>2026-06-06T01:48:13Z</time>
   </trkpt>
   <trkpt lat="47.6162350" lon="-120.6727880">
    <ele>539.9</ele>
    <time>2026-06-06T01:48:14Z</time>
   </trkpt>
   <trkpt lat="47.6162300" lon="-120.6727760">
    <ele>540.0</ele>
    <time>2026-06-06T01:48:15Z</time>
   </trkpt>
   <trkpt lat="47.6162240" lon="-120.6727630">
    <ele>540.2</ele>
    <time>2026-06-06T01:48:16Z</time>
   </trkpt>
   <trkpt lat="47.6162100" lon="-120.6727390">
    <ele>540.5</ele>
    <time>2026-06-06T01:48:17Z</time>
   </trkpt>
   <trkpt lat="47.6162030" lon="-120.6727310">
    <ele>540.6</ele>
    <time>2026-06-06T01:48:18Z</time>
   </trkpt>
   <trkpt lat="47.6161950" lon="-120.6727220">
    <ele>540.7</ele>
    <time>2026-06-06T01:48:19Z</time>
   </trkpt>
   <trkpt lat="47.6161810" lon="-120.6727090">
    <ele>540.9</ele>
    <time>2026-06-06T01:48:20Z</time>
   </trkpt>
   <trkpt lat="47.6161690" lon="-120.6726960">
    <ele>541.1</ele>
    <time>2026-06-06T01:48:21Z</time>
   </trkpt>
   <trkpt lat="47.6161550" lon="-120.6726830">
    <ele>541.3</ele>
    <time>2026-06-06T01:48:22Z</time>
   </trkpt>
   <trkpt lat="47.6161440" lon="-120.6726710">
    <ele>541.5</ele>
    <time>2026-06-06T01:48:23Z</time>
   </trkpt>
   <trkpt lat="47.6161300" lon="-120.6726590">
    <ele>541.7</ele>
    <time>2026-06-06T01:48:24Z</time>
   </trkpt>
   <trkpt lat="47.6161180" lon="-120.6726450">
    <ele>541.9</ele>
    <time>2026-06-06T01:48:25Z</time>
   </trkpt>
   <trkpt lat="47.6161010" lon="-120.6726250">
    <ele>542.2</ele>
    <time>2026-06-06T01:48:26Z</time>
   </trkpt>
   <trkpt lat="47.6160950" lon="-120.6726170">
    <ele>542.3</ele>
    <time>2026-06-06T01:48:27Z</time>
   </trkpt>
   <trkpt lat="47.6160890" lon="-120.6726080">
    <ele>542.4</ele>
    <time>2026-06-06T01:48:28Z</time>
   </trkpt>
   <trkpt lat="47.6160810" lon="-120.6725920">
    <ele>542.6</ele>
    <time>2026-06-06T01:48:29Z</time>
   </trkpt>
   <trkpt lat="47.6160670" lon="-120.6725770">
    <ele>542.8</ele>
    <time>2026-06-06T01:48:30Z</time>
   </trkpt>
   <trkpt lat="47.6160570" lon="-120.6725650">
    <ele>543.0</ele>
    <time>2026-06-06T01:48:31Z</time>
   </trkpt>
   <trkpt lat="47.6160430" lon="-120.6725520">
    <ele>543.3</ele>
    <time>2026-06-06T01:48:32Z</time>
   </trkpt>
   <trkpt lat="47.6160180" lon="-120.6725300">
    <ele>543.7</ele>
    <time>2026-06-06T01:48:33Z</time>
   </trkpt>
   <trkpt lat="47.6160100" lon="-120.6725210">
    <ele>543.8</ele>
    <time>2026-06-06T01:48:34Z</time>
   </trkpt>
   <trkpt lat="47.6159970" lon="-120.6725060">
    <ele>544.0</ele>
    <time>2026-06-06T01:48:35Z</time>
   </trkpt>
   <trkpt lat="47.6159860" lon="-120.6724930">
    <ele>544.2</ele>
    <time>2026-06-06T01:48:36Z</time>
   </trkpt>
   <trkpt lat="47.6159600" lon="-120.6724750">
    <ele>544.6</ele>
    <time>2026-06-06T01:48:37Z</time>
   </trkpt>
   <trkpt lat="47.6159510" lon="-120.6724700">
    <ele>544.7</ele>
    <time>2026-06-06T01:48:38Z</time>
   </trkpt>
   <trkpt lat="47.6159330" lon="-120.6724610">
    <ele>545.0</ele>
    <time>2026-06-06T01:48:39Z</time>
   </trkpt>
   <trkpt lat="47.6159190" lon="-120.6724490">
    <ele>545.1</ele>
    <time>2026-06-06T01:48:40Z</time>
   </trkpt>
   <trkpt lat="47.6159040" lon="-120.6724380">
    <ele>545.4</ele>
    <time>2026-06-06T01:48:41Z</time>
   </trkpt>
   <trkpt lat="47.6158930" lon="-120.6724250">
    <ele>545.5</ele>
    <time>2026-06-06T01:48:42Z</time>
   </trkpt>
   <trkpt lat="47.6158830" lon="-120.6724110">
    <ele>545.7</ele>
    <time>2026-06-06T01:48:43Z</time>
   </trkpt>
   <trkpt lat="47.6158680" lon="-120.6723990">
    <ele>545.9</ele>
    <time>2026-06-06T01:48:44Z</time>
   </trkpt>
   <trkpt lat="47.6158550" lon="-120.6723840">
    <ele>546.1</ele>
    <time>2026-06-06T01:48:45Z</time>
   </trkpt>
   <trkpt lat="47.6158400" lon="-120.6723690">
    <ele>546.3</ele>
    <time>2026-06-06T01:48:46Z</time>
   </trkpt>
   <trkpt lat="47.6158090" lon="-120.6723530">
    <ele>546.6</ele>
    <time>2026-06-06T01:48:47Z</time>
   </trkpt>
   <trkpt lat="47.6157970" lon="-120.6723490">
    <ele>546.7</ele>
    <time>2026-06-06T01:48:48Z</time>
   </trkpt>
   <trkpt lat="47.6157620" lon="-120.6723320">
    <ele>547.1</ele>
    <time>2026-06-06T01:48:49Z</time>
   </trkpt>
   <trkpt lat="47.6157510" lon="-120.6723270">
    <ele>547.2</ele>
    <time>2026-06-06T01:48:50Z</time>
   </trkpt>
   <trkpt lat="47.6157210" lon="-120.6723120">
    <ele>547.5</ele>
    <time>2026-06-06T01:48:51Z</time>
   </trkpt>
   <trkpt lat="47.6157120" lon="-120.6723070">
    <ele>547.6</ele>
    <time>2026-06-06T01:48:52Z</time>
   </trkpt>
   <trkpt lat="47.6156850" lon="-120.6722920">
    <ele>547.9</ele>
    <time>2026-06-06T01:48:53Z</time>
   </trkpt>
   <trkpt lat="47.6156760" lon="-120.6722860">
    <ele>547.9</ele>
    <time>2026-06-06T01:48:54Z</time>
   </trkpt>
   <trkpt lat="47.6156490" lon="-120.6722770">
    <ele>548.2</ele>
    <time>2026-06-06T01:48:55Z</time>
   </trkpt>
   <trkpt lat="47.6156390" lon="-120.6722730">
    <ele>548.3</ele>
    <time>2026-06-06T01:48:56Z</time>
   </trkpt>
   <trkpt lat="47.6156210" lon="-120.6722680">
    <ele>548.4</ele>
    <time>2026-06-06T01:48:57Z</time>
   </trkpt>
   <trkpt lat="47.6156040" lon="-120.6722610">
    <ele>548.6</ele>
    <time>2026-06-06T01:48:58Z</time>
   </trkpt>
   <trkpt lat="47.6155870" lon="-120.6722560">
    <ele>548.8</ele>
    <time>2026-06-06T01:48:59Z</time>
   </trkpt>
   <trkpt lat="47.6155700" lon="-120.6722500">
    <ele>548.9</ele>
    <time>2026-06-06T01:49:00Z</time>
   </trkpt>
   <trkpt lat="47.6155530" lon="-120.6722430">
    <ele>549.1</ele>
    <time>2026-06-06T01:49:01Z</time>
   </trkpt>
   <trkpt lat="47.6155360" lon="-120.6722330">
    <ele>549.2</ele>
    <time>2026-06-06T01:49:02Z</time>
   </trkpt>
   <trkpt lat="47.6155100" lon="-120.6722130">
    <ele>549.4</ele>
    <time>2026-06-06T01:49:03Z</time>
   </trkpt>
   <trkpt lat="47.6155020" lon="-120.6722050">
    <ele>549.5</ele>
    <time>2026-06-06T01:49:04Z</time>
   </trkpt>
   <trkpt lat="47.6154790" lon="-120.6721790">
    <ele>549.7</ele>
    <time>2026-06-06T01:49:05Z</time>
   </trkpt>
   <trkpt lat="47.6154710" lon="-120.6721720">
    <ele>549.8</ele>
    <time>2026-06-06T01:49:06Z</time>
   </trkpt>
   <trkpt lat="47.6154560" lon="-120.6721570">
    <ele>549.9</ele>
    <time>2026-06-06T01:49:07Z</time>
   </trkpt>
   <trkpt lat="47.6154400" lon="-120.6721450">
    <ele>550.0</ele>
    <time>2026-06-06T01:49:08Z</time>
   </trkpt>
   <trkpt lat="47.6154070" lon="-120.6721540">
    <ele>550.3</ele>
    <time>2026-06-06T01:49:09Z</time>
   </trkpt>
   <trkpt lat="47.6153970" lon="-120.6721600">
    <ele>550.3</ele>
    <time>2026-06-06T01:49:10Z</time>
   </trkpt>
   <trkpt lat="47.6153960" lon="-120.6722160">
    <ele>550.6</ele>
    <time>2026-06-06T01:49:11Z</time>
   </trkpt>
   <trkpt lat="47.6154170" lon="-120.6722410">
    <ele>550.8</ele>
    <time>2026-06-06T01:49:12Z</time>
   </trkpt>
   <trkpt lat="47.6154330" lon="-120.6722470">
    <ele>551.0</ele>
    <time>2026-06-06T01:49:13Z</time>
   </trkpt>
   <trkpt lat="47.6154480" lon="-120.6722570">
    <ele>551.2</ele>
    <time>2026-06-06T01:49:14Z</time>
   </trkpt>
   <trkpt lat="47.6154700" lon="-120.6722910">
    <ele>551.5</ele>
    <time>2026-06-06T01:49:15Z</time>
   </trkpt>
   <trkpt lat="47.6154770" lon="-120.6723020">
    <ele>551.7</ele>
    <time>2026-06-06T01:49:16Z</time>
   </trkpt>
   <trkpt lat="47.6154890" lon="-120.6723210">
    <ele>551.9</ele>
    <time>2026-06-06T01:49:17Z</time>
   </trkpt>
   <trkpt lat="47.6155000" lon="-120.6723380">
    <ele>552.1</ele>
    <time>2026-06-06T01:49:18Z</time>
   </trkpt>
   <trkpt lat="47.6155100" lon="-120.6723550">
    <ele>552.4</ele>
    <time>2026-06-06T01:49:19Z</time>
   </trkpt>
   <trkpt lat="47.6155180" lon="-120.6723720">
    <ele>552.6</ele>
    <time>2026-06-06T01:49:20Z</time>
   </trkpt>
   <trkpt lat="47.6155260" lon="-120.6723910">
    <ele>552.8</ele>
    <time>2026-06-06T01:49:21Z</time>
   </trkpt>
   <trkpt lat="47.6155350" lon="-120.6724070">
    <ele>553.0</ele>
    <time>2026-06-06T01:49:22Z</time>
   </trkpt>
   <trkpt lat="47.6155450" lon="-120.6724210">
    <ele>553.3</ele>
    <time>2026-06-06T01:49:23Z</time>
   </trkpt>
   <trkpt lat="47.6155570" lon="-120.6724310">
    <ele>553.5</ele>
    <time>2026-06-06T01:49:24Z</time>
   </trkpt>
   <trkpt lat="47.6155670" lon="-120.6724370">
    <ele>553.6</ele>
    <time>2026-06-06T01:49:25Z</time>
   </trkpt>
   <trkpt lat="47.6155750" lon="-120.6724440">
    <ele>553.8</ele>
    <time>2026-06-06T01:49:26Z</time>
   </trkpt>
   <trkpt lat="47.6155840" lon="-120.6724490">
    <ele>553.9</ele>
    <time>2026-06-06T01:49:27Z</time>
   </trkpt>
   <trkpt lat="47.6155930" lon="-120.6724580">
    <ele>554.1</ele>
    <time>2026-06-06T01:49:28Z</time>
   </trkpt>
   <trkpt lat="47.6156050" lon="-120.6724620">
    <ele>554.3</ele>
    <time>2026-06-06T01:49:29Z</time>
   </trkpt>
   <trkpt lat="47.6156160" lon="-120.6724660">
    <ele>554.4</ele>
    <time>2026-06-06T01:49:30Z</time>
   </trkpt>
   <trkpt lat="47.6156250" lon="-120.6724720">
    <ele>554.5</ele>
    <time>2026-06-06T01:49:31Z</time>
   </trkpt>
   <trkpt lat="47.6156340" lon="-120.6724800">
    <ele>554.7</ele>
    <time>2026-06-06T01:49:32Z</time>
   </trkpt>
   <trkpt lat="47.6156420" lon="-120.6724910">
    <ele>554.8</ele>
    <time>2026-06-06T01:49:33Z</time>
   </trkpt>
   <trkpt lat="47.6156520" lon="-120.6725020">
    <ele>555.0</ele>
    <time>2026-06-06T01:49:34Z</time>
   </trkpt>
   <trkpt lat="47.6156630" lon="-120.6725100">
    <ele>555.1</ele>
    <time>2026-06-06T01:49:35Z</time>
   </trkpt>
   <trkpt lat="47.6156730" lon="-120.6725190">
    <ele>555.2</ele>
    <time>2026-06-06T01:49:36Z</time>
   </trkpt>
   <trkpt lat="47.6156900" lon="-120.6725360">
    <ele>555.4</ele>
    <time>2026-06-06T01:49:37Z</time>
   </trkpt>
   <trkpt lat="47.6156970" lon="-120.6725430">
    <ele>555.5</ele>
    <time>2026-06-06T01:49:38Z</time>
   </trkpt>
   <trkpt lat="47.6157030" lon="-120.6725500">
    <ele>555.6</ele>
    <time>2026-06-06T01:49:39Z</time>
   </trkpt>
   <trkpt lat="47.6157130" lon="-120.6725600">
    <ele>555.7</ele>
    <time>2026-06-06T01:49:40Z</time>
   </trkpt>
   <trkpt lat="47.6157200" lon="-120.6725700">
    <ele>555.8</ele>
    <time>2026-06-06T01:49:41Z</time>
   </trkpt>
   <trkpt lat="47.6157310" lon="-120.6725840">
    <ele>555.9</ele>
    <time>2026-06-06T01:49:42Z</time>
   </trkpt>
   <trkpt lat="47.6157420" lon="-120.6725990">
    <ele>556.0</ele>
    <time>2026-06-06T01:49:43Z</time>
   </trkpt>
   <trkpt lat="47.6157530" lon="-120.6726140">
    <ele>556.1</ele>
    <time>2026-06-06T01:49:44Z</time>
   </trkpt>
   <trkpt lat="47.6157640" lon="-120.6726330">
    <ele>556.3</ele>
    <time>2026-06-06T01:49:45Z</time>
   </trkpt>
   <trkpt lat="47.6157770" lon="-120.6726530">
    <ele>556.4</ele>
    <time>2026-06-06T01:49:46Z</time>
   </trkpt>
   <trkpt lat="47.6157870" lon="-120.6726760">
    <ele>556.5</ele>
    <time>2026-06-06T01:49:47Z</time>
   </trkpt>
   <trkpt lat="47.6157990" lon="-120.6726890">
    <ele>556.6</ele>
    <time>2026-06-06T01:49:48Z</time>
   </trkpt>
   <trkpt lat="47.6158080" lon="-120.6727000">
    <ele>556.7</ele>
    <time>2026-06-06T01:49:49Z</time>
   </trkpt>
   <trkpt lat="47.6158130" lon="-120.6727100">
    <ele>556.7</ele>
    <time>2026-06-06T01:49:50Z</time>
   </trkpt>
   <trkpt lat="47.6158170" lon="-120.6727220">
    <ele>556.8</ele>
    <time>2026-06-06T01:49:51Z</time>
   </trkpt>
   <trkpt lat="47.6158210" lon="-120.6727370">
    <ele>556.8</ele>
    <time>2026-06-06T01:49:52Z</time>
   </trkpt>
   <trkpt lat="47.6158240" lon="-120.6727530">
    <ele>556.9</ele>
    <time>2026-06-06T01:49:53Z</time>
   </trkpt>
   <trkpt lat="47.6158330" lon="-120.6727690">
    <ele>557.0</ele>
    <time>2026-06-06T01:49:54Z</time>
   </trkpt>
   <trkpt lat="47.6158420" lon="-120.6727880">
    <ele>557.1</ele>
    <time>2026-06-06T01:49:55Z</time>
   </trkpt>
   <trkpt lat="47.6158530" lon="-120.6728100">
    <ele>557.2</ele>
    <time>2026-06-06T01:49:56Z</time>
   </trkpt>
   <trkpt lat="47.6158730" lon="-120.6728410">
    <ele>557.4</ele>
    <time>2026-06-06T01:49:57Z</time>
   </trkpt>
   <trkpt lat="47.6158790" lon="-120.6728520">
    <ele>557.5</ele>
    <time>2026-06-06T01:49:58Z</time>
   </trkpt>
   <trkpt lat="47.6158990" lon="-120.6728900">
    <ele>557.7</ele>
    <time>2026-06-06T01:49:59Z</time>
   </trkpt>
   <trkpt lat="47.6159060" lon="-120.6729020">
    <ele>557.8</ele>
    <time>2026-06-06T01:50:00Z</time>
   </trkpt>
   <trkpt lat="47.6159300" lon="-120.6729400">
    <ele>558.1</ele>
    <time>2026-06-06T01:50:01Z</time>
   </trkpt>
   <trkpt lat="47.6159370" lon="-120.6729530">
    <ele>558.2</ele>
    <time>2026-06-06T01:50:02Z</time>
   </trkpt>
   <trkpt lat="47.6159610" lon="-120.6729860">
    <ele>558.5</ele>
    <time>2026-06-06T01:50:03Z</time>
   </trkpt>
   <trkpt lat="47.6159680" lon="-120.6729980">
    <ele>558.6</ele>
    <time>2026-06-06T01:50:04Z</time>
   </trkpt>
   <trkpt lat="47.6159870" lon="-120.6730300">
    <ele>558.9</ele>
    <time>2026-06-06T01:50:05Z</time>
   </trkpt>
   <trkpt lat="47.6159920" lon="-120.6730410">
    <ele>559.0</ele>
    <time>2026-06-06T01:50:06Z</time>
   </trkpt>
   <trkpt lat="47.6160040" lon="-120.6730600">
    <ele>559.1</ele>
    <time>2026-06-06T01:50:07Z</time>
   </trkpt>
   <trkpt lat="47.6160150" lon="-120.6730820">
    <ele>559.3</ele>
    <time>2026-06-06T01:50:08Z</time>
   </trkpt>
   <trkpt lat="47.6160320" lon="-120.6731160">
    <ele>559.6</ele>
    <time>2026-06-06T01:50:09Z</time>
   </trkpt>
   <trkpt lat="47.6160380" lon="-120.6731260">
    <ele>559.6</ele>
    <time>2026-06-06T01:50:10Z</time>
   </trkpt>
   <trkpt lat="47.6160470" lon="-120.6731480">
    <ele>559.8</ele>
    <time>2026-06-06T01:50:11Z</time>
   </trkpt>
   <trkpt lat="47.6160560" lon="-120.6731700">
    <ele>559.9</ele>
    <time>2026-06-06T01:50:12Z</time>
   </trkpt>
   <trkpt lat="47.6160660" lon="-120.6731920">
    <ele>560.1</ele>
    <time>2026-06-06T01:50:13Z</time>
   </trkpt>
   <trkpt lat="47.6160780" lon="-120.6732110">
    <ele>560.2</ele>
    <time>2026-06-06T01:50:14Z</time>
   </trkpt>
   <trkpt lat="47.6161010" lon="-120.6732410">
    <ele>560.5</ele>
    <time>2026-06-06T01:50:15Z</time>
   </trkpt>
   <trkpt lat="47.6161080" lon="-120.6732520">
    <ele>560.5</ele>
    <time>2026-06-06T01:50:16Z</time>
   </trkpt>
   <trkpt lat="47.6161330" lon="-120.6732870">
    <ele>560.8</ele>
    <time>2026-06-06T01:50:17Z</time>
   </trkpt>
   <trkpt lat="47.6161400" lon="-120.6732990">
    <ele>560.9</ele>
    <time>2026-06-06T01:50:18Z</time>
   </trkpt>
   <trkpt lat="47.6161630" lon="-120.6733260">
    <ele>561.2</ele>
    <time>2026-06-06T01:50:19Z</time>
   </trkpt>
   <trkpt lat="47.6161690" lon="-120.6733320">
    <ele>561.3</ele>
    <time>2026-06-06T01:50:20Z</time>
   </trkpt>
   <trkpt lat="47.6161910" lon="-120.6733570">
    <ele>561.5</ele>
    <time>2026-06-06T01:50:21Z</time>
   </trkpt>
   <trkpt lat="47.6161990" lon="-120.6733650">
    <ele>561.6</ele>
    <time>2026-06-06T01:50:22Z</time>
   </trkpt>
   <trkpt lat="47.6162320" lon="-120.6733800">
    <ele>562.0</ele>
    <time>2026-06-06T01:50:23Z</time>
   </trkpt>
   <trkpt lat="47.6162440" lon="-120.6733840">
    <ele>562.1</ele>
    <time>2026-06-06T01:50:24Z</time>
   </trkpt>
   <trkpt lat="47.6162820" lon="-120.6733790">
    <ele>562.5</ele>
    <time>2026-06-06T01:50:25Z</time>
   </trkpt>
   <trkpt lat="47.6162950" lon="-120.6733770">
    <ele>562.7</ele>
    <time>2026-06-06T01:50:26Z</time>
   </trkpt>
   <trkpt lat="47.6163270" lon="-120.6733790">
    <ele>563.0</ele>
    <time>2026-06-06T01:50:27Z</time>
   </trkpt>
   <trkpt lat="47.6163520" lon="-120.6733940">
    <ele>563.3</ele>
    <time>2026-06-06T01:50:28Z</time>
   </trkpt>
   <trkpt lat="47.6163780" lon="-120.6734100">
    <ele>563.7</ele>
    <time>2026-06-06T01:50:29Z</time>
   </trkpt>
   <trkpt lat="47.6164100" lon="-120.6734430">
    <ele>564.2</ele>
    <time>2026-06-06T01:50:30Z</time>
   </trkpt>
   <trkpt lat="47.6164200" lon="-120.6734520">
    <ele>564.3</ele>
    <time>2026-06-06T01:50:31Z</time>
   </trkpt>
   <trkpt lat="47.6164440" lon="-120.6734840">
    <ele>564.7</ele>
    <time>2026-06-06T01:50:32Z</time>
   </trkpt>
   <trkpt lat="47.6164500" lon="-120.6734960">
    <ele>564.8</ele>
    <time>2026-06-06T01:50:33Z</time>
   </trkpt>
   <trkpt lat="47.6164730" lon="-120.6735220">
    <ele>565.2</ele>
    <time>2026-06-06T01:50:34Z</time>
   </trkpt>
   <trkpt lat="47.6164790" lon="-120.6735300">
    <ele>565.3</ele>
    <time>2026-06-06T01:50:35Z</time>
   </trkpt>
   <trkpt lat="47.6165030" lon="-120.6735570">
    <ele>565.6</ele>
    <time>2026-06-06T01:50:36Z</time>
   </trkpt>
   <trkpt lat="47.6165100" lon="-120.6735660">
    <ele>565.7</ele>
    <time>2026-06-06T01:50:37Z</time>
   </trkpt>
   <trkpt lat="47.6165240" lon="-120.6735830">
    <ele>566.0</ele>
    <time>2026-06-06T01:50:38Z</time>
   </trkpt>
   <trkpt lat="47.6165360" lon="-120.6735950">
    <ele>566.1</ele>
    <time>2026-06-06T01:50:39Z</time>
   </trkpt>
   <trkpt lat="47.6165480" lon="-120.6736090">
    <ele>566.3</ele>
    <time>2026-06-06T01:50:40Z</time>
   </trkpt>
   <trkpt lat="47.6165660" lon="-120.6736220">
    <ele>566.6</ele>
    <time>2026-06-06T01:50:41Z</time>
   </trkpt>
   <trkpt lat="47.6165960" lon="-120.6736410">
    <ele>567.0</ele>
    <time>2026-06-06T01:50:42Z</time>
   </trkpt>
   <trkpt lat="47.6166050" lon="-120.6736480">
    <ele>567.1</ele>
    <time>2026-06-06T01:50:43Z</time>
   </trkpt>
   <trkpt lat="47.6166400" lon="-120.6736590">
    <ele>567.5</ele>
    <time>2026-06-06T01:50:44Z</time>
   </trkpt>
   <trkpt lat="47.6166510" lon="-120.6736620">
    <ele>567.7</ele>
    <time>2026-06-06T01:50:45Z</time>
   </trkpt>
   <trkpt lat="47.6166810" lon="-120.6736630">
    <ele>568.0</ele>
    <time>2026-06-06T01:50:46Z</time>
   </trkpt>
   <trkpt lat="47.6166910" lon="-120.6736630">
    <ele>568.2</ele>
    <time>2026-06-06T01:50:47Z</time>
   </trkpt>
   <trkpt lat="47.6167070" lon="-120.6736670">
    <ele>568.3</ele>
    <time>2026-06-06T01:50:48Z</time>
   </trkpt>
   <trkpt lat="47.6167210" lon="-120.6736740">
    <ele>568.5</ele>
    <time>2026-06-06T01:50:49Z</time>
   </trkpt>
   <trkpt lat="47.6167320" lon="-120.6736850">
    <ele>568.7</ele>
    <time>2026-06-06T01:50:50Z</time>
   </trkpt>
   <trkpt lat="47.6167420" lon="-120.6737040">
    <ele>568.9</ele>
    <time>2026-06-06T01:50:51Z</time>
   </trkpt>
   <trkpt lat="47.6167490" lon="-120.6737300">
    <ele>569.1</ele>
    <time>2026-06-06T01:50:52Z</time>
   </trkpt>
   <trkpt lat="47.6167590" lon="-120.6737500">
    <ele>569.2</ele>
    <time>2026-06-06T01:50:53Z</time>
   </trkpt>
   <trkpt lat="47.6167690" lon="-120.6737610">
    <ele>569.4</ele>
    <time>2026-06-06T01:50:54Z</time>
   </trkpt>
   <trkpt lat="47.6167760" lon="-120.6737720">
    <ele>569.5</ele>
    <time>2026-06-06T01:50:55Z</time>
   </trkpt>
   <trkpt lat="47.6167820" lon="-120.6737820">
    <ele>569.5</ele>
    <time>2026-06-06T01:50:56Z</time>
   </trkpt>
   <trkpt lat="47.6167970" lon="-120.6738090">
    <ele>569.8</ele>
    <time>2026-06-06T01:50:57Z</time>
   </trkpt>
   <trkpt lat="47.6168030" lon="-120.6738220">
    <ele>569.8</ele>
    <time>2026-06-06T01:50:58Z</time>
   </trkpt>
   <trkpt lat="47.6168090" lon="-120.6738360">
    <ele>569.9</ele>
    <time>2026-06-06T01:50:59Z</time>
   </trkpt>
   <trkpt lat="47.6168300" lon="-120.6738790">
    <ele>570.2</ele>
    <time>2026-06-06T01:51:00Z</time>
   </trkpt>
   <trkpt lat="47.6168370" lon="-120.6738940">
    <ele>570.3</ele>
    <time>2026-06-06T01:51:01Z</time>
   </trkpt>
   <trkpt lat="47.6168580" lon="-120.6739310">
    <ele>570.5</ele>
    <time>2026-06-06T01:51:02Z</time>
   </trkpt>
   <trkpt lat="47.6168660" lon="-120.6739410">
    <ele>570.6</ele>
    <time>2026-06-06T01:51:03Z</time>
   </trkpt>
   <trkpt lat="47.6168880" lon="-120.6739680">
    <ele>570.8</ele>
    <time>2026-06-06T01:51:04Z</time>
   </trkpt>
   <trkpt lat="47.6168960" lon="-120.6739770">
    <ele>570.8</ele>
    <time>2026-06-06T01:51:05Z</time>
   </trkpt>
   <trkpt lat="47.6169160" lon="-120.6740140">
    <ele>571.1</ele>
    <time>2026-06-06T01:51:06Z</time>
   </trkpt>
   <trkpt lat="47.6169220" lon="-120.6740270">
    <ele>571.1</ele>
    <time>2026-06-06T01:51:07Z</time>
   </trkpt>
   <trkpt lat="47.6169460" lon="-120.6740620">
    <ele>571.4</ele>
    <time>2026-06-06T01:51:08Z</time>
   </trkpt>
   <trkpt lat="47.6169540" lon="-120.6740740">
    <ele>571.4</ele>
    <time>2026-06-06T01:51:09Z</time>
   </trkpt>
   <trkpt lat="47.6169840" lon="-120.6741080">
    <ele>571.7</ele>
    <time>2026-06-06T01:51:10Z</time>
   </trkpt>
   <trkpt lat="47.6169950" lon="-120.6741190">
    <ele>571.8</ele>
    <time>2026-06-06T01:51:11Z</time>
   </trkpt>
   <trkpt lat="47.6170280" lon="-120.6741450">
    <ele>572.1</ele>
    <time>2026-06-06T01:51:12Z</time>
   </trkpt>
   <trkpt lat="47.6170390" lon="-120.6741530">
    <ele>572.2</ele>
    <time>2026-06-06T01:51:13Z</time>
   </trkpt>
   <trkpt lat="47.6170730" lon="-120.6741740">
    <ele>572.4</ele>
    <time>2026-06-06T01:51:14Z</time>
   </trkpt>
   <trkpt lat="47.6170830" lon="-120.6741820">
    <ele>572.5</ele>
    <time>2026-06-06T01:51:15Z</time>
   </trkpt>
   <trkpt lat="47.6171090" lon="-120.6742100">
    <ele>572.7</ele>
    <time>2026-06-06T01:51:16Z</time>
   </trkpt>
   <trkpt lat="47.6171170" lon="-120.6742190">
    <ele>572.8</ele>
    <time>2026-06-06T01:51:17Z</time>
   </trkpt>
   <trkpt lat="47.6171440" lon="-120.6742470">
    <ele>572.9</ele>
    <time>2026-06-06T01:51:18Z</time>
   </trkpt>
   <trkpt lat="47.6171520" lon="-120.6742540">
    <ele>572.9</ele>
    <time>2026-06-06T01:51:19Z</time>
   </trkpt>
   <trkpt lat="47.6171810" lon="-120.6742790">
    <ele>573.0</ele>
    <time>2026-06-06T01:51:20Z</time>
   </trkpt>
   <trkpt lat="47.6171910" lon="-120.6742860">
    <ele>573.1</ele>
    <time>2026-06-06T01:51:21Z</time>
   </trkpt>
   <trkpt lat="47.6172180" lon="-120.6743070">
    <ele>573.1</ele>
    <time>2026-06-06T01:51:22Z</time>
   </trkpt>
   <trkpt lat="47.6172450" lon="-120.6743290">
    <ele>573.1</ele>
    <time>2026-06-06T01:51:23Z</time>
   </trkpt>
   <trkpt lat="47.6172700" lon="-120.6743510">
    <ele>573.2</ele>
    <time>2026-06-06T01:51:24Z</time>
   </trkpt>
   <trkpt lat="47.6172990" lon="-120.6743780">
    <ele>573.2</ele>
    <time>2026-06-06T01:51:25Z</time>
   </trkpt>
   <trkpt lat="47.6173240" lon="-120.6744040">
    <ele>573.3</ele>
    <time>2026-06-06T01:51:26Z</time>
   </trkpt>
   <trkpt lat="47.6173390" lon="-120.6744370">
    <ele>573.3</ele>
    <time>2026-06-06T01:51:27Z</time>
   </trkpt>
   <trkpt lat="47.6173540" lon="-120.6744800">
    <ele>573.5</ele>
    <time>2026-06-06T01:51:28Z</time>
   </trkpt>
   <trkpt lat="47.6173760" lon="-120.6745280">
    <ele>573.8</ele>
    <time>2026-06-06T01:51:29Z</time>
   </trkpt>
   <trkpt lat="47.6173950" lon="-120.6745690">
    <ele>574.1</ele>
    <time>2026-06-06T01:51:30Z</time>
   </trkpt>
   <trkpt lat="47.6174140" lon="-120.6745980">
    <ele>574.5</ele>
    <time>2026-06-06T01:51:31Z</time>
   </trkpt>
   <trkpt lat="47.6174210" lon="-120.6746170">
    <ele>574.7</ele>
    <time>2026-06-06T01:51:32Z</time>
   </trkpt>
   <trkpt lat="47.6174070" lon="-120.6746140">
    <ele>574.9</ele>
    <time>2026-06-06T01:51:33Z</time>
   </trkpt>
   <trkpt lat="47.6173960" lon="-120.6745970">
    <ele>575.2</ele>
    <time>2026-06-06T01:51:34Z</time>
   </trkpt>
   <trkpt lat="47.6173860" lon="-120.6745650">
    <ele>575.6</ele>
    <time>2026-06-06T01:51:35Z</time>
   </trkpt>
   <trkpt lat="47.6173760" lon="-120.6745190">
    <ele>576.1</ele>
    <time>2026-06-06T01:51:36Z</time>
   </trkpt>
   <trkpt lat="47.6173730" lon="-120.6745050">
    <ele>576.3</ele>
    <time>2026-06-06T01:51:37Z</time>
   </trkpt>
   <trkpt lat="47.6173670" lon="-120.6744810">
    <ele>576.6</ele>
    <time>2026-06-06T01:51:38Z</time>
   </trkpt>
   <trkpt lat="47.6173550" lon="-120.6744640">
    <ele>576.8</ele>
    <time>2026-06-06T01:51:39Z</time>
   </trkpt>
   <trkpt lat="47.6173420" lon="-120.6744540">
    <ele>577.1</ele>
    <time>2026-06-06T01:51:40Z</time>
   </trkpt>
   <trkpt lat="47.6173310" lon="-120.6744440">
    <ele>577.3</ele>
    <time>2026-06-06T01:51:41Z</time>
   </trkpt>
   <trkpt lat="47.6173200" lon="-120.6744310">
    <ele>577.5</ele>
    <time>2026-06-06T01:51:42Z</time>
   </trkpt>
   <trkpt lat="47.6173090" lon="-120.6744170">
    <ele>577.7</ele>
    <time>2026-06-06T01:51:43Z</time>
   </trkpt>
   <trkpt lat="47.6172930" lon="-120.6744070">
    <ele>578.0</ele>
    <time>2026-06-06T01:51:44Z</time>
   </trkpt>
   <trkpt lat="47.6172770" lon="-120.6743940">
    <ele>578.3</ele>
    <time>2026-06-06T01:51:45Z</time>
   </trkpt>
   <trkpt lat="47.6172630" lon="-120.6743870">
    <ele>578.5</ele>
    <time>2026-06-06T01:51:46Z</time>
   </trkpt>
   <trkpt lat="47.6172480" lon="-120.6743800">
    <ele>578.7</ele>
    <time>2026-06-06T01:51:47Z</time>
   </trkpt>
   <trkpt lat="47.6172320" lon="-120.6743730">
    <ele>579.0</ele>
    <time>2026-06-06T01:51:48Z</time>
   </trkpt>
   <trkpt lat="47.6172150" lon="-120.6743670">
    <ele>579.2</ele>
    <time>2026-06-06T01:51:49Z</time>
   </trkpt>
   <trkpt lat="47.6171910" lon="-120.6743480">
    <ele>579.6</ele>
    <time>2026-06-06T01:51:50Z</time>
   </trkpt>
   <trkpt lat="47.6171820" lon="-120.6743420">
    <ele>579.7</ele>
    <time>2026-06-06T01:51:51Z</time>
   </trkpt>
   <trkpt lat="47.6171680" lon="-120.6743290">
    <ele>579.9</ele>
    <time>2026-06-06T01:51:52Z</time>
   </trkpt>
   <trkpt lat="47.6171560" lon="-120.6743160">
    <ele>580.1</ele>
    <time>2026-06-06T01:51:53Z</time>
   </trkpt>
   <trkpt lat="47.6171420" lon="-120.6743060">
    <ele>580.2</ele>
    <time>2026-06-06T01:51:54Z</time>
   </trkpt>
   <trkpt lat="47.6171290" lon="-120.6742940">
    <ele>580.4</ele>
    <time>2026-06-06T01:51:55Z</time>
   </trkpt>
   <trkpt lat="47.6171150" lon="-120.6742810">
    <ele>580.6</ele>
    <time>2026-06-06T01:51:56Z</time>
   </trkpt>
   <trkpt lat="47.6171020" lon="-120.6742650">
    <ele>580.7</ele>
    <time>2026-06-06T01:51:57Z</time>
   </trkpt>
   <trkpt lat="47.6170760" lon="-120.6742390">
    <ele>581.1</ele>
    <time>2026-06-06T01:51:58Z</time>
   </trkpt>
   <trkpt lat="47.6170660" lon="-120.6742310">
    <ele>581.2</ele>
    <time>2026-06-06T01:51:59Z</time>
   </trkpt>
   <trkpt lat="47.6170360" lon="-120.6742170">
    <ele>581.5</ele>
    <time>2026-06-06T01:52:00Z</time>
   </trkpt>
   <trkpt lat="47.6170250" lon="-120.6742150">
    <ele>581.6</ele>
    <time>2026-06-06T01:52:01Z</time>
   </trkpt>
   <trkpt lat="47.6169960" lon="-120.6742110">
    <ele>581.9</ele>
    <time>2026-06-06T01:52:02Z</time>
   </trkpt>
   <trkpt lat="47.6169860" lon="-120.6742100">
    <ele>582.0</ele>
    <time>2026-06-06T01:52:03Z</time>
   </trkpt>
   <trkpt lat="47.6169670" lon="-120.6742070">
    <ele>582.2</ele>
    <time>2026-06-06T01:52:04Z</time>
   </trkpt>
   <trkpt lat="47.6169510" lon="-120.6741970">
    <ele>582.4</ele>
    <time>2026-06-06T01:52:05Z</time>
   </trkpt>
   <trkpt lat="47.6169360" lon="-120.6741840">
    <ele>582.6</ele>
    <time>2026-06-06T01:52:06Z</time>
   </trkpt>
   <trkpt lat="47.6169210" lon="-120.6741670">
    <ele>582.8</ele>
    <time>2026-06-06T01:52:07Z</time>
   </trkpt>
   <trkpt lat="47.6168970" lon="-120.6741370">
    <ele>583.2</ele>
    <time>2026-06-06T01:52:08Z</time>
   </trkpt>
   <trkpt lat="47.6168890" lon="-120.6741290">
    <ele>583.3</ele>
    <time>2026-06-06T01:52:09Z</time>
   </trkpt>
   <trkpt lat="47.6168720" lon="-120.6741190">
    <ele>583.5</ele>
    <time>2026-06-06T01:52:10Z</time>
   </trkpt>
   <trkpt lat="47.6168580" lon="-120.6741100">
    <ele>583.7</ele>
    <time>2026-06-06T01:52:11Z</time>
   </trkpt>
   <trkpt lat="47.6168450" lon="-120.6740980">
    <ele>583.9</ele>
    <time>2026-06-06T01:52:12Z</time>
   </trkpt>
   <trkpt lat="47.6168330" lon="-120.6740870">
    <ele>584.0</ele>
    <time>2026-06-06T01:52:13Z</time>
   </trkpt>
   <trkpt lat="47.6168190" lon="-120.6740750">
    <ele>584.2</ele>
    <time>2026-06-06T01:52:14Z</time>
   </trkpt>
   <trkpt lat="47.6168070" lon="-120.6740600">
    <ele>584.3</ele>
    <time>2026-06-06T01:52:15Z</time>
   </trkpt>
   <trkpt lat="47.6167950" lon="-120.6740440">
    <ele>584.4</ele>
    <time>2026-06-06T01:52:16Z</time>
   </trkpt>
   <trkpt lat="47.6167800" lon="-120.6740270">
    <ele>584.5</ele>
    <time>2026-06-06T01:52:17Z</time>
   </trkpt>
   <trkpt lat="47.6167690" lon="-120.6740070">
    <ele>584.6</ele>
    <time>2026-06-06T01:52:18Z</time>
   </trkpt>
   <trkpt lat="47.6167590" lon="-120.6739880">
    <ele>584.7</ele>
    <time>2026-06-06T01:52:19Z</time>
   </trkpt>
   <trkpt lat="47.6167300" lon="-120.6739550">
    <ele>584.8</ele>
    <time>2026-06-06T01:52:20Z</time>
   </trkpt>
   <trkpt lat="47.6166960" lon="-120.6739250">
    <ele>584.9</ele>
    <time>2026-06-06T01:52:21Z</time>
   </trkpt>
   <trkpt lat="47.6166690" lon="-120.6739070">
    <ele>585.0</ele>
    <time>2026-06-06T01:52:22Z</time>
   </trkpt>
   <trkpt lat="47.6166360" lon="-120.6738940">
    <ele>585.0</ele>
    <time>2026-06-06T01:52:23Z</time>
   </trkpt>
   <trkpt lat="47.6165980" lon="-120.6738790">
    <ele>585.1</ele>
    <time>2026-06-06T01:52:24Z</time>
   </trkpt>
   <trkpt lat="47.6165530" lon="-120.6738640">
    <ele>585.2</ele>
    <time>2026-06-06T01:52:25Z</time>
   </trkpt>
   <trkpt lat="47.6165130" lon="-120.6738520">
    <ele>585.3</ele>
    <time>2026-06-06T01:52:26Z</time>
   </trkpt>
   <trkpt lat="47.6164820" lon="-120.6738350">
    <ele>585.4</ele>
    <time>2026-06-06T01:52:27Z</time>
   </trkpt>
   <trkpt lat="47.6164490" lon="-120.6738100">
    <ele>585.5</ele>
    <time>2026-06-06T01:52:28Z</time>
   </trkpt>
   <trkpt lat="47.6164370" lon="-120.6738020">
    <ele>585.5</ele>
    <time>2026-06-06T01:52:29Z</time>
   </trkpt>
   <trkpt lat="47.6163960" lon="-120.6737930">
    <ele>585.6</ele>
    <time>2026-06-06T01:52:30Z</time>
   </trkpt>
   <trkpt lat="47.6163570" lon="-120.6738020">
    <ele>585.8</ele>
    <time>2026-06-06T01:52:31Z</time>
   </trkpt>
   <trkpt lat="47.6163090" lon="-120.6738070">
    <ele>586.0</ele>
    <time>2026-06-06T01:52:32Z</time>
   </trkpt>
   <trkpt lat="47.6162730" lon="-120.6737960">
    <ele>586.3</ele>
    <time>2026-06-06T01:52:33Z</time>
   </trkpt>
   <trkpt lat="47.6162450" lon="-120.6737880">
    <ele>586.5</ele>
    <time>2026-06-06T01:52:34Z</time>
   </trkpt>
   <trkpt lat="47.6162080" lon="-120.6737690">
    <ele>586.9</ele>
    <time>2026-06-06T01:52:35Z</time>
   </trkpt>
   <trkpt lat="47.6161940" lon="-120.6737630">
    <ele>587.0</ele>
    <time>2026-06-06T01:52:36Z</time>
   </trkpt>
   <trkpt lat="47.6161610" lon="-120.6737440">
    <ele>587.4</ele>
    <time>2026-06-06T01:52:37Z</time>
   </trkpt>
   <trkpt lat="47.6161320" lon="-120.6737260">
    <ele>587.7</ele>
    <time>2026-06-06T01:52:38Z</time>
   </trkpt>
   <trkpt lat="47.6161060" lon="-120.6737060">
    <ele>588.0</ele>
    <time>2026-06-06T01:52:39Z</time>
   </trkpt>
   <trkpt lat="47.6160830" lon="-120.6736820">
    <ele>588.2</ele>
    <time>2026-06-06T01:52:40Z</time>
   </trkpt>
   <trkpt lat="47.6160560" lon="-120.6736410">
    <ele>588.5</ele>
    <time>2026-06-06T01:52:41Z</time>
   </trkpt>
   <trkpt lat="47.6160490" lon="-120.6736260">
    <ele>588.6</ele>
    <time>2026-06-06T01:52:42Z</time>
   </trkpt>
   <trkpt lat="47.6160280" lon="-120.6735910">
    <ele>588.8</ele>
    <time>2026-06-06T01:52:43Z</time>
   </trkpt>
   <trkpt lat="47.6160220" lon="-120.6735840">
    <ele>588.9</ele>
    <time>2026-06-06T01:52:44Z</time>
   </trkpt>
   <trkpt lat="47.6160110" lon="-120.6735770">
    <ele>588.9</ele>
    <time>2026-06-06T01:52:45Z</time>
   </trkpt>
   <trkpt lat="47.6159950" lon="-120.6735720">
    <ele>589.0</ele>
    <time>2026-06-06T01:52:46Z</time>
   </trkpt>
   <trkpt lat="47.6159690" lon="-120.6735620">
    <ele>589.2</ele>
    <time>2026-06-06T01:52:47Z</time>
   </trkpt>
   <trkpt lat="47.6159590" lon="-120.6735590">
    <ele>589.3</ele>
    <time>2026-06-06T01:52:48Z</time>
   </trkpt>
   <trkpt lat="47.6159290" lon="-120.6735450">
    <ele>589.5</ele>
    <time>2026-06-06T01:52:49Z</time>
   </trkpt>
   <trkpt lat="47.6159190" lon="-120.6735410">
    <ele>589.6</ele>
    <time>2026-06-06T01:52:50Z</time>
   </trkpt>
   <trkpt lat="47.6158900" lon="-120.6735290">
    <ele>589.8</ele>
    <time>2026-06-06T01:52:51Z</time>
   </trkpt>
   <trkpt lat="47.6158810" lon="-120.6735230">
    <ele>589.9</ele>
    <time>2026-06-06T01:52:52Z</time>
   </trkpt>
   <trkpt lat="47.6158570" lon="-120.6734930">
    <ele>590.1</ele>
    <time>2026-06-06T01:52:53Z</time>
   </trkpt>
   <trkpt lat="47.6158480" lon="-120.6734830">
    <ele>590.2</ele>
    <time>2026-06-06T01:52:54Z</time>
   </trkpt>
   <trkpt lat="47.6158230" lon="-120.6734550">
    <ele>590.5</ele>
    <time>2026-06-06T01:52:55Z</time>
   </trkpt>
   <trkpt lat="47.6158140" lon="-120.6734460">
    <ele>590.5</ele>
    <time>2026-06-06T01:52:56Z</time>
   </trkpt>
   <trkpt lat="47.6157940" lon="-120.6734150">
    <ele>590.7</ele>
    <time>2026-06-06T01:52:57Z</time>
   </trkpt>
   <trkpt lat="47.6157880" lon="-120.6734080">
    <ele>590.8</ele>
    <time>2026-06-06T01:52:58Z</time>
   </trkpt>
   <trkpt lat="47.6157670" lon="-120.6733790">
    <ele>590.9</ele>
    <time>2026-06-06T01:52:59Z</time>
   </trkpt>
   <trkpt lat="47.6157600" lon="-120.6733690">
    <ele>590.9</ele>
    <time>2026-06-06T01:53:00Z</time>
   </trkpt>
   <trkpt lat="47.6157350" lon="-120.6733380">
    <ele>591.0</ele>
    <time>2026-06-06T01:53:01Z</time>
   </trkpt>
   <trkpt lat="47.6157270" lon="-120.6733280">
    <ele>591.0</ele>
    <time>2026-06-06T01:53:02Z</time>
   </trkpt>
   <trkpt lat="47.6157040" lon="-120.6732940">
    <ele>591.1</ele>
    <time>2026-06-06T01:53:03Z</time>
   </trkpt>
   <trkpt lat="47.6156950" lon="-120.6732830">
    <ele>591.1</ele>
    <time>2026-06-06T01:53:04Z</time>
   </trkpt>
   <trkpt lat="47.6156810" lon="-120.6732650">
    <ele>591.1</ele>
    <time>2026-06-06T01:53:05Z</time>
   </trkpt>
   <trkpt lat="47.6156650" lon="-120.6732540">
    <ele>591.1</ele>
    <time>2026-06-06T01:53:06Z</time>
   </trkpt>
   <trkpt lat="47.6156390" lon="-120.6732350">
    <ele>591.2</ele>
    <time>2026-06-06T01:53:07Z</time>
   </trkpt>
   <trkpt lat="47.6156290" lon="-120.6732290">
    <ele>591.2</ele>
    <time>2026-06-06T01:53:08Z</time>
   </trkpt>
   <trkpt lat="47.6155990" lon="-120.6732510">
    <ele>591.3</ele>
    <time>2026-06-06T01:53:09Z</time>
   </trkpt>
   <trkpt lat="47.6155910" lon="-120.6732620">
    <ele>591.3</ele>
    <time>2026-06-06T01:53:10Z</time>
   </trkpt>
   <trkpt lat="47.6155990" lon="-120.6733200">
    <ele>591.6</ele>
    <time>2026-06-06T01:53:11Z</time>
   </trkpt>
   <trkpt lat="47.6156370" lon="-120.6733450">
    <ele>591.9</ele>
    <time>2026-06-06T01:53:12Z</time>
   </trkpt>
   <trkpt lat="47.6156680" lon="-120.6733540">
    <ele>592.3</ele>
    <time>2026-06-06T01:53:13Z</time>
   </trkpt>
   <trkpt lat="47.6156760" lon="-120.6733610">
    <ele>592.4</ele>
    <time>2026-06-06T01:53:14Z</time>
   </trkpt>
   <trkpt lat="47.6156910" lon="-120.6733730">
    <ele>592.6</ele>
    <time>2026-06-06T01:53:15Z</time>
   </trkpt>
   <trkpt lat="47.6157060" lon="-120.6733880">
    <ele>592.9</ele>
    <time>2026-06-06T01:53:16Z</time>
   </trkpt>
   <trkpt lat="47.6157240" lon="-120.6734180">
    <ele>593.4</ele>
    <time>2026-06-06T01:53:17Z</time>
   </trkpt>
   <trkpt lat="47.6157290" lon="-120.6734290">
    <ele>593.5</ele>
    <time>2026-06-06T01:53:18Z</time>
   </trkpt>
   <trkpt lat="47.6157400" lon="-120.6734500">
    <ele>593.8</ele>
    <time>2026-06-06T01:53:19Z</time>
   </trkpt>
   <trkpt lat="47.6157490" lon="-120.6734730">
    <ele>594.1</ele>
    <time>2026-06-06T01:53:20Z</time>
   </trkpt>
   <trkpt lat="47.6157580" lon="-120.6734970">
    <ele>594.5</ele>
    <time>2026-06-06T01:53:21Z</time>
   </trkpt>
   <trkpt lat="47.6157660" lon="-120.6735190">
    <ele>594.8</ele>
    <time>2026-06-06T01:53:22Z</time>
   </trkpt>
   <trkpt lat="47.6157790" lon="-120.6735550">
    <ele>595.3</ele>
    <time>2026-06-06T01:53:23Z</time>
   </trkpt>
   <trkpt lat="47.6157830" lon="-120.6735680">
    <ele>595.5</ele>
    <time>2026-06-06T01:53:24Z</time>
   </trkpt>
   <trkpt lat="47.6158000" lon="-120.6736040">
    <ele>595.9</ele>
    <time>2026-06-06T01:53:25Z</time>
   </trkpt>
   <trkpt lat="47.6158040" lon="-120.6736170">
    <ele>596.1</ele>
    <time>2026-06-06T01:53:26Z</time>
   </trkpt>
   <trkpt lat="47.6158140" lon="-120.6736550">
    <ele>596.5</ele>
    <time>2026-06-06T01:53:27Z</time>
   </trkpt>
   <trkpt lat="47.6158170" lon="-120.6736680">
    <ele>596.6</ele>
    <time>2026-06-06T01:53:28Z</time>
   </trkpt>
   <trkpt lat="47.6158260" lon="-120.6736910">
    <ele>596.9</ele>
    <time>2026-06-06T01:53:29Z</time>
   </trkpt>
   <trkpt lat="47.6158360" lon="-120.6737080">
    <ele>597.1</ele>
    <time>2026-06-06T01:53:30Z</time>
   </trkpt>
   <trkpt lat="47.6158490" lon="-120.6737220">
    <ele>597.3</ele>
    <time>2026-06-06T01:53:31Z</time>
   </trkpt>
   <trkpt lat="47.6158610" lon="-120.6737400">
    <ele>597.5</ele>
    <time>2026-06-06T01:53:32Z</time>
   </trkpt>
   <trkpt lat="47.6158720" lon="-120.6737600">
    <ele>597.8</ele>
    <time>2026-06-06T01:53:33Z</time>
   </trkpt>
   <trkpt lat="47.6158850" lon="-120.6737770">
    <ele>598.0</ele>
    <time>2026-06-06T01:53:34Z</time>
   </trkpt>
   <trkpt lat="47.6158980" lon="-120.6737920">
    <ele>598.2</ele>
    <time>2026-06-06T01:53:35Z</time>
   </trkpt>
   <trkpt lat="47.6159120" lon="-120.6738030">
    <ele>598.5</ele>
    <time>2026-06-06T01:53:36Z</time>
   </trkpt>
   <trkpt lat="47.6159190" lon="-120.6738160">
    <ele>598.6</ele>
    <time>2026-06-06T01:53:37Z</time>
   </trkpt>
   <trkpt lat="47.6159320" lon="-120.6738310">
    <ele>598.9</ele>
    <time>2026-06-06T01:53:38Z</time>
   </trkpt>
   <trkpt lat="47.6159420" lon="-120.6738420">
    <ele>599.1</ele>
    <time>2026-06-06T01:53:39Z</time>
   </trkpt>
   <trkpt lat="47.6159510" lon="-120.6738530">
    <ele>599.3</ele>
    <time>2026-06-06T01:53:40Z</time>
   </trkpt>
   <trkpt lat="47.6159570" lon="-120.6738620">
    <ele>599.5</ele>
    <time>2026-06-06T01:53:41Z</time>
   </trkpt>
   <trkpt lat="47.6159630" lon="-120.6738670">
    <ele>599.6</ele>
    <time>2026-06-06T01:53:42Z</time>
   </trkpt>
   <trkpt lat="47.6159680" lon="-120.6738720">
    <ele>599.7</ele>
    <time>2026-06-06T01:53:43Z</time>
   </trkpt>
   <trkpt lat="47.6159760" lon="-120.6738750">
    <ele>599.9</ele>
    <time>2026-06-06T01:53:44Z</time>
   </trkpt>
   <trkpt lat="47.6159840" lon="-120.6738810">
    <ele>600.1</ele>
    <time>2026-06-06T01:53:45Z</time>
   </trkpt>
   <trkpt lat="47.6159920" lon="-120.6738870">
    <ele>600.2</ele>
    <time>2026-06-06T01:53:46Z</time>
   </trkpt>
   <trkpt lat="47.6160010" lon="-120.6738960">
    <ele>600.4</ele>
    <time>2026-06-06T01:53:47Z</time>
   </trkpt>
   <trkpt lat="47.6160060" lon="-120.6739090">
    <ele>600.6</ele>
    <time>2026-06-06T01:53:48Z</time>
   </trkpt>
   <trkpt lat="47.6160130" lon="-120.6739170">
    <ele>600.8</ele>
    <time>2026-06-06T01:53:49Z</time>
   </trkpt>
   <trkpt lat="47.6160190" lon="-120.6739290">
    <ele>601.0</ele>
    <time>2026-06-06T01:53:50Z</time>
   </trkpt>
   <trkpt lat="47.6160270" lon="-120.6739430">
    <ele>601.2</ele>
    <time>2026-06-06T01:53:51Z</time>
   </trkpt>
   <trkpt lat="47.6160340" lon="-120.6739580">
    <ele>601.4</ele>
    <time>2026-06-06T01:53:52Z</time>
   </trkpt>
   <trkpt lat="47.6160430" lon="-120.6739690">
    <ele>601.6</ele>
    <time>2026-06-06T01:53:53Z</time>
   </trkpt>
   <trkpt lat="47.6160520" lon="-120.6739790">
    <ele>601.8</ele>
    <time>2026-06-06T01:53:54Z</time>
   </trkpt>
   <trkpt lat="47.6160590" lon="-120.6739900">
    <ele>602.0</ele>
    <time>2026-06-06T01:53:55Z</time>
   </trkpt>
   <trkpt lat="47.6160660" lon="-120.6740030">
    <ele>602.2</ele>
    <time>2026-06-06T01:53:56Z</time>
   </trkpt>
   <trkpt lat="47.6160730" lon="-120.6740150">
    <ele>602.4</ele>
    <time>2026-06-06T01:53:57Z</time>
   </trkpt>
   <trkpt lat="47.6160870" lon="-120.6740380">
    <ele>602.8</ele>
    <time>2026-06-06T01:53:58Z</time>
   </trkpt>
   <trkpt lat="47.6160930" lon="-120.6740480">
    <ele>603.0</ele>
    <time>2026-06-06T01:53:59Z</time>
   </trkpt>
   <trkpt lat="47.6160990" lon="-120.6740580">
    <ele>603.2</ele>
    <time>2026-06-06T01:54:00Z</time>
   </trkpt>
   <trkpt lat="47.6161080" lon="-120.6740740">
    <ele>603.4</ele>
    <time>2026-06-06T01:54:01Z</time>
   </trkpt>
   <trkpt lat="47.6161180" lon="-120.6740880">
    <ele>603.7</ele>
    <time>2026-06-06T01:54:02Z</time>
   </trkpt>
   <trkpt lat="47.6161300" lon="-120.6741000">
    <ele>603.9</ele>
    <time>2026-06-06T01:54:03Z</time>
   </trkpt>
   <trkpt lat="47.6161410" lon="-120.6741110">
    <ele>604.2</ele>
    <time>2026-06-06T01:54:04Z</time>
   </trkpt>
   <trkpt lat="47.6161570" lon="-120.6741300">
    <ele>604.6</ele>
    <time>2026-06-06T01:54:05Z</time>
   </trkpt>
   <trkpt lat="47.6161650" lon="-120.6741380">
    <ele>604.7</ele>
    <time>2026-06-06T01:54:06Z</time>
   </trkpt>
   <trkpt lat="47.6161720" lon="-120.6741470">
    <ele>604.9</ele>
    <time>2026-06-06T01:54:07Z</time>
   </trkpt>
   <trkpt lat="47.6161830" lon="-120.6741590">
    <ele>605.1</ele>
    <time>2026-06-06T01:54:08Z</time>
   </trkpt>
   <trkpt lat="47.6161950" lon="-120.6741730">
    <ele>605.4</ele>
    <time>2026-06-06T01:54:09Z</time>
   </trkpt>
   <trkpt lat="47.6162070" lon="-120.6741880">
    <ele>605.6</ele>
    <time>2026-06-06T01:54:10Z</time>
   </trkpt>
   <trkpt lat="47.6162220" lon="-120.6741990">
    <ele>605.9</ele>
    <time>2026-06-06T01:54:11Z</time>
   </trkpt>
   <trkpt lat="47.6162360" lon="-120.6742130">
    <ele>606.2</ele>
    <time>2026-06-06T01:54:12Z</time>
   </trkpt>
   <trkpt lat="47.6162490" lon="-120.6742240">
    <ele>606.4</ele>
    <time>2026-06-06T01:54:13Z</time>
   </trkpt>
   <trkpt lat="47.6162640" lon="-120.6742300">
    <ele>606.6</ele>
    <time>2026-06-06T01:54:14Z</time>
   </trkpt>
   <trkpt lat="47.6162780" lon="-120.6742370">
    <ele>606.9</ele>
    <time>2026-06-06T01:54:15Z</time>
   </trkpt>
   <trkpt lat="47.6162930" lon="-120.6742380">
    <ele>607.1</ele>
    <time>2026-06-06T01:54:16Z</time>
   </trkpt>
   <trkpt lat="47.6163080" lon="-120.6742400">
    <ele>607.3</ele>
    <time>2026-06-06T01:54:17Z</time>
   </trkpt>
   <trkpt lat="47.6163220" lon="-120.6742440">
    <ele>607.5</ele>
    <time>2026-06-06T01:54:18Z</time>
   </trkpt>
   <trkpt lat="47.6163370" lon="-120.6742490">
    <ele>607.7</ele>
    <time>2026-06-06T01:54:19Z</time>
   </trkpt>
   <trkpt lat="47.6163640" lon="-120.6742600">
    <ele>608.0</ele>
    <time>2026-06-06T01:54:20Z</time>
   </trkpt>
   <trkpt lat="47.6163720" lon="-120.6742650">
    <ele>608.2</ele>
    <time>2026-06-06T01:54:21Z</time>
   </trkpt>
   <trkpt lat="47.6163920" lon="-120.6742700">
    <ele>608.4</ele>
    <time>2026-06-06T01:54:22Z</time>
   </trkpt>
   <trkpt lat="47.6164080" lon="-120.6742770">
    <ele>608.7</ele>
    <time>2026-06-06T01:54:23Z</time>
   </trkpt>
   <trkpt lat="47.6164230" lon="-120.6742840">
    <ele>608.9</ele>
    <time>2026-06-06T01:54:24Z</time>
   </trkpt>
   <trkpt lat="47.6164370" lon="-120.6742890">
    <ele>609.1</ele>
    <time>2026-06-06T01:54:25Z</time>
   </trkpt>
   <trkpt lat="47.6164510" lon="-120.6742960">
    <ele>609.3</ele>
    <time>2026-06-06T01:54:26Z</time>
   </trkpt>
   <trkpt lat="47.6164640" lon="-120.6743040">
    <ele>609.5</ele>
    <time>2026-06-06T01:54:27Z</time>
   </trkpt>
   <trkpt lat="47.6164840" lon="-120.6743190">
    <ele>609.9</ele>
    <time>2026-06-06T01:54:28Z</time>
   </trkpt>
   <trkpt lat="47.6164910" lon="-120.6743260">
    <ele>610.0</ele>
    <time>2026-06-06T01:54:29Z</time>
   </trkpt>
   <trkpt lat="47.6164990" lon="-120.6743330">
    <ele>610.1</ele>
    <time>2026-06-06T01:54:30Z</time>
   </trkpt>
   <trkpt lat="47.6165110" lon="-120.6743460">
    <ele>610.3</ele>
    <time>2026-06-06T01:54:31Z</time>
   </trkpt>
   <trkpt lat="47.6165220" lon="-120.6743590">
    <ele>610.6</ele>
    <time>2026-06-06T01:54:32Z</time>
   </trkpt>
   <trkpt lat="47.6165380" lon="-120.6743780">
    <ele>610.9</ele>
    <time>2026-06-06T01:54:33Z</time>
   </trkpt>
   <trkpt lat="47.6165440" lon="-120.6743870">
    <ele>611.0</ele>
    <time>2026-06-06T01:54:34Z</time>
   </trkpt>
   <trkpt lat="47.6165500" lon="-120.6743950">
    <ele>611.1</ele>
    <time>2026-06-06T01:54:35Z</time>
   </trkpt>
   <trkpt lat="47.6165650" lon="-120.6744180">
    <ele>611.4</ele>
    <time>2026-06-06T01:54:36Z</time>
   </trkpt>
   <trkpt lat="47.6165700" lon="-120.6744290">
    <ele>611.6</ele>
    <time>2026-06-06T01:54:37Z</time>
   </trkpt>
   <trkpt lat="47.6165760" lon="-120.6744390">
    <ele>611.7</ele>
    <time>2026-06-06T01:54:38Z</time>
   </trkpt>
   <trkpt lat="47.6165850" lon="-120.6744540">
    <ele>611.9</ele>
    <time>2026-06-06T01:54:39Z</time>
   </trkpt>
   <trkpt lat="47.6165960" lon="-120.6744690">
    <ele>612.1</ele>
    <time>2026-06-06T01:54:40Z</time>
   </trkpt>
   <trkpt lat="47.6166050" lon="-120.6744870">
    <ele>612.4</ele>
    <time>2026-06-06T01:54:41Z</time>
   </trkpt>
   <trkpt lat="47.6166160" lon="-120.6745010">
    <ele>612.6</ele>
    <time>2026-06-06T01:54:42Z</time>
   </trkpt>
   <trkpt lat="47.6166250" lon="-120.6745170">
    <ele>612.9</ele>
    <time>2026-06-06T01:54:43Z</time>
   </trkpt>
   <trkpt lat="47.6166370" lon="-120.6745330">
    <ele>613.2</ele>
    <time>2026-06-06T01:54:44Z</time>
   </trkpt>
   <trkpt lat="47.6166480" lon="-120.6745480">
    <ele>613.5</ele>
    <time>2026-06-06T01:54:45Z</time>
   </trkpt>
   <trkpt lat="47.6166590" lon="-120.6745640">
    <ele>613.8</ele>
    <time>2026-06-06T01:54:46Z</time>
   </trkpt>
   <trkpt lat="47.6166680" lon="-120.6745790">
    <ele>614.0</ele>
    <time>2026-06-06T01:54:47Z</time>
   </trkpt>
   <trkpt lat="47.6166770" lon="-120.6745950">
    <ele>614.3</ele>
    <time>2026-06-06T01:54:48Z</time>
   </trkpt>
   <trkpt lat="47.6166850" lon="-120.6746110">
    <ele>614.6</ele>
    <time>2026-06-06T01:54:49Z</time>
   </trkpt>
   <trkpt lat="47.6166940" lon="-120.6746290">
    <ele>614.9</ele>
    <time>2026-06-06T01:54:50Z</time>
   </trkpt>
   <trkpt lat="47.6167030" lon="-120.6746440">
    <ele>615.2</ele>
    <time>2026-06-06T01:54:51Z</time>
   </trkpt>
   <trkpt lat="47.6167110" lon="-120.6746620">
    <ele>615.5</ele>
    <time>2026-06-06T01:54:52Z</time>
   </trkpt>
   <trkpt lat="47.6167180" lon="-120.6746790">
    <ele>615.7</ele>
    <time>2026-06-06T01:54:53Z</time>
   </trkpt>
   <trkpt lat="47.6167280" lon="-120.6746940">
    <ele>615.9</ele>
    <time>2026-06-06T01:54:54Z</time>
   </trkpt>
   <trkpt lat="47.6167410" lon="-120.6747060">
    <ele>616.1</ele>
    <time>2026-06-06T01:54:55Z</time>
   </trkpt>
   <trkpt lat="47.6167520" lon="-120.6747190">
    <ele>616.2</ele>
    <time>2026-06-06T01:54:56Z</time>
   </trkpt>
   <trkpt lat="47.6167690" lon="-120.6747390">
    <ele>616.5</ele>
    <time>2026-06-06T01:54:57Z</time>
   </trkpt>
   <trkpt lat="47.6167770" lon="-120.6747460">
    <ele>616.6</ele>
    <time>2026-06-06T01:54:58Z</time>
   </trkpt>
   <trkpt lat="47.6167840" lon="-120.6747530">
    <ele>616.7</ele>
    <time>2026-06-06T01:54:59Z</time>
   </trkpt>
   <trkpt lat="47.6167940" lon="-120.6747620">
    <ele>616.8</ele>
    <time>2026-06-06T01:55:00Z</time>
   </trkpt>
   <trkpt lat="47.6168070" lon="-120.6747740">
    <ele>617.0</ele>
    <time>2026-06-06T01:55:01Z</time>
   </trkpt>
   <trkpt lat="47.6168210" lon="-120.6747850">
    <ele>617.2</ele>
    <time>2026-06-06T01:55:02Z</time>
   </trkpt>
   <trkpt lat="47.6168330" lon="-120.6747950">
    <ele>617.3</ele>
    <time>2026-06-06T01:55:03Z</time>
   </trkpt>
   <trkpt lat="47.6168460" lon="-120.6748060">
    <ele>617.5</ele>
    <time>2026-06-06T01:55:04Z</time>
   </trkpt>
   <trkpt lat="47.6168560" lon="-120.6748180">
    <ele>617.7</ele>
    <time>2026-06-06T01:55:05Z</time>
   </trkpt>
   <trkpt lat="47.6168750" lon="-120.6748340">
    <ele>617.9</ele>
    <time>2026-06-06T01:55:06Z</time>
   </trkpt>
   <trkpt lat="47.6168830" lon="-120.6748400">
    <ele>618.0</ele>
    <time>2026-06-06T01:55:07Z</time>
   </trkpt>
   <trkpt lat="47.6168910" lon="-120.6748450">
    <ele>618.1</ele>
    <time>2026-06-06T01:55:08Z</time>
   </trkpt>
   <trkpt lat="47.6169000" lon="-120.6748560">
    <ele>618.3</ele>
    <time>2026-06-06T01:55:09Z</time>
   </trkpt>
   <trkpt lat="47.6169080" lon="-120.6748690">
    <ele>618.4</ele>
    <time>2026-06-06T01:55:10Z</time>
   </trkpt>
   <trkpt lat="47.6169130" lon="-120.6748820">
    <ele>618.5</ele>
    <time>2026-06-06T01:55:11Z</time>
   </trkpt>
   <trkpt lat="47.6169130" lon="-120.6748980">
    <ele>618.6</ele>
    <time>2026-06-06T01:55:12Z</time>
   </trkpt>
   <trkpt lat="47.6169170" lon="-120.6749110">
    <ele>618.7</ele>
    <time>2026-06-06T01:55:13Z</time>
   </trkpt>
   <trkpt lat="47.6169030" lon="-120.6749040">
    <ele>618.9</ele>
    <time>2026-06-06T01:55:14Z</time>
   </trkpt>
   <trkpt lat="47.6169050" lon="-120.6748960">
    <ele>619.0</ele>
    <time>2026-06-06T01:55:15Z</time>
   </trkpt>
   <trkpt lat="47.6169060" lon="-120.6748940">
    <ele>619.0</ele>
    <time>2026-06-06T01:55:16Z</time>
   </trkpt>
   <trkpt lat="47.6169050" lon="-120.6748910">
    <ele>619.0</ele>
    <time>2026-06-06T01:55:17Z</time>
   </trkpt>
   <trkpt lat="47.6169000" lon="-120.6748920">
    <ele>619.1</ele>
    <time>2026-06-06T01:55:18Z</time>
   </trkpt>
   <trkpt lat="47.6168980" lon="-120.6748920">
    <ele>619.1</ele>
    <time>2026-06-06T01:55:19Z</time>
   </trkpt>
   <trkpt lat="47.6168910" lon="-120.6748940">
    <ele>619.2</ele>
    <time>2026-06-06T01:55:20Z</time>
   </trkpt>
   <trkpt lat="47.6168890" lon="-120.6748950">
    <ele>619.2</ele>
    <time>2026-06-06T01:55:21Z</time>
   </trkpt>
   <trkpt lat="47.6168860" lon="-120.6748980">
    <ele>619.3</ele>
    <time>2026-06-06T01:55:22Z</time>
   </trkpt>
   <trkpt lat="47.6168860" lon="-120.6748980">
    <ele>619.3</ele>
    <time>2026-06-06T01:55:23Z</time>
   </trkpt>
   <trkpt lat="47.6168850" lon="-120.6748990">
    <ele>619.3</ele>
    <time>2026-06-06T01:55:24Z</time>
   </trkpt>
   <trkpt lat="47.6168850" lon="-120.6748990">
    <ele>619.3</ele>
    <time>2026-06-06T01:55:25Z</time>
   </trkpt>
   <trkpt lat="47.6168850" lon="-120.6748990">
    <ele>619.3</ele>
    <time>2026-06-06T01:55:26Z</time>
   </trkpt>
   <trkpt lat="47.6168850" lon="-120.6748990">
    <ele>619.3</ele>
    <time>2026-06-06T01:55:27Z</time>
   </trkpt>
   <trkpt lat="47.6168850" lon="-120.6748990">
    <ele>619.3</ele>
    <time>2026-06-06T01:55:28Z</time>
   </trkpt>
   <trkpt lat="47.6168850" lon="-120.6748990">
    <ele>619.3</ele>
    <time>2026-06-06T01:55:29Z</time>
   </trkpt>
   <trkpt lat="47.6168850" lon="-120.6748990">
    <ele>619.3</ele>
    <time>2026-06-06T01:55:30Z</time>
   </trkpt>
   <trkpt lat="47.6168850" lon="-120.6748990">
    <ele>619.3</ele>
    <time>2026-06-06T01:55:31Z</time>
   </trkpt>
   <trkpt lat="47.6168850" lon="-120.6748990">
    <ele>619.3</ele>
    <time>2026-06-06T01:55:32Z</time>
   </trkpt>
   <trkpt lat="47.6168850" lon="-120.6748990">
    <ele>619.3</ele>
    <time>2026-06-06T01:55:33Z</time>
   </trkpt>
   <trkpt lat="47.6168850" lon="-120.6748990">
    <ele>619.3</ele>
    <time>2026-06-06T01:55:34Z</time>
   </trkpt>
   <trkpt lat="47.6168880" lon="-120.6748970">
    <ele>619.3</ele>
    <time>2026-06-06T01:55:35Z</time>
   </trkpt>
   <trkpt lat="47.6168890" lon="-120.6748960">
    <ele>619.3</ele>
    <time>2026-06-06T01:55:36Z</time>
   </trkpt>
   <trkpt lat="47.6168880" lon="-120.6748960">
    <ele>619.4</ele>
    <time>2026-06-06T01:55:37Z</time>
   </trkpt>
   <trkpt lat="47.6168890" lon="-120.6748930">
    <ele>619.4</ele>
    <time>2026-06-06T01:55:38Z</time>
   </trkpt>
   <trkpt lat="47.6168890" lon="-120.6748820">
    <ele>619.5</ele>
    <time>2026-06-06T01:55:39Z</time>
   </trkpt>
   <trkpt lat="47.6168910" lon="-120.6748740">
    <ele>619.5</ele>
    <time>2026-06-06T01:55:40Z</time>
   </trkpt>
   <trkpt lat="47.6168890" lon="-120.6748700">
    <ele>619.6</ele>
    <time>2026-06-06T01:55:41Z</time>
   </trkpt>
   <trkpt lat="47.6168880" lon="-120.6748730">
    <ele>619.6</ele>
    <time>2026-06-06T01:55:42Z</time>
   </trkpt>
   <trkpt lat="47.6168890" lon="-120.6748730">
    <ele>619.6</ele>
    <time>2026-06-06T01:55:43Z</time>
   </trkpt>
   <trkpt lat="47.6168940" lon="-120.6748710">
    <ele>619.7</ele>
    <time>2026-06-06T01:55:44Z</time>
   </trkpt>
   <trkpt lat="47.6169010" lon="-120.6748770">
    <ele>619.8</ele>
    <time>2026-06-06T01:55:45Z</time>
   </trkpt>
   <trkpt lat="47.6169020" lon="-120.6748780">
    <ele>619.8</ele>
    <time>2026-06-06T01:55:46Z</time>
   </trkpt>
   <trkpt lat="47.6169030" lon="-120.6748780">
    <ele>619.8</ele>
    <time>2026-06-06T01:55:47Z</time>
   </trkpt>
   <trkpt lat="47.6169030" lon="-120.6748780">
    <ele>619.8</ele>
    <time>2026-06-06T01:55:48Z</time>
   </trkpt>
   <trkpt lat="47.6169030" lon="-120.6748780">
    <ele>619.8</ele>
    <time>2026-06-06T01:55:49Z</time>
   </trkpt>
   <trkpt lat="47.6169040" lon="-120.6748810">
    <ele>619.8</ele>
    <time>2026-06-06T01:55:50Z</time>
   </trkpt>
   <trkpt lat="47.6169040" lon="-120.6748850">
    <ele>619.9</ele>
    <time>2026-06-06T01:55:51Z</time>
   </trkpt>
   <trkpt lat="47.6169040" lon="-120.6748860">
    <ele>619.9</ele>
    <time>2026-06-06T01:55:52Z</time>
   </trkpt>
   <trkpt lat="47.6169040" lon="-120.6748860">
    <ele>619.9</ele>
    <time>2026-06-06T01:55:53Z</time>
   </trkpt>
   <trkpt lat="47.6169040" lon="-120.6748860">
    <ele>619.9</ele>
    <time>2026-06-06T01:55:54Z</time>
   </trkpt>
   <trkpt lat="47.6169040" lon="-120.6748860">
    <ele>619.9</ele>
    <time>2026-06-06T01:55:55Z</time>
   </trkpt>
   <trkpt lat="47.6169040" lon="-120.6748860">
    <ele>619.9</ele>
    <time>2026-06-06T01:55:56Z</time>
   </trkpt>
   <trkpt lat="47.6169040" lon="-120.6748870">
    <ele>619.9</ele>
    <time>2026-06-06T01:55:57Z</time>
   </trkpt>
   <trkpt lat="47.6169040" lon="-120.6748860">
    <ele>619.9</ele>
    <time>2026-06-06T01:55:58Z</time>
   </trkpt>
   <trkpt lat="47.6169040" lon="-120.6748860">
    <ele>619.9</ele>
    <time>2026-06-06T01:55:59Z</time>
   </trkpt>
   <trkpt lat="47.6169040" lon="-120.6748860">
    <ele>619.9</ele>
    <time>2026-06-06T01:56:00Z</time>
   </trkpt>
   <trkpt lat="47.6169040" lon="-120.6748860">
    <ele>619.9</ele>
    <time>2026-06-06T01:56:01Z</time>
   </trkpt>
   <trkpt lat="47.6169040" lon="-120.6748860">
    <ele>619.9</ele>
    <time>2026-06-06T01:56:02Z</time>
   </trkpt>
   <trkpt lat="47.6169040" lon="-120.6748860">
    <ele>619.9</ele>
    <time>2026-06-06T01:56:03Z</time>
   </trkpt>
   <trkpt lat="47.6169040" lon="-120.6748860">
    <ele>619.9</ele>
    <time>2026-06-06T01:56:04Z</time>
   </trkpt>
   <trkpt lat="47.6169040" lon="-120.6748860">
    <ele>619.9</ele>
    <time>2026-06-06T01:56:05Z</time>
   </trkpt>
   <trkpt lat="47.6169040" lon="-120.6748850">
    <ele>619.9</ele>
    <time>2026-06-06T01:56:06Z</time>
   </trkpt>
   <trkpt lat="47.6169040" lon="-120.6748850">
    <ele>619.9</ele>
    <time>2026-06-06T01:56:07Z</time>
   </trkpt>
   <trkpt lat="47.6169040" lon="-120.6748850">
    <ele>619.9</ele>
    <time>2026-06-06T01:56:08Z</time>
   </trkpt>
   <trkpt lat="47.6169040" lon="-120.6748850">
    <ele>619.9</ele>
    <time>2026-06-06T01:56:09Z</time>
   </trkpt>
   <trkpt lat="47.6169040" lon="-120.6748850">
    <ele>619.9</ele>
    <time>2026-06-06T01:56:10Z</time>
   </trkpt>
   <trkpt lat="47.6169040" lon="-120.6748850">
    <ele>619.9</ele>
    <time>2026-06-06T01:56:11Z</time>
   </trkpt>
   <trkpt lat="47.6169040" lon="-120.6748850">
    <ele>619.9</ele>
    <time>2026-06-06T01:56:12Z</time>
   </trkpt>
   <trkpt lat="47.6169040" lon="-120.6748850">
    <ele>619.9</ele>
    <time>2026-06-06T01:56:13Z</time>
   </trkpt>
   <trkpt lat="47.6169080" lon="-120.6748820">
    <ele>620.0</ele>
    <time>2026-06-06T01:56:14Z</time>
   </trkpt>
   <trkpt lat="47.6169110" lon="-120.6748780">
    <ele>620.0</ele>
    <time>2026-06-06T01:56:15Z</time>
   </trkpt>
   <trkpt lat="47.6169110" lon="-120.6748760">
    <ele>620.0</ele>
    <time>2026-06-06T01:56:16Z</time>
   </trkpt>
   <trkpt lat="47.6169090" lon="-120.6748760">
    <ele>620.1</ele>
    <time>2026-06-06T01:56:17Z</time>
   </trkpt>
   <trkpt lat="47.6169060" lon="-120.6748770">
    <ele>620.1</ele>
    <time>2026-06-06T01:56:18Z</time>
   </trkpt>
   <trkpt lat="47.6169050" lon="-120.6748780">
    <ele>620.1</ele>
    <time>2026-06-06T01:56:19Z</time>
   </trkpt>
   <trkpt lat="47.6169050" lon="-120.6748780">
    <ele>620.1</ele>
    <time>2026-06-06T01:56:20Z</time>
   </trkpt>
   <trkpt lat="47.6169040" lon="-120.6748780">
    <ele>620.1</ele>
    <time>2026-06-06T01:56:21Z</time>
   </trkpt>
   <trkpt lat="47.6169040" lon="-120.6748780">
    <ele>620.1</ele>
    <time>2026-06-06T01:56:22Z</time>
   </trkpt>
   <trkpt lat="47.6169040" lon="-120.6748780">
    <ele>620.1</ele>
    <time>2026-06-06T01:56:23Z</time>
   </trkpt>
   <trkpt lat="47.6169040" lon="-120.6748780">
    <ele>620.1</ele>
    <time>2026-06-06T01:56:24Z</time>
   </trkpt>
   <trkpt lat="47.6169060" lon="-120.6748770">
    <ele>620.1</ele>
    <time>2026-06-06T01:56:25Z</time>
   </trkpt>
   <trkpt lat="47.6169070" lon="-120.6748780">
    <ele>620.2</ele>
    <time>2026-06-06T01:56:26Z</time>
   </trkpt>
   <trkpt lat="47.6169120" lon="-120.6748730">
    <ele>620.2</ele>
    <time>2026-06-06T01:56:27Z</time>
   </trkpt>
   <trkpt lat="47.6169140" lon="-120.6748720">
    <ele>620.3</ele>
    <time>2026-06-06T01:56:28Z</time>
   </trkpt>
   <trkpt lat="47.6169150" lon="-120.6748710">
    <ele>620.3</ele>
    <time>2026-06-06T01:56:29Z</time>
   </trkpt>
   <trkpt lat="47.6169140" lon="-120.6748720">
    <ele>620.3</ele>
    <time>2026-06-06T01:56:30Z</time>
   </trkpt>
   <trkpt lat="47.6169110" lon="-120.6748700">
    <ele>620.3</ele>
    <time>2026-06-06T01:56:31Z</time>
   </trkpt>
   <trkpt lat="47.6169100" lon="-120.6748700">
    <ele>620.4</ele>
    <time>2026-06-06T01:56:32Z</time>
   </trkpt>
   <trkpt lat="47.6169090" lon="-120.6748700">
    <ele>620.4</ele>
    <time>2026-06-06T01:56:33Z</time>
   </trkpt>
   <trkpt lat="47.6169090" lon="-120.6748700">
    <ele>620.4</ele>
    <time>2026-06-06T01:56:34Z</time>
   </trkpt>
   <trkpt lat="47.6169090" lon="-120.6748700">
    <ele>620.4</ele>
    <time>2026-06-06T01:56:35Z</time>
   </trkpt>
   <trkpt lat="47.6169090" lon="-120.6748700">
    <ele>620.4</ele>
    <time>2026-06-06T01:56:36Z</time>
   </trkpt>
   <trkpt lat="47.6169090" lon="-120.6748700">
    <ele>620.4</ele>
    <time>2026-06-06T01:56:37Z</time>
   </trkpt>
   <trkpt lat="47.6169090" lon="-120.6748700">
    <ele>620.4</ele>
    <time>2026-06-06T01:56:38Z</time>
   </trkpt>
   <trkpt lat="47.6169090" lon="-120.6748700">
    <ele>620.4</ele>
    <time>2026-06-06T01:56:39Z</time>
   </trkpt>
   <trkpt lat="47.6169090" lon="-120.6748700">
    <ele>620.4</ele>
    <time>2026-06-06T01:56:40Z</time>
   </trkpt>
   <trkpt lat="47.6169090" lon="-120.6748700">
    <ele>620.4</ele>
    <time>2026-06-06T01:56:41Z</time>
   </trkpt>
   <trkpt lat="47.6169090" lon="-120.6748700">
    <ele>620.4</ele>
    <time>2026-06-06T01:56:42Z</time>
   </trkpt>
   <trkpt lat="47.6169090" lon="-120.6748700">
    <ele>620.4</ele>
    <time>2026-06-06T01:56:43Z</time>
   </trkpt>
   <trkpt lat="47.6169090" lon="-120.6748700">
    <ele>620.4</ele>
    <time>2026-06-06T01:56:44Z</time>
   </trkpt>
   <trkpt lat="47.6169100" lon="-120.6748680">
    <ele>620.4</ele>
    <time>2026-06-06T01:56:45Z</time>
   </trkpt>
   <trkpt lat="47.6169110" lon="-120.6748660">
    <ele>620.4</ele>
    <time>2026-06-06T01:56:46Z</time>
   </trkpt>
   <trkpt lat="47.6169120" lon="-120.6748640">
    <ele>620.4</ele>
    <time>2026-06-06T01:56:47Z</time>
   </trkpt>
   <trkpt lat="47.6169130" lon="-120.6748610">
    <ele>620.5</ele>
    <time>2026-06-06T01:56:48Z</time>
   </trkpt>
   <trkpt lat="47.6169130" lon="-120.6748610">
    <ele>620.5</ele>
    <time>2026-06-06T01:56:49Z</time>
   </trkpt>
   <trkpt lat="47.6169130" lon="-120.6748610">
    <ele>620.5</ele>
    <time>2026-06-06T01:56:50Z</time>
   </trkpt>
   <trkpt lat="47.6169130" lon="-120.6748610">
    <ele>620.5</ele>
    <time>2026-06-06T01:56:51Z</time>
   </trkpt>
   <trkpt lat="47.6169130" lon="-120.6748610">
    <ele>620.5</ele>
    <time>2026-06-06T01:56:52Z</time>
   </trkpt>
   <trkpt lat="47.6169130" lon="-120.6748610">
    <ele>620.5</ele>
    <time>2026-06-06T01:56:53Z</time>
   </trkpt>
   <trkpt lat="47.6169130" lon="-120.6748610">
    <ele>620.5</ele>
    <time>2026-06-06T01:56:54Z</time>
   </trkpt>
   <trkpt lat="47.6169130" lon="-120.6748610">
    <ele>620.5</ele>
    <time>2026-06-06T01:56:55Z</time>
   </trkpt>
   <trkpt lat="47.6169130" lon="-120.6748610">
    <ele>620.5</ele>
    <time>2026-06-06T01:56:56Z</time>
   </trkpt>
   <trkpt lat="47.6169110" lon="-120.6748610">
    <ele>620.5</ele>
    <time>2026-06-06T01:56:57Z</time>
   </trkpt>
   <trkpt lat="47.6169110" lon="-120.6748630">
    <ele>620.5</ele>
    <time>2026-06-06T01:56:58Z</time>
   </trkpt>
   <trkpt lat="47.6169080" lon="-120.6748650">
    <ele>620.6</ele>
    <time>2026-06-06T01:56:59Z</time>
   </trkpt>
   <trkpt lat="47.6169060" lon="-120.6748670">
    <ele>620.6</ele>
    <time>2026-06-06T01:57:00Z</time>
   </trkpt>
   <trkpt lat="47.6169050" lon="-120.6748670">
    <ele>620.6</ele>
    <time>2026-06-06T01:57:01Z</time>
   </trkpt>
   <trkpt lat="47.6169050" lon="-120.6748670">
    <ele>620.6</ele>
    <time>2026-06-06T01:57:02Z</time>
   </trkpt>
   <trkpt lat="47.6169050" lon="-120.6748670">
    <ele>620.6</ele>
    <time>2026-06-06T01:57:03Z</time>
   </trkpt>
   <trkpt lat="47.6169050" lon="-120.6748670">
    <ele>620.6</ele>
    <time>2026-06-06T01:57:04Z</time>
   </trkpt>
   <trkpt lat="47.6169050" lon="-120.6748670">
    <ele>620.6</ele>
    <time>2026-06-06T01:57:05Z</time>
   </trkpt>
   <trkpt lat="47.6169050" lon="-120.6748670">
    <ele>620.6</ele>
    <time>2026-06-06T01:57:06Z</time>
   </trkpt>
   <trkpt lat="47.6169050" lon="-120.6748670">
    <ele>620.6</ele>
    <time>2026-06-06T01:57:07Z</time>
   </trkpt>
   <trkpt lat="47.6169050" lon="-120.6748670">
    <ele>620.6</ele>
    <time>2026-06-06T01:57:08Z</time>
   </trkpt>
   <trkpt lat="47.6169050" lon="-120.6748670">
    <ele>620.6</ele>
    <time>2026-06-06T01:57:09Z</time>
   </trkpt>
   <trkpt lat="47.6169050" lon="-120.6748670">
    <ele>620.6</ele>
    <time>2026-06-06T01:57:10Z</time>
   </trkpt>
   <trkpt lat="47.6169050" lon="-120.6748670">
    <ele>620.6</ele>
    <time>2026-06-06T01:57:11Z</time>
   </trkpt>
   <trkpt lat="47.6169050" lon="-120.6748670">
    <ele>620.6</ele>
    <time>2026-06-06T01:57:12Z</time>
   </trkpt>
   <trkpt lat="47.6169050" lon="-120.6748670">
    <ele>620.6</ele>
    <time>2026-06-06T01:57:13Z</time>
   </trkpt>
   <trkpt lat="47.6169050" lon="-120.6748670">
    <ele>620.6</ele>
    <time>2026-06-06T01:57:14Z</time>
   </trkpt>
   <trkpt lat="47.6169050" lon="-120.6748670">
    <ele>620.6</ele>
    <time>2026-06-06T01:57:15Z</time>
   </trkpt>
   <trkpt lat="47.6169050" lon="-120.6748670">
    <ele>620.6</ele>
    <time>2026-06-06T01:57:16Z</time>
   </trkpt>
   <trkpt lat="47.6169050" lon="-120.6748670">
    <ele>620.6</ele>
    <time>2026-06-06T01:57:17Z</time>
   </trkpt>
   <trkpt lat="47.6169050" lon="-120.6748670">
    <ele>620.6</ele>
    <time>2026-06-06T01:57:18Z</time>
   </trkpt>
   <trkpt lat="47.6169050" lon="-120.6748670">
    <ele>620.6</ele>
    <time>2026-06-06T01:57:19Z</time>
   </trkpt>
   <trkpt lat="47.6169040" lon="-120.6748680">
    <ele>620.6</ele>
    <time>2026-06-06T01:57:20Z</time>
   </trkpt>
   <trkpt lat="47.6169050" lon="-120.6748690">
    <ele>620.6</ele>
    <time>2026-06-06T01:57:21Z</time>
   </trkpt>
   <trkpt lat="47.6169010" lon="-120.6748680">
    <ele>620.7</ele>
    <time>2026-06-06T01:57:22Z</time>
   </trkpt>
   <trkpt lat="47.6168970" lon="-120.6748800">
    <ele>620.8</ele>
    <time>2026-06-06T01:57:23Z</time>
   </trkpt>
   <trkpt lat="47.6168910" lon="-120.6748950">
    <ele>621.0</ele>
    <time>2026-06-06T01:57:24Z</time>
   </trkpt>
   <trkpt lat="47.6168870" lon="-120.6748950">
    <ele>621.0</ele>
    <time>2026-06-06T01:57:25Z</time>
   </trkpt>
   <trkpt lat="47.6168840" lon="-120.6748870">
    <ele>621.1</ele>
    <time>2026-06-06T01:57:26Z</time>
   </trkpt>
   <trkpt lat="47.6168840" lon="-120.6748820">
    <ele>621.2</ele>
    <time>2026-06-06T01:57:27Z</time>
   </trkpt>
   <trkpt lat="47.6168840" lon="-120.6748830">
    <ele>621.2</ele>
    <time>2026-06-06T01:57:28Z</time>
   </trkpt>
   <trkpt lat="47.6168850" lon="-120.6748830">
    <ele>621.2</ele>
    <time>2026-06-06T01:57:29Z</time>
   </trkpt>
   <trkpt lat="47.6168860" lon="-120.6748830">
    <ele>621.2</ele>
    <time>2026-06-06T01:57:30Z</time>
   </trkpt>
   <trkpt lat="47.6168860" lon="-120.6748830">
    <ele>621.2</ele>
    <time>2026-06-06T01:57:31Z</time>
   </trkpt>
   <trkpt lat="47.6168870" lon="-120.6748840">
    <ele>621.2</ele>
    <time>2026-06-06T01:57:32Z</time>
   </trkpt>
   <trkpt lat="47.6168880" lon="-120.6748840">
    <ele>621.2</ele>
    <time>2026-06-06T01:57:33Z</time>
   </trkpt>
   <trkpt lat="47.6168880" lon="-120.6748840">
    <ele>621.2</ele>
    <time>2026-06-06T01:57:34Z</time>
   </trkpt>
   <trkpt lat="47.6168890" lon="-120.6748850">
    <ele>621.3</ele>
    <time>2026-06-06T01:57:35Z</time>
   </trkpt>
   <trkpt lat="47.6168900" lon="-120.6748850">
    <ele>621.3</ele>
    <time>2026-06-06T01:57:36Z</time>
   </trkpt>
   <trkpt lat="47.6168900" lon="-120.6748850">
    <ele>621.3</ele>
    <time>2026-06-06T01:57:37Z</time>
   </trkpt>
   <trkpt lat="47.6168910" lon="-120.6748860">
    <ele>621.3</ele>
    <time>2026-06-06T01:57:38Z</time>
   </trkpt>
   <trkpt lat="47.6168910" lon="-120.6748860">
    <ele>621.3</ele>
    <time>2026-06-06T01:57:39Z</time>
   </trkpt>
   <trkpt lat="47.6168920" lon="-120.6748860">
    <ele>621.3</ele>
    <time>2026-06-06T01:57:40Z</time>
   </trkpt>
   <trkpt lat="47.6168930" lon="-120.6748860">
    <ele>621.3</ele>
    <time>2026-06-06T01:57:41Z</time>
   </trkpt>
   <trkpt lat="47.6168930" lon="-120.6748870">
    <ele>621.3</ele>
    <time>2026-06-06T01:57:42Z</time>
   </trkpt>
   <trkpt lat="47.6168940" lon="-120.6748870">
    <ele>621.3</ele>
    <time>2026-06-06T01:57:43Z</time>
   </trkpt>
   <trkpt lat="47.6168950" lon="-120.6748870">
    <ele>621.4</ele>
    <time>2026-06-06T01:57:44Z</time>
   </trkpt>
   <trkpt lat="47.6168950" lon="-120.6748880">
    <ele>621.4</ele>
    <time>2026-06-06T01:57:45Z</time>
   </trkpt>
   <trkpt lat="47.6168960" lon="-120.6748880">
    <ele>621.4</ele>
    <time>2026-06-06T01:57:46Z</time>
   </trkpt>
   <trkpt lat="47.6168970" lon="-120.6748880">
    <ele>621.4</ele>
    <time>2026-06-06T01:57:47Z</time>
   </trkpt>
   <trkpt lat="47.6168970" lon="-120.6748890">
    <ele>621.4</ele>
    <time>2026-06-06T01:57:48Z</time>
   </trkpt>
   <trkpt lat="47.6168980" lon="-120.6748890">
    <ele>621.4</ele>
    <time>2026-06-06T01:57:49Z</time>
   </trkpt>
   <trkpt lat="47.6168990" lon="-120.6748890">
    <ele>621.4</ele>
    <time>2026-06-06T01:57:50Z</time>
   </trkpt>
   <trkpt lat="47.6168990" lon="-120.6748890">
    <ele>621.4</ele>
    <time>2026-06-06T01:57:51Z</time>
   </trkpt>
   <trkpt lat="47.6169000" lon="-120.6748900">
    <ele>621.5</ele>
    <time>2026-06-06T01:57:52Z</time>
   </trkpt>
   <trkpt lat="47.6169010" lon="-120.6748900">
    <ele>621.5</ele>
    <time>2026-06-06T01:57:53Z</time>
   </trkpt>
   <trkpt lat="47.6169010" lon="-120.6748900">
    <ele>621.5</ele>
    <time>2026-06-06T01:57:54Z</time>
   </trkpt>
   <trkpt lat="47.6169020" lon="-120.6748910">
    <ele>621.5</ele>
    <time>2026-06-06T01:57:55Z</time>
   </trkpt>
   <trkpt lat="47.6169030" lon="-120.6748910">
    <ele>621.5</ele>
    <time>2026-06-06T01:57:56Z</time>
   </trkpt>
   <trkpt lat="47.6169030" lon="-120.6748910">
    <ele>621.5</ele>
    <time>2026-06-06T01:57:57Z</time>
   </trkpt>
   <trkpt lat="47.6169040" lon="-120.6748920">
    <ele>621.5</ele>
    <time>2026-06-06T01:57:58Z</time>
   </trkpt>
   <trkpt lat="47.6169040" lon="-120.6748920">
    <ele>621.5</ele>
    <time>2026-06-06T01:57:59Z</time>
   </trkpt>
   <trkpt lat="47.6169050" lon="-120.6748920">
    <ele>621.5</ele>
    <time>2026-06-06T01:58:00Z</time>
   </trkpt>
   <trkpt lat="47.6169060" lon="-120.6748920">
    <ele>621.6</ele>
    <time>2026-06-06T01:58:01Z</time>
   </trkpt>
   <trkpt lat="47.6169060" lon="-120.6748930">
    <ele>621.6</ele>
    <time>2026-06-06T01:58:02Z</time>
   </trkpt>
   <trkpt lat="47.6169070" lon="-120.6748930">
    <ele>621.6</ele>
    <time>2026-06-06T01:58:03Z</time>
   </trkpt>
   <trkpt lat="47.6169080" lon="-120.6748930">
    <ele>621.6</ele>
    <time>2026-06-06T01:58:04Z</time>
   </trkpt>
   <trkpt lat="47.6169080" lon="-120.6748940">
    <ele>621.6</ele>
    <time>2026-06-06T01:58:05Z</time>
   </trkpt>
   <trkpt lat="47.6169090" lon="-120.6748940">
    <ele>621.6</ele>
    <time>2026-06-06T01:58:06Z</time>
   </trkpt>
   <trkpt lat="47.6169100" lon="-120.6748940">
    <ele>621.6</ele>
    <time>2026-06-06T01:58:07Z</time>
   </trkpt>
   <trkpt lat="47.6169100" lon="-120.6748950">
    <ele>621.6</ele>
    <time>2026-06-06T01:58:08Z</time>
   </trkpt>
   <trkpt lat="47.6169110" lon="-120.6748950">
    <ele>621.7</ele>
    <time>2026-06-06T01:58:09Z</time>
   </trkpt>
   <trkpt lat="47.6169120" lon="-120.6748950">
    <ele>621.7</ele>
    <time>2026-06-06T01:58:10Z</time>
   </trkpt>
   <trkpt lat="47.6169120" lon="-120.6748950">
    <ele>621.7</ele>
    <time>2026-06-06T01:58:11Z</time>
   </trkpt>
   <trkpt lat="47.6169130" lon="-120.6748960">
    <ele>621.7</ele>
    <time>2026-06-06T01:58:12Z</time>
   </trkpt>
   <trkpt lat="47.6169140" lon="-120.6748960">
    <ele>621.7</ele>
    <time>2026-06-06T01:58:13Z</time>
   </trkpt>
   <trkpt lat="47.6169140" lon="-120.6748960">
    <ele>621.7</ele>
    <time>2026-06-06T01:58:14Z</time>
   </trkpt>
   <trkpt lat="47.6169150" lon="-120.6748970">
    <ele>621.7</ele>
    <time>2026-06-06T01:58:15Z</time>
   </trkpt>
   <trkpt lat="47.6169160" lon="-120.6748970">
    <ele>621.7</ele>
    <time>2026-06-06T01:58:16Z</time>
   </trkpt>
   <trkpt lat="47.6169160" lon="-120.6748970">
    <ele>621.7</ele>
    <time>2026-06-06T01:58:17Z</time>
   </trkpt>
   <trkpt lat="47.6169170" lon="-120.6748980">
    <ele>621.8</ele>
    <time>2026-06-06T01:58:18Z</time>
   </trkpt>
   <trkpt lat="47.6169170" lon="-120.6748980">
    <ele>621.8</ele>
    <time>2026-06-06T01:58:19Z</time>
   </trkpt>
   <trkpt lat="47.6169180" lon="-120.6748980">
    <ele>621.8</ele>
    <time>2026-06-06T01:58:20Z</time>
   </trkpt>
   <trkpt lat="47.6169190" lon="-120.6748980">
    <ele>621.8</ele>
    <time>2026-06-06T01:58:21Z</time>
   </trkpt>
   <trkpt lat="47.6169190" lon="-120.6748990">
    <ele>621.8</ele>
    <time>2026-06-06T01:58:22Z</time>
   </trkpt>
   <trkpt lat="47.6169200" lon="-120.6748990">
    <ele>621.8</ele>
    <time>2026-06-06T01:58:23Z</time>
   </trkpt>
   <trkpt lat="47.6169210" lon="-120.6748990">
    <ele>621.8</ele>
    <time>2026-06-06T01:58:24Z</time>
   </trkpt>
   <trkpt lat="47.6169210" lon="-120.6749000">
    <ele>621.8</ele>
    <time>2026-06-06T01:58:25Z</time>
   </trkpt>
   <trkpt lat="47.6169220" lon="-120.6749000">
    <ele>621.9</ele>
    <time>2026-06-06T01:58:26Z</time>
   </trkpt>
   <trkpt lat="47.6169250" lon="-120.6748990">
    <ele>621.9</ele>
    <time>2026-06-06T01:58:27Z</time>
   </trkpt>
   <trkpt lat="47.6169280" lon="-120.6748960">
    <ele>622.0</ele>
    <time>2026-06-06T01:58:28Z</time>
   </trkpt>
   <trkpt lat="47.6169420" lon="-120.6748900">
    <ele>622.2</ele>
    <time>2026-06-06T01:58:29Z</time>
   </trkpt>
   <trkpt lat="47.6169450" lon="-120.6748870">
    <ele>622.2</ele>
    <time>2026-06-06T01:58:30Z</time>
   </trkpt>
   <trkpt lat="47.6169390" lon="-120.6748860">
    <ele>622.3</ele>
    <time>2026-06-06T01:58:31Z</time>
   </trkpt>
   <trkpt lat="47.6169370" lon="-120.6748860">
    <ele>622.4</ele>
    <time>2026-06-06T01:58:32Z</time>
   </trkpt>
   <trkpt lat="47.6169370" lon="-120.6748870">
    <ele>622.4</ele>
    <time>2026-06-06T01:58:33Z</time>
   </trkpt>
   <trkpt lat="47.6169390" lon="-120.6748890">
    <ele>622.4</ele>
    <time>2026-06-06T01:58:34Z</time>
   </trkpt>
   <trkpt lat="47.6169470" lon="-120.6748960">
    <ele>622.6</ele>
    <time>2026-06-06T01:58:35Z</time>
   </trkpt>
   <trkpt lat="47.6169560" lon="-120.6749050">
    <ele>622.7</ele>
    <time>2026-06-06T01:58:36Z</time>
   </trkpt>
   <trkpt lat="47.6169710" lon="-120.6749270">
    <ele>623.1</ele>
    <time>2026-06-06T01:58:37Z</time>
   </trkpt>
   <trkpt lat="47.6169760" lon="-120.6749370">
    <ele>623.2</ele>
    <time>2026-06-06T01:58:38Z</time>
   </trkpt>
   <trkpt lat="47.6169820" lon="-120.6749470">
    <ele>623.3</ele>
    <time>2026-06-06T01:58:39Z</time>
   </trkpt>
   <trkpt lat="47.6169900" lon="-120.6749670">
    <ele>623.6</ele>
    <time>2026-06-06T01:58:40Z</time>
   </trkpt>
   <trkpt lat="47.6170020" lon="-120.6749850">
    <ele>623.8</ele>
    <time>2026-06-06T01:58:41Z</time>
   </trkpt>
   <trkpt lat="47.6170220" lon="-120.6750140">
    <ele>624.2</ele>
    <time>2026-06-06T01:58:42Z</time>
   </trkpt>
   <trkpt lat="47.6170310" lon="-120.6750250">
    <ele>624.4</ele>
    <time>2026-06-06T01:58:43Z</time>
   </trkpt>
   <trkpt lat="47.6170410" lon="-120.6750410">
    <ele>624.6</ele>
    <time>2026-06-06T01:58:44Z</time>
   </trkpt>
   <trkpt lat="47.6170510" lon="-120.6750590">
    <ele>624.8</ele>
    <time>2026-06-06T01:58:45Z</time>
   </trkpt>
   <trkpt lat="47.6170600" lon="-120.6750780">
    <ele>625.0</ele>
    <time>2026-06-06T01:58:46Z</time>
   </trkpt>
   <trkpt lat="47.6170680" lon="-120.6751010">
    <ele>625.2</ele>
    <time>2026-06-06T01:58:47Z</time>
   </trkpt>
   <trkpt lat="47.6170770" lon="-120.6751260">
    <ele>625.4</ele>
    <time>2026-06-06T01:58:48Z</time>
   </trkpt>
   <trkpt lat="47.6170850" lon="-120.6751480">
    <ele>625.6</ele>
    <time>2026-06-06T01:58:49Z</time>
   </trkpt>
   <trkpt lat="47.6170920" lon="-120.6751730">
    <ele>625.8</ele>
    <time>2026-06-06T01:58:50Z</time>
   </trkpt>
   <trkpt lat="47.6170980" lon="-120.6751950">
    <ele>625.9</ele>
    <time>2026-06-06T01:58:51Z</time>
   </trkpt>
   <trkpt lat="47.6171080" lon="-120.6752160">
    <ele>626.1</ele>
    <time>2026-06-06T01:58:52Z</time>
   </trkpt>
   <trkpt lat="47.6171190" lon="-120.6752310">
    <ele>626.2</ele>
    <time>2026-06-06T01:58:53Z</time>
   </trkpt>
   <trkpt lat="47.6171270" lon="-120.6752480">
    <ele>626.4</ele>
    <time>2026-06-06T01:58:54Z</time>
   </trkpt>
   <trkpt lat="47.6171360" lon="-120.6752650">
    <ele>626.5</ele>
    <time>2026-06-06T01:58:55Z</time>
   </trkpt>
   <trkpt lat="47.6171470" lon="-120.6752810">
    <ele>626.7</ele>
    <time>2026-06-06T01:58:56Z</time>
   </trkpt>
   <trkpt lat="47.6171520" lon="-120.6752920">
    <ele>626.8</ele>
    <time>2026-06-06T01:58:57Z</time>
   </trkpt>
   <trkpt lat="47.6171310" lon="-120.6752580">
    <ele>627.1</ele>
    <time>2026-06-06T01:58:58Z</time>
   </trkpt>
   <trkpt lat="47.6171170" lon="-120.6752360">
    <ele>627.3</ele>
    <time>2026-06-06T01:58:59Z</time>
   </trkpt>
   <trkpt lat="47.6171150" lon="-120.6752320">
    <ele>627.3</ele>
    <time>2026-06-06T01:59:00Z</time>
   </trkpt>
   <trkpt lat="47.6171180" lon="-120.6752350">
    <ele>627.3</ele>
    <time>2026-06-06T01:59:01Z</time>
   </trkpt>
   <trkpt lat="47.6171200" lon="-120.6752370">
    <ele>627.4</ele>
    <time>2026-06-06T01:59:02Z</time>
   </trkpt>
   <trkpt lat="47.6171230" lon="-120.6752400">
    <ele>627.4</ele>
    <time>2026-06-06T01:59:03Z</time>
   </trkpt>
   <trkpt lat="47.6171250" lon="-120.6752420">
    <ele>627.4</ele>
    <time>2026-06-06T01:59:04Z</time>
   </trkpt>
   <trkpt lat="47.6171280" lon="-120.6752450">
    <ele>627.5</ele>
    <time>2026-06-06T01:59:05Z</time>
   </trkpt>
   <trkpt lat="47.6171300" lon="-120.6752470">
    <ele>627.5</ele>
    <time>2026-06-06T01:59:06Z</time>
   </trkpt>
   <trkpt lat="47.6171330" lon="-120.6752500">
    <ele>627.5</ele>
    <time>2026-06-06T01:59:07Z</time>
   </trkpt>
   <trkpt lat="47.6171350" lon="-120.6752520">
    <ele>627.6</ele>
    <time>2026-06-06T01:59:08Z</time>
   </trkpt>
   <trkpt lat="47.6171380" lon="-120.6752550">
    <ele>627.6</ele>
    <time>2026-06-06T01:59:09Z</time>
   </trkpt>
   <trkpt lat="47.6171400" lon="-120.6752570">
    <ele>627.6</ele>
    <time>2026-06-06T01:59:10Z</time>
   </trkpt>
   <trkpt lat="47.6171430" lon="-120.6752600">
    <ele>627.7</ele>
    <time>2026-06-06T01:59:11Z</time>
   </trkpt>
   <trkpt lat="47.6171450" lon="-120.6752620">
    <ele>627.7</ele>
    <time>2026-06-06T01:59:12Z</time>
   </trkpt>
   <trkpt lat="47.6171480" lon="-120.6752650">
    <ele>627.7</ele>
    <time>2026-06-06T01:59:13Z</time>
   </trkpt>
   <trkpt lat="47.6171500" lon="-120.6752670">
    <ele>627.7</ele>
    <time>2026-06-06T01:59:14Z</time>
   </trkpt>
   <trkpt lat="47.6171740" lon="-120.6753010">
    <ele>628.1</ele>
    <time>2026-06-06T01:59:15Z</time>
   </trkpt>
   <trkpt lat="47.6171820" lon="-120.6753110">
    <ele>628.2</ele>
    <time>2026-06-06T01:59:16Z</time>
   </trkpt>
   <trkpt lat="47.6172040" lon="-120.6753370">
    <ele>628.5</ele>
    <time>2026-06-06T01:59:17Z</time>
   </trkpt>
   <trkpt lat="47.6172100" lon="-120.6753460">
    <ele>628.6</ele>
    <time>2026-06-06T01:59:18Z</time>
   </trkpt>
   <trkpt lat="47.6172330" lon="-120.6753740">
    <ele>628.9</ele>
    <time>2026-06-06T01:59:19Z</time>
   </trkpt>
   <trkpt lat="47.6172410" lon="-120.6753830">
    <ele>629.0</ele>
    <time>2026-06-06T01:59:20Z</time>
   </trkpt>
   <trkpt lat="47.6172650" lon="-120.6754040">
    <ele>629.2</ele>
    <time>2026-06-06T01:59:21Z</time>
   </trkpt>
   <trkpt lat="47.6172730" lon="-120.6754110">
    <ele>629.3</ele>
    <time>2026-06-06T01:59:22Z</time>
   </trkpt>
   <trkpt lat="47.6172990" lon="-120.6754280">
    <ele>629.6</ele>
    <time>2026-06-06T01:59:23Z</time>
   </trkpt>
   <trkpt lat="47.6173080" lon="-120.6754340">
    <ele>629.7</ele>
    <time>2026-06-06T01:59:24Z</time>
   </trkpt>
   <trkpt lat="47.6173380" lon="-120.6754570">
    <ele>630.0</ele>
    <time>2026-06-06T01:59:25Z</time>
   </trkpt>
   <trkpt lat="47.6173500" lon="-120.6754660">
    <ele>630.1</ele>
    <time>2026-06-06T01:59:26Z</time>
   </trkpt>
   <trkpt lat="47.6173770" lon="-120.6754850">
    <ele>630.4</ele>
    <time>2026-06-06T01:59:27Z</time>
   </trkpt>
   <trkpt lat="47.6173850" lon="-120.6754960">
    <ele>630.5</ele>
    <time>2026-06-06T01:59:28Z</time>
   </trkpt>
   <trkpt lat="47.6174120" lon="-120.6755360">
    <ele>630.8</ele>
    <time>2026-06-06T01:59:29Z</time>
   </trkpt>
   <trkpt lat="47.6174200" lon="-120.6755490">
    <ele>630.8</ele>
    <time>2026-06-06T01:59:30Z</time>
   </trkpt>
   <trkpt lat="47.6174430" lon="-120.6755740">
    <ele>631.0</ele>
    <time>2026-06-06T01:59:31Z</time>
   </trkpt>
   <trkpt lat="47.6174760" lon="-120.6756080">
    <ele>631.3</ele>
    <time>2026-06-06T01:59:32Z</time>
   </trkpt>
   <trkpt lat="47.6174860" lon="-120.6756220">
    <ele>631.3</ele>
    <time>2026-06-06T01:59:33Z</time>
   </trkpt>
   <trkpt lat="47.6175150" lon="-120.6756540">
    <ele>631.5</ele>
    <time>2026-06-06T01:59:34Z</time>
   </trkpt>
   <trkpt lat="47.6175260" lon="-120.6756640">
    <ele>631.6</ele>
    <time>2026-06-06T01:59:35Z</time>
   </trkpt>
   <trkpt lat="47.6175440" lon="-120.6756960">
    <ele>631.7</ele>
    <time>2026-06-06T01:59:36Z</time>
   </trkpt>
   <trkpt lat="47.6175690" lon="-120.6757310">
    <ele>631.8</ele>
    <time>2026-06-06T01:59:37Z</time>
   </trkpt>
   <trkpt lat="47.6175800" lon="-120.6757390">
    <ele>631.9</ele>
    <time>2026-06-06T01:59:38Z</time>
   </trkpt>
   <trkpt lat="47.6176050" lon="-120.6757560">
    <ele>632.0</ele>
    <time>2026-06-06T01:59:39Z</time>
   </trkpt>
   <trkpt lat="47.6176380" lon="-120.6757800">
    <ele>632.2</ele>
    <time>2026-06-06T01:59:40Z</time>
   </trkpt>
   <trkpt lat="47.6176470" lon="-120.6757920">
    <ele>632.2</ele>
    <time>2026-06-06T01:59:41Z</time>
   </trkpt>
   <trkpt lat="47.6176810" lon="-120.6758270">
    <ele>632.4</ele>
    <time>2026-06-06T01:59:42Z</time>
   </trkpt>
   <trkpt lat="47.6176920" lon="-120.6758400">
    <ele>632.5</ele>
    <time>2026-06-06T01:59:43Z</time>
   </trkpt>
   <trkpt lat="47.6177130" lon="-120.6758650">
    <ele>632.7</ele>
    <time>2026-06-06T01:59:44Z</time>
   </trkpt>
   <trkpt lat="47.6177350" lon="-120.6758930">
    <ele>632.8</ele>
    <time>2026-06-06T01:59:45Z</time>
   </trkpt>
   <trkpt lat="47.6177570" lon="-120.6759160">
    <ele>633.0</ele>
    <time>2026-06-06T01:59:46Z</time>
   </trkpt>
   <trkpt lat="47.6177800" lon="-120.6759390">
    <ele>633.2</ele>
    <time>2026-06-06T01:59:47Z</time>
   </trkpt>
   <trkpt lat="47.6178050" lon="-120.6759680">
    <ele>633.4</ele>
    <time>2026-06-06T01:59:48Z</time>
   </trkpt>
   <trkpt lat="47.6178250" lon="-120.6760000">
    <ele>633.6</ele>
    <time>2026-06-06T01:59:49Z</time>
   </trkpt>
   <trkpt lat="47.6178460" lon="-120.6760250">
    <ele>633.9</ele>
    <time>2026-06-06T01:59:50Z</time>
   </trkpt>
   <trkpt lat="47.6178730" lon="-120.6760690">
    <ele>634.2</ele>
    <time>2026-06-06T01:59:51Z</time>
   </trkpt>
   <trkpt lat="47.6178830" lon="-120.6760820">
    <ele>634.4</ele>
    <time>2026-06-06T01:59:52Z</time>
   </trkpt>
   <trkpt lat="47.6179040" lon="-120.6761080">
    <ele>634.6</ele>
    <time>2026-06-06T01:59:53Z</time>
   </trkpt>
   <trkpt lat="47.6179390" lon="-120.6761490">
    <ele>635.0</ele>
    <time>2026-06-06T01:59:54Z</time>
   </trkpt>
   <trkpt lat="47.6179520" lon="-120.6761680">
    <ele>635.2</ele>
    <time>2026-06-06T01:59:55Z</time>
   </trkpt>
   <trkpt lat="47.6179800" lon="-120.6762140">
    <ele>635.5</ele>
    <time>2026-06-06T01:59:56Z</time>
   </trkpt>
   <trkpt lat="47.6180020" lon="-120.6762560">
    <ele>635.7</ele>
    <time>2026-06-06T01:59:57Z</time>
   </trkpt>
   <trkpt lat="47.6179850" lon="-120.6762960">
    <ele>636.0</ele>
    <time>2026-06-06T01:59:58Z</time>
   </trkpt>
   <trkpt lat="47.6179590" lon="-120.6762880">
    <ele>636.1</ele>
    <time>2026-06-06T01:59:59Z</time>
   </trkpt>
   <trkpt lat="47.6179490" lon="-120.6762810">
    <ele>636.2</ele>
    <time>2026-06-06T02:00:00Z</time>
   </trkpt>
   <trkpt lat="47.6179400" lon="-120.6762350">
    <ele>636.3</ele>
    <time>2026-06-06T02:00:01Z</time>
   </trkpt>
   <trkpt lat="47.6179260" lon="-120.6761840">
    <ele>636.5</ele>
    <time>2026-06-06T02:00:02Z</time>
   </trkpt>
   <trkpt lat="47.6179210" lon="-120.6761660">
    <ele>636.6</ele>
    <time>2026-06-06T02:00:03Z</time>
   </trkpt>
   <trkpt lat="47.6179050" lon="-120.6761180">
    <ele>636.8</ele>
    <time>2026-06-06T02:00:04Z</time>
   </trkpt>
   <trkpt lat="47.6178960" lon="-120.6761030">
    <ele>636.9</ele>
    <time>2026-06-06T02:00:05Z</time>
   </trkpt>
   <trkpt lat="47.6178770" lon="-120.6760730">
    <ele>637.1</ele>
    <time>2026-06-06T02:00:06Z</time>
   </trkpt>
   <trkpt lat="47.6178550" lon="-120.6760370">
    <ele>637.3</ele>
    <time>2026-06-06T02:00:07Z</time>
   </trkpt>
   <trkpt lat="47.6178490" lon="-120.6760300">
    <ele>637.3</ele>
    <time>2026-06-06T02:00:08Z</time>
   </trkpt>
   <trkpt lat="47.6178230" lon="-120.6760040">
    <ele>637.5</ele>
    <time>2026-06-06T02:00:09Z</time>
   </trkpt>
   <trkpt lat="47.6178130" lon="-120.6759930">
    <ele>637.6</ele>
    <time>2026-06-06T02:00:10Z</time>
   </trkpt>
   <trkpt lat="47.6177820" lon="-120.6759610">
    <ele>637.8</ele>
    <time>2026-06-06T02:00:11Z</time>
   </trkpt>
   <trkpt lat="47.6177710" lon="-120.6759510">
    <ele>637.9</ele>
    <time>2026-06-06T02:00:12Z</time>
   </trkpt>
   <trkpt lat="47.6177420" lon="-120.6759190">
    <ele>638.1</ele>
    <time>2026-06-06T02:00:13Z</time>
   </trkpt>
   <trkpt lat="47.6177320" lon="-120.6759080">
    <ele>638.2</ele>
    <time>2026-06-06T02:00:14Z</time>
   </trkpt>
   <trkpt lat="47.6177040" lon="-120.6758720">
    <ele>638.4</ele>
    <time>2026-06-06T02:00:15Z</time>
   </trkpt>
   <trkpt lat="47.6176940" lon="-120.6758610">
    <ele>638.5</ele>
    <time>2026-06-06T02:00:16Z</time>
   </trkpt>
   <trkpt lat="47.6176710" lon="-120.6758370">
    <ele>638.6</ele>
    <time>2026-06-06T02:00:17Z</time>
   </trkpt>
   <trkpt lat="47.6176370" lon="-120.6758180">
    <ele>638.7</ele>
    <time>2026-06-06T02:00:18Z</time>
   </trkpt>
   <trkpt lat="47.6176250" lon="-120.6758160">
    <ele>638.8</ele>
    <time>2026-06-06T02:00:19Z</time>
   </trkpt>
   <trkpt lat="47.6176000" lon="-120.6758020">
    <ele>638.8</ele>
    <time>2026-06-06T02:00:20Z</time>
   </trkpt>
   <trkpt lat="47.6175910" lon="-120.6757920">
    <ele>638.9</ele>
    <time>2026-06-06T02:00:21Z</time>
   </trkpt>
   <trkpt lat="47.6175650" lon="-120.6757570">
    <ele>638.9</ele>
    <time>2026-06-06T02:00:22Z</time>
   </trkpt>
   <trkpt lat="47.6175560" lon="-120.6757460">
    <ele>638.9</ele>
    <time>2026-06-06T02:00:23Z</time>
   </trkpt>
   <trkpt lat="47.6175330" lon="-120.6757090">
    <ele>639.0</ele>
    <time>2026-06-06T02:00:24Z</time>
   </trkpt>
   <trkpt lat="47.6175250" lon="-120.6756970">
    <ele>639.0</ele>
    <time>2026-06-06T02:00:25Z</time>
   </trkpt>
   <trkpt lat="47.6174930" lon="-120.6756670">
    <ele>639.0</ele>
    <time>2026-06-06T02:00:26Z</time>
   </trkpt>
   <trkpt lat="47.6174820" lon="-120.6756560">
    <ele>639.0</ele>
    <time>2026-06-06T02:00:27Z</time>
   </trkpt>
   <trkpt lat="47.6174510" lon="-120.6756230">
    <ele>638.9</ele>
    <time>2026-06-06T02:00:28Z</time>
   </trkpt>
   <trkpt lat="47.6174400" lon="-120.6756150">
    <ele>638.9</ele>
    <time>2026-06-06T02:00:29Z</time>
   </trkpt>
   <trkpt lat="47.6174090" lon="-120.6755970">
    <ele>638.8</ele>
    <time>2026-06-06T02:00:30Z</time>
   </trkpt>
   <trkpt lat="47.6173990" lon="-120.6755940">
    <ele>638.8</ele>
    <time>2026-06-06T02:00:31Z</time>
   </trkpt>
   <trkpt lat="47.6173720" lon="-120.6755870">
    <ele>638.7</ele>
    <time>2026-06-06T02:00:32Z</time>
   </trkpt>
   <trkpt lat="47.6173630" lon="-120.6755810">
    <ele>638.6</ele>
    <time>2026-06-06T02:00:33Z</time>
   </trkpt>
   <trkpt lat="47.6173290" lon="-120.6755670">
    <ele>638.5</ele>
    <time>2026-06-06T02:00:34Z</time>
   </trkpt>
   <trkpt lat="47.6173180" lon="-120.6755590">
    <ele>638.4</ele>
    <time>2026-06-06T02:00:35Z</time>
   </trkpt>
   <trkpt lat="47.6172880" lon="-120.6755360">
    <ele>638.2</ele>
    <time>2026-06-06T02:00:36Z</time>
   </trkpt>
   <trkpt lat="47.6172430" lon="-120.6754880">
    <ele>637.9</ele>
    <time>2026-06-06T02:00:37Z</time>
   </trkpt>
   <trkpt lat="47.6171920" lon="-120.6754420">
    <ele>637.6</ele>
    <time>2026-06-06T02:00:38Z</time>
   </trkpt>
   <trkpt lat="47.6171350" lon="-120.6754080">
    <ele>637.3</ele>
    <time>2026-06-06T02:00:39Z</time>
   </trkpt>
   <trkpt lat="47.6170760" lon="-120.6753760">
    <ele>637.0</ele>
    <time>2026-06-06T02:00:40Z</time>
   </trkpt>
   <trkpt lat="47.6170280" lon="-120.6753110">
    <ele>636.9</ele>
    <time>2026-06-06T02:00:41Z</time>
   </trkpt>
   <trkpt lat="47.6169800" lon="-120.6752250">
    <ele>636.8</ele>
    <time>2026-06-06T02:00:42Z</time>
   </trkpt>
   <trkpt lat="47.6169250" lon="-120.6751500">
    <ele>636.9</ele>
    <time>2026-06-06T02:00:43Z</time>
   </trkpt>
   <trkpt lat="47.6168760" lon="-120.6751010">
    <ele>637.0</ele>
    <time>2026-06-06T02:00:44Z</time>
   </trkpt>
   <trkpt lat="47.6168320" lon="-120.6750600">
    <ele>637.2</ele>
    <time>2026-06-06T02:00:45Z</time>
   </trkpt>
   <trkpt lat="47.6167870" lon="-120.6750380">
    <ele>637.4</ele>
    <time>2026-06-06T02:00:46Z</time>
   </trkpt>
   <trkpt lat="47.6167440" lon="-120.6750190">
    <ele>637.6</ele>
    <time>2026-06-06T02:00:47Z</time>
   </trkpt>
   <trkpt lat="47.6167030" lon="-120.6749940">
    <ele>637.8</ele>
    <time>2026-06-06T02:00:48Z</time>
   </trkpt>
   <trkpt lat="47.6166660" lon="-120.6749600">
    <ele>638.0</ele>
    <time>2026-06-06T02:00:49Z</time>
   </trkpt>
   <trkpt lat="47.6166360" lon="-120.6749270">
    <ele>638.2</ele>
    <time>2026-06-06T02:00:50Z</time>
   </trkpt>
   <trkpt lat="47.6166070" lon="-120.6748940">
    <ele>638.4</ele>
    <time>2026-06-06T02:00:51Z</time>
   </trkpt>
   <trkpt lat="47.6165800" lon="-120.6748680">
    <ele>638.5</ele>
    <time>2026-06-06T02:00:52Z</time>
   </trkpt>
   <trkpt lat="47.6165590" lon="-120.6748410">
    <ele>638.6</ele>
    <time>2026-06-06T02:00:53Z</time>
   </trkpt>
   <trkpt lat="47.6165320" lon="-120.6748140">
    <ele>638.8</ele>
    <time>2026-06-06T02:00:54Z</time>
   </trkpt>
   <trkpt lat="47.6165030" lon="-120.6747870">
    <ele>639.0</ele>
    <time>2026-06-06T02:00:55Z</time>
   </trkpt>
   <trkpt lat="47.6164740" lon="-120.6747680">
    <ele>639.2</ele>
    <time>2026-06-06T02:00:56Z</time>
   </trkpt>
   <trkpt lat="47.6164430" lon="-120.6747520">
    <ele>639.3</ele>
    <time>2026-06-06T02:00:57Z</time>
   </trkpt>
   <trkpt lat="47.6164130" lon="-120.6747510">
    <ele>639.5</ele>
    <time>2026-06-06T02:00:58Z</time>
   </trkpt>
   <trkpt lat="47.6163830" lon="-120.6747430">
    <ele>639.7</ele>
    <time>2026-06-06T02:00:59Z</time>
   </trkpt>
   <trkpt lat="47.6163520" lon="-120.6747300">
    <ele>639.9</ele>
    <time>2026-06-06T02:01:00Z</time>
   </trkpt>
   <trkpt lat="47.6163190" lon="-120.6747290">
    <ele>640.1</ele>
    <time>2026-06-06T02:01:01Z</time>
   </trkpt>
   <trkpt lat="47.6162840" lon="-120.6747300">
    <ele>640.3</ele>
    <time>2026-06-06T02:01:02Z</time>
   </trkpt>
   <trkpt lat="47.6162580" lon="-120.6747410">
    <ele>640.4</ele>
    <time>2026-06-06T02:01:03Z</time>
   </trkpt>
   <trkpt lat="47.6162470" lon="-120.6747380">
    <ele>640.5</ele>
    <time>2026-06-06T02:01:04Z</time>
   </trkpt>
   <trkpt lat="47.6162140" lon="-120.6747280">
    <ele>640.6</ele>
    <time>2026-06-06T02:01:05Z</time>
   </trkpt>
   <trkpt lat="47.6162030" lon="-120.6747240">
    <ele>640.7</ele>
    <time>2026-06-06T02:01:06Z</time>
   </trkpt>
   <trkpt lat="47.6161710" lon="-120.6747110">
    <ele>640.9</ele>
    <time>2026-06-06T02:01:07Z</time>
   </trkpt>
   <trkpt lat="47.6161590" lon="-120.6747060">
    <ele>640.9</ele>
    <time>2026-06-06T02:01:08Z</time>
   </trkpt>
   <trkpt lat="47.6161240" lon="-120.6746980">
    <ele>641.1</ele>
    <time>2026-06-06T02:01:09Z</time>
   </trkpt>
   <trkpt lat="47.6161120" lon="-120.6746940">
    <ele>641.1</ele>
    <time>2026-06-06T02:01:10Z</time>
   </trkpt>
   <trkpt lat="47.6160770" lon="-120.6746920">
    <ele>641.2</ele>
    <time>2026-06-06T02:01:11Z</time>
   </trkpt>
   <trkpt lat="47.6160670" lon="-120.6746930">
    <ele>641.3</ele>
    <time>2026-06-06T02:01:12Z</time>
   </trkpt>
   <trkpt lat="47.6160450" lon="-120.6747130">
    <ele>641.3</ele>
    <time>2026-06-06T02:01:13Z</time>
   </trkpt>
   <trkpt lat="47.6160320" lon="-120.6747190">
    <ele>641.4</ele>
    <time>2026-06-06T02:01:14Z</time>
   </trkpt>
   <trkpt lat="47.6160020" lon="-120.6747570">
    <ele>641.5</ele>
    <time>2026-06-06T02:01:15Z</time>
   </trkpt>
   <trkpt lat="47.6159930" lon="-120.6747720">
    <ele>641.5</ele>
    <time>2026-06-06T02:01:16Z</time>
   </trkpt>
   <trkpt lat="47.6159720" lon="-120.6747980">
    <ele>641.5</ele>
    <time>2026-06-06T02:01:17Z</time>
   </trkpt>
   <trkpt lat="47.6159510" lon="-120.6748370">
    <ele>641.6</ele>
    <time>2026-06-06T02:01:18Z</time>
   </trkpt>
   <trkpt lat="47.6159440" lon="-120.6748500">
    <ele>641.6</ele>
    <time>2026-06-06T02:01:19Z</time>
   </trkpt>
   <trkpt lat="47.6159410" lon="-120.6749070">
    <ele>641.6</ele>
    <time>2026-06-06T02:01:20Z</time>
   </trkpt>
   <trkpt lat="47.6159500" lon="-120.6749370">
    <ele>641.7</ele>
    <time>2026-06-06T02:01:21Z</time>
   </trkpt>
   <trkpt lat="47.6159920" lon="-120.6749500">
    <ele>641.7</ele>
    <time>2026-06-06T02:01:22Z</time>
   </trkpt>
   <trkpt lat="47.6160230" lon="-120.6749310">
    <ele>641.8</ele>
    <time>2026-06-06T02:01:23Z</time>
   </trkpt>
   <trkpt lat="47.6160530" lon="-120.6748970">
    <ele>641.9</ele>
    <time>2026-06-06T02:01:24Z</time>
   </trkpt>
   <trkpt lat="47.6160620" lon="-120.6748870">
    <ele>641.9</ele>
    <time>2026-06-06T02:01:25Z</time>
   </trkpt>
   <trkpt lat="47.6160840" lon="-120.6748610">
    <ele>642.0</ele>
    <time>2026-06-06T02:01:26Z</time>
   </trkpt>
   <trkpt lat="47.6160910" lon="-120.6748550">
    <ele>642.0</ele>
    <time>2026-06-06T02:01:27Z</time>
   </trkpt>
   <trkpt lat="47.6161080" lon="-120.6748470">
    <ele>642.1</ele>
    <time>2026-06-06T02:01:28Z</time>
   </trkpt>
   <trkpt lat="47.6161240" lon="-120.6748440">
    <ele>642.2</ele>
    <time>2026-06-06T02:01:29Z</time>
   </trkpt>
   <trkpt lat="47.6161400" lon="-120.6748460">
    <ele>642.3</ele>
    <time>2026-06-06T02:01:30Z</time>
   </trkpt>
   <trkpt lat="47.6161600" lon="-120.6748460">
    <ele>642.5</ele>
    <time>2026-06-06T02:01:31Z</time>
   </trkpt>
   <trkpt lat="47.6161930" lon="-120.6748630">
    <ele>642.8</ele>
    <time>2026-06-06T02:01:32Z</time>
   </trkpt>
   <trkpt lat="47.6162240" lon="-120.6748830">
    <ele>643.1</ele>
    <time>2026-06-06T02:01:33Z</time>
   </trkpt>
   <trkpt lat="47.6162520" lon="-120.6749060">
    <ele>643.4</ele>
    <time>2026-06-06T02:01:34Z</time>
   </trkpt>
   <trkpt lat="47.6162790" lon="-120.6749290">
    <ele>643.8</ele>
    <time>2026-06-06T02:01:35Z</time>
   </trkpt>
   <trkpt lat="47.6163050" lon="-120.6749540">
    <ele>644.2</ele>
    <time>2026-06-06T02:01:36Z</time>
   </trkpt>
   <trkpt lat="47.6163350" lon="-120.6749740">
    <ele>644.5</ele>
    <time>2026-06-06T02:01:37Z</time>
   </trkpt>
   <trkpt lat="47.6163640" lon="-120.6750000">
    <ele>645.0</ele>
    <time>2026-06-06T02:01:38Z</time>
   </trkpt>
   <trkpt lat="47.6163930" lon="-120.6750240">
    <ele>645.3</ele>
    <time>2026-06-06T02:01:39Z</time>
   </trkpt>
   <trkpt lat="47.6164230" lon="-120.6750420">
    <ele>645.7</ele>
    <time>2026-06-06T02:01:40Z</time>
   </trkpt>
   <trkpt lat="47.6164510" lon="-120.6750630">
    <ele>646.1</ele>
    <time>2026-06-06T02:01:41Z</time>
   </trkpt>
   <trkpt lat="47.6164790" lon="-120.6750820">
    <ele>646.4</ele>
    <time>2026-06-06T02:01:42Z</time>
   </trkpt>
   <trkpt lat="47.6165030" lon="-120.6751060">
    <ele>646.7</ele>
    <time>2026-06-06T02:01:43Z</time>
   </trkpt>
   <trkpt lat="47.6165340" lon="-120.6751420">
    <ele>647.0</ele>
    <time>2026-06-06T02:01:44Z</time>
   </trkpt>
   <trkpt lat="47.6165430" lon="-120.6751540">
    <ele>647.1</ele>
    <time>2026-06-06T02:01:45Z</time>
   </trkpt>
   <trkpt lat="47.6165600" lon="-120.6751870">
    <ele>647.4</ele>
    <time>2026-06-06T02:01:46Z</time>
   </trkpt>
   <trkpt lat="47.6165850" lon="-120.6752260">
    <ele>647.7</ele>
    <time>2026-06-06T02:01:47Z</time>
   </trkpt>
   <trkpt lat="47.6165920" lon="-120.6752390">
    <ele>647.8</ele>
    <time>2026-06-06T02:01:48Z</time>
   </trkpt>
   <trkpt lat="47.6166130" lon="-120.6752770">
    <ele>648.0</ele>
    <time>2026-06-06T02:01:49Z</time>
   </trkpt>
   <trkpt lat="47.6166200" lon="-120.6752890">
    <ele>648.1</ele>
    <time>2026-06-06T02:01:50Z</time>
   </trkpt>
   <trkpt lat="47.6166380" lon="-120.6753310">
    <ele>648.3</ele>
    <time>2026-06-06T02:01:51Z</time>
   </trkpt>
   <trkpt lat="47.6166450" lon="-120.6753440">
    <ele>648.4</ele>
    <time>2026-06-06T02:01:52Z</time>
   </trkpt>
   <trkpt lat="47.6166650" lon="-120.6753850">
    <ele>648.7</ele>
    <time>2026-06-06T02:01:53Z</time>
   </trkpt>
   <trkpt lat="47.6166710" lon="-120.6753990">
    <ele>648.8</ele>
    <time>2026-06-06T02:01:54Z</time>
   </trkpt>
   <trkpt lat="47.6166880" lon="-120.6754470">
    <ele>649.0</ele>
    <time>2026-06-06T02:01:55Z</time>
   </trkpt>
   <trkpt lat="47.6166950" lon="-120.6754620">
    <ele>649.1</ele>
    <time>2026-06-06T02:01:56Z</time>
   </trkpt>
   <trkpt lat="47.6167190" lon="-120.6754870">
    <ele>649.3</ele>
    <time>2026-06-06T02:01:57Z</time>
   </trkpt>
   <trkpt lat="47.6167260" lon="-120.6754950">
    <ele>649.4</ele>
    <time>2026-06-06T02:01:58Z</time>
   </trkpt>
   <trkpt lat="47.6167420" lon="-120.6755080">
    <ele>649.5</ele>
    <time>2026-06-06T02:01:59Z</time>
   </trkpt>
   <trkpt lat="47.6167550" lon="-120.6755240">
    <ele>649.7</ele>
    <time>2026-06-06T02:02:00Z</time>
   </trkpt>
   <trkpt lat="47.6167650" lon="-120.6755250">
    <ele>649.7</ele>
    <time>2026-06-06T02:02:01Z</time>
   </trkpt>
   <trkpt lat="47.6167730" lon="-120.6755280">
    <ele>649.8</ele>
    <time>2026-06-06T02:02:02Z</time>
   </trkpt>
   <trkpt lat="47.6167780" lon="-120.6755380">
    <ele>649.9</ele>
    <time>2026-06-06T02:02:03Z</time>
   </trkpt>
   <trkpt lat="47.6167810" lon="-120.6755540">
    <ele>650.0</ele>
    <time>2026-06-06T02:02:04Z</time>
   </trkpt>
   <trkpt lat="47.6167850" lon="-120.6755720">
    <ele>650.1</ele>
    <time>2026-06-06T02:02:05Z</time>
   </trkpt>
   <trkpt lat="47.6167970" lon="-120.6755960">
    <ele>650.2</ele>
    <time>2026-06-06T02:02:06Z</time>
   </trkpt>
   <trkpt lat="47.6168170" lon="-120.6756370">
    <ele>650.5</ele>
    <time>2026-06-06T02:02:07Z</time>
   </trkpt>
   <trkpt lat="47.6168240" lon="-120.6756510">
    <ele>650.6</ele>
    <time>2026-06-06T02:02:08Z</time>
   </trkpt>
   <trkpt lat="47.6168450" lon="-120.6756940">
    <ele>650.9</ele>
    <time>2026-06-06T02:02:09Z</time>
   </trkpt>
   <trkpt lat="47.6168520" lon="-120.6757080">
    <ele>651.1</ele>
    <time>2026-06-06T02:02:10Z</time>
   </trkpt>
   <trkpt lat="47.6168660" lon="-120.6757320">
    <ele>651.3</ele>
    <time>2026-06-06T02:02:11Z</time>
   </trkpt>
   <trkpt lat="47.6168730" lon="-120.6757470">
    <ele>651.4</ele>
    <time>2026-06-06T02:02:12Z</time>
   </trkpt>
   <trkpt lat="47.6168740" lon="-120.6757580">
    <ele>651.5</ele>
    <time>2026-06-06T02:02:13Z</time>
   </trkpt>
   <trkpt lat="47.6168780" lon="-120.6757700">
    <ele>651.6</ele>
    <time>2026-06-06T02:02:14Z</time>
   </trkpt>
   <trkpt lat="47.6168860" lon="-120.6757830">
    <ele>651.7</ele>
    <time>2026-06-06T02:02:15Z</time>
   </trkpt>
   <trkpt lat="47.6168920" lon="-120.6757970">
    <ele>651.8</ele>
    <time>2026-06-06T02:02:16Z</time>
   </trkpt>
   <trkpt lat="47.6168970" lon="-120.6758080">
    <ele>651.9</ele>
    <time>2026-06-06T02:02:17Z</time>
   </trkpt>
   <trkpt lat="47.6169000" lon="-120.6758260">
    <ele>652.0</ele>
    <time>2026-06-06T02:02:18Z</time>
   </trkpt>
   <trkpt lat="47.6169080" lon="-120.6758450">
    <ele>652.2</ele>
    <time>2026-06-06T02:02:19Z</time>
   </trkpt>
   <trkpt lat="47.6169210" lon="-120.6758680">
    <ele>652.4</ele>
    <time>2026-06-06T02:02:20Z</time>
   </trkpt>
   <trkpt lat="47.6169530" lon="-120.6758960">
    <ele>652.8</ele>
    <time>2026-06-06T02:02:21Z</time>
   </trkpt>
   <trkpt lat="47.6169640" lon="-120.6759040">
    <ele>652.9</ele>
    <time>2026-06-06T02:02:22Z</time>
   </trkpt>
   <trkpt lat="47.6169970" lon="-120.6759280">
    <ele>653.3</ele>
    <time>2026-06-06T02:02:23Z</time>
   </trkpt>
   <trkpt lat="47.6170070" lon="-120.6759370">
    <ele>653.5</ele>
    <time>2026-06-06T02:02:24Z</time>
   </trkpt>
   <trkpt lat="47.6170360" lon="-120.6759560">
    <ele>653.8</ele>
    <time>2026-06-06T02:02:25Z</time>
   </trkpt>
   <trkpt lat="47.6170450" lon="-120.6759630">
    <ele>653.9</ele>
    <time>2026-06-06T02:02:26Z</time>
   </trkpt>
   <trkpt lat="47.6170760" lon="-120.6759730">
    <ele>654.2</ele>
    <time>2026-06-06T02:02:27Z</time>
   </trkpt>
   <trkpt lat="47.6170860" lon="-120.6759760">
    <ele>654.3</ele>
    <time>2026-06-06T02:02:28Z</time>
   </trkpt>
   <trkpt lat="47.6171030" lon="-120.6759820">
    <ele>654.5</ele>
    <time>2026-06-06T02:02:29Z</time>
   </trkpt>
   <trkpt lat="47.6171190" lon="-120.6759900">
    <ele>654.7</ele>
    <time>2026-06-06T02:02:30Z</time>
   </trkpt>
   <trkpt lat="47.6171500" lon="-120.6759900">
    <ele>654.9</ele>
    <time>2026-06-06T02:02:31Z</time>
   </trkpt>
   <trkpt lat="47.6171590" lon="-120.6759920">
    <ele>655.0</ele>
    <time>2026-06-06T02:02:32Z</time>
   </trkpt>
   <trkpt lat="47.6171850" lon="-120.6760110">
    <ele>655.3</ele>
    <time>2026-06-06T02:02:33Z</time>
   </trkpt>
   <trkpt lat="47.6171920" lon="-120.6760190">
    <ele>655.3</ele>
    <time>2026-06-06T02:02:34Z</time>
   </trkpt>
   <trkpt lat="47.6172050" lon="-120.6760360">
    <ele>655.5</ele>
    <time>2026-06-06T02:02:35Z</time>
   </trkpt>
   <trkpt lat="47.6172160" lon="-120.6760520">
    <ele>655.6</ele>
    <time>2026-06-06T02:02:36Z</time>
   </trkpt>
   <trkpt lat="47.6172250" lon="-120.6760690">
    <ele>655.7</ele>
    <time>2026-06-06T02:02:37Z</time>
   </trkpt>
   <trkpt lat="47.6172350" lon="-120.6760830">
    <ele>655.8</ele>
    <time>2026-06-06T02:02:38Z</time>
   </trkpt>
   <trkpt lat="47.6172470" lon="-120.6760940">
    <ele>655.8</ele>
    <time>2026-06-06T02:02:39Z</time>
   </trkpt>
   <trkpt lat="47.6172590" lon="-120.6761050">
    <ele>655.9</ele>
    <time>2026-06-06T02:02:40Z</time>
   </trkpt>
   <trkpt lat="47.6172730" lon="-120.6761250">
    <ele>656.0</ele>
    <time>2026-06-06T02:02:41Z</time>
   </trkpt>
   <trkpt lat="47.6172810" lon="-120.6761380">
    <ele>656.1</ele>
    <time>2026-06-06T02:02:42Z</time>
   </trkpt>
   <trkpt lat="47.6172890" lon="-120.6761500">
    <ele>656.2</ele>
    <time>2026-06-06T02:02:43Z</time>
   </trkpt>
   <trkpt lat="47.6173010" lon="-120.6761710">
    <ele>656.3</ele>
    <time>2026-06-06T02:02:44Z</time>
   </trkpt>
   <trkpt lat="47.6173110" lon="-120.6761930">
    <ele>656.4</ele>
    <time>2026-06-06T02:02:45Z</time>
   </trkpt>
   <trkpt lat="47.6173220" lon="-120.6762340">
    <ele>656.6</ele>
    <time>2026-06-06T02:02:46Z</time>
   </trkpt>
   <trkpt lat="47.6173260" lon="-120.6762480">
    <ele>656.6</ele>
    <time>2026-06-06T02:02:47Z</time>
   </trkpt>
   <trkpt lat="47.6173450" lon="-120.6762860">
    <ele>656.8</ele>
    <time>2026-06-06T02:02:48Z</time>
   </trkpt>
   <trkpt lat="47.6173510" lon="-120.6762980">
    <ele>656.9</ele>
    <time>2026-06-06T02:02:49Z</time>
   </trkpt>
   <trkpt lat="47.6173710" lon="-120.6763300">
    <ele>657.2</ele>
    <time>2026-06-06T02:02:50Z</time>
   </trkpt>
   <trkpt lat="47.6173770" lon="-120.6763400">
    <ele>657.2</ele>
    <time>2026-06-06T02:02:51Z</time>
   </trkpt>
   <trkpt lat="47.6173940" lon="-120.6763790">
    <ele>657.5</ele>
    <time>2026-06-06T02:02:52Z</time>
   </trkpt>
   <trkpt lat="47.6173990" lon="-120.6763930">
    <ele>657.6</ele>
    <time>2026-06-06T02:02:53Z</time>
   </trkpt>
   <trkpt lat="47.6174250" lon="-120.6764250">
    <ele>658.0</ele>
    <time>2026-06-06T02:02:54Z</time>
   </trkpt>
   <trkpt lat="47.6174330" lon="-120.6764350">
    <ele>658.1</ele>
    <time>2026-06-06T02:02:55Z</time>
   </trkpt>
   <trkpt lat="47.6174470" lon="-120.6764460">
    <ele>658.3</ele>
    <time>2026-06-06T02:02:56Z</time>
   </trkpt>
   <trkpt lat="47.6174590" lon="-120.6764510">
    <ele>658.4</ele>
    <time>2026-06-06T02:02:57Z</time>
   </trkpt>
   <trkpt lat="47.6174710" lon="-120.6764600">
    <ele>658.6</ele>
    <time>2026-06-06T02:02:58Z</time>
   </trkpt>
   <trkpt lat="47.6174800" lon="-120.6764780">
    <ele>658.8</ele>
    <time>2026-06-06T02:02:59Z</time>
   </trkpt>
   <trkpt lat="47.6175000" lon="-120.6765130">
    <ele>659.1</ele>
    <time>2026-06-06T02:03:00Z</time>
   </trkpt>
   <trkpt lat="47.6175080" lon="-120.6765230">
    <ele>659.3</ele>
    <time>2026-06-06T02:03:01Z</time>
   </trkpt>
   <trkpt lat="47.6175360" lon="-120.6765510">
    <ele>659.7</ele>
    <time>2026-06-06T02:03:02Z</time>
   </trkpt>
   <trkpt lat="47.6175430" lon="-120.6765600">
    <ele>659.8</ele>
    <time>2026-06-06T02:03:03Z</time>
   </trkpt>
   <trkpt lat="47.6175570" lon="-120.6765770">
    <ele>660.0</ele>
    <time>2026-06-06T02:03:04Z</time>
   </trkpt>
   <trkpt lat="47.6175730" lon="-120.6765920">
    <ele>660.3</ele>
    <time>2026-06-06T02:03:05Z</time>
   </trkpt>
   <trkpt lat="47.6175980" lon="-120.6766100">
    <ele>660.6</ele>
    <time>2026-06-06T02:03:06Z</time>
   </trkpt>
   <trkpt lat="47.6176070" lon="-120.6766150">
    <ele>660.7</ele>
    <time>2026-06-06T02:03:07Z</time>
   </trkpt>
   <trkpt lat="47.6176340" lon="-120.6766340">
    <ele>661.1</ele>
    <time>2026-06-06T02:03:08Z</time>
   </trkpt>
   <trkpt lat="47.6176420" lon="-120.6766410">
    <ele>661.2</ele>
    <time>2026-06-06T02:03:09Z</time>
   </trkpt>
   <trkpt lat="47.6176670" lon="-120.6766700">
    <ele>661.6</ele>
    <time>2026-06-06T02:03:10Z</time>
   </trkpt>
   <trkpt lat="47.6176750" lon="-120.6766790">
    <ele>661.7</ele>
    <time>2026-06-06T02:03:11Z</time>
   </trkpt>
   <trkpt lat="47.6177000" lon="-120.6767000">
    <ele>662.0</ele>
    <time>2026-06-06T02:03:12Z</time>
   </trkpt>
   <trkpt lat="47.6177070" lon="-120.6767070">
    <ele>662.1</ele>
    <time>2026-06-06T02:03:13Z</time>
   </trkpt>
   <trkpt lat="47.6177160" lon="-120.6767190">
    <ele>662.3</ele>
    <time>2026-06-06T02:03:14Z</time>
   </trkpt>
   <trkpt lat="47.6177220" lon="-120.6767250">
    <ele>662.3</ele>
    <time>2026-06-06T02:03:15Z</time>
   </trkpt>
   <trkpt lat="47.6177280" lon="-120.6767340">
    <ele>662.4</ele>
    <time>2026-06-06T02:03:16Z</time>
   </trkpt>
   <trkpt lat="47.6177460" lon="-120.6767640">
    <ele>662.7</ele>
    <time>2026-06-06T02:03:17Z</time>
   </trkpt>
   <trkpt lat="47.6177540" lon="-120.6767730">
    <ele>662.9</ele>
    <time>2026-06-06T02:03:18Z</time>
   </trkpt>
   <trkpt lat="47.6177670" lon="-120.6767890">
    <ele>663.0</ele>
    <time>2026-06-06T02:03:19Z</time>
   </trkpt>
   <trkpt lat="47.6177840" lon="-120.6768010">
    <ele>663.3</ele>
    <time>2026-06-06T02:03:20Z</time>
   </trkpt>
   <trkpt lat="47.6178070" lon="-120.6768300">
    <ele>663.6</ele>
    <time>2026-06-06T02:03:21Z</time>
   </trkpt>
   <trkpt lat="47.6178150" lon="-120.6768400">
    <ele>663.7</ele>
    <time>2026-06-06T02:03:22Z</time>
   </trkpt>
   <trkpt lat="47.6178370" lon="-120.6768670">
    <ele>664.0</ele>
    <time>2026-06-06T02:03:23Z</time>
   </trkpt>
   <trkpt lat="47.6178420" lon="-120.6768790">
    <ele>664.1</ele>
    <time>2026-06-06T02:03:24Z</time>
   </trkpt>
   <trkpt lat="47.6178580" lon="-120.6769140">
    <ele>664.4</ele>
    <time>2026-06-06T02:03:25Z</time>
   </trkpt>
   <trkpt lat="47.6178640" lon="-120.6769250">
    <ele>664.5</ele>
    <time>2026-06-06T02:03:26Z</time>
   </trkpt>
   <trkpt lat="47.6178780" lon="-120.6769410">
    <ele>664.7</ele>
    <time>2026-06-06T02:03:27Z</time>
   </trkpt>
   <trkpt lat="47.6178910" lon="-120.6769600">
    <ele>664.9</ele>
    <time>2026-06-06T02:03:28Z</time>
   </trkpt>
   <trkpt lat="47.6179090" lon="-120.6769910">
    <ele>665.2</ele>
    <time>2026-06-06T02:03:29Z</time>
   </trkpt>
   <trkpt lat="47.6179150" lon="-120.6770010">
    <ele>665.3</ele>
    <time>2026-06-06T02:03:30Z</time>
   </trkpt>
   <trkpt lat="47.6179240" lon="-120.6770220">
    <ele>665.4</ele>
    <time>2026-06-06T02:03:31Z</time>
   </trkpt>
   <trkpt lat="47.6179310" lon="-120.6770480">
    <ele>665.6</ele>
    <time>2026-06-06T02:03:32Z</time>
   </trkpt>
   <trkpt lat="47.6179360" lon="-120.6770750">
    <ele>665.8</ele>
    <time>2026-06-06T02:03:33Z</time>
   </trkpt>
   <trkpt lat="47.6179450" lon="-120.6770980">
    <ele>665.9</ele>
    <time>2026-06-06T02:03:34Z</time>
   </trkpt>
   <trkpt lat="47.6179550" lon="-120.6771180">
    <ele>666.1</ele>
    <time>2026-06-06T02:03:35Z</time>
   </trkpt>
   <trkpt lat="47.6179620" lon="-120.6771400">
    <ele>666.2</ele>
    <time>2026-06-06T02:03:36Z</time>
   </trkpt>
   <trkpt lat="47.6179660" lon="-120.6771610">
    <ele>666.3</ele>
    <time>2026-06-06T02:03:37Z</time>
   </trkpt>
   <trkpt lat="47.6179710" lon="-120.6771720">
    <ele>666.4</ele>
    <time>2026-06-06T02:03:38Z</time>
   </trkpt>
   <trkpt lat="47.6179740" lon="-120.6771860">
    <ele>666.5</ele>
    <time>2026-06-06T02:03:39Z</time>
   </trkpt>
   <trkpt lat="47.6179740" lon="-120.6772000">
    <ele>666.6</ele>
    <time>2026-06-06T02:03:40Z</time>
   </trkpt>
   <trkpt lat="47.6179710" lon="-120.6772030">
    <ele>666.6</ele>
    <time>2026-06-06T02:03:41Z</time>
   </trkpt>
   <trkpt lat="47.6179700" lon="-120.6772050">
    <ele>666.6</ele>
    <time>2026-06-06T02:03:42Z</time>
   </trkpt>
   <trkpt lat="47.6179690" lon="-120.6772120">
    <ele>666.6</ele>
    <time>2026-06-06T02:03:43Z</time>
   </trkpt>
   <trkpt lat="47.6179680" lon="-120.6772210">
    <ele>666.7</ele>
    <time>2026-06-06T02:03:44Z</time>
   </trkpt>
   <trkpt lat="47.6179680" lon="-120.6772250">
    <ele>666.7</ele>
    <time>2026-06-06T02:03:45Z</time>
   </trkpt>
   <trkpt lat="47.6179630" lon="-120.6772370">
    <ele>666.8</ele>
    <time>2026-06-06T02:03:46Z</time>
   </trkpt>
   <trkpt lat="47.6179600" lon="-120.6772390">
    <ele>666.8</ele>
    <time>2026-06-06T02:03:47Z</time>
   </trkpt>
   <trkpt lat="47.6179570" lon="-120.6772210">
    <ele>666.9</ele>
    <time>2026-06-06T02:03:48Z</time>
   </trkpt>
   <trkpt lat="47.6179590" lon="-120.6772160">
    <ele>667.0</ele>
    <time>2026-06-06T02:03:49Z</time>
   </trkpt>
   <trkpt lat="47.6179600" lon="-120.6772150">
    <ele>667.0</ele>
    <time>2026-06-06T02:03:50Z</time>
   </trkpt>
   <trkpt lat="47.6179600" lon="-120.6772150">
    <ele>667.0</ele>
    <time>2026-06-06T02:03:51Z</time>
   </trkpt>
   <trkpt lat="47.6179600" lon="-120.6772150">
    <ele>667.0</ele>
    <time>2026-06-06T02:03:52Z</time>
   </trkpt>
   <trkpt lat="47.6179590" lon="-120.6772150">
    <ele>667.0</ele>
    <time>2026-06-06T02:03:53Z</time>
   </trkpt>
   <trkpt lat="47.6179570" lon="-120.6772090">
    <ele>667.0</ele>
    <time>2026-06-06T02:03:54Z</time>
   </trkpt>
   <trkpt lat="47.6179540" lon="-120.6771980">
    <ele>667.1</ele>
    <time>2026-06-06T02:03:55Z</time>
   </trkpt>
   <trkpt lat="47.6179580" lon="-120.6771970">
    <ele>667.1</ele>
    <time>2026-06-06T02:03:56Z</time>
   </trkpt>
   <trkpt lat="47.6179590" lon="-120.6771980">
    <ele>667.1</ele>
    <time>2026-06-06T02:03:57Z</time>
   </trkpt>
   <trkpt lat="47.6179650" lon="-120.6772130">
    <ele>667.3</ele>
    <time>2026-06-06T02:03:58Z</time>
   </trkpt>
   <trkpt lat="47.6179680" lon="-120.6772230">
    <ele>667.3</ele>
    <time>2026-06-06T02:03:59Z</time>
   </trkpt>
   <trkpt lat="47.6179670" lon="-120.6772260">
    <ele>667.3</ele>
    <time>2026-06-06T02:04:00Z</time>
   </trkpt>
   <trkpt lat="47.6179630" lon="-120.6772310">
    <ele>667.4</ele>
    <time>2026-06-06T02:04:01Z</time>
   </trkpt>
   <trkpt lat="47.6179550" lon="-120.6772290">
    <ele>667.5</ele>
    <time>2026-06-06T02:04:02Z</time>
   </trkpt>
   <trkpt lat="47.6179490" lon="-120.6772300">
    <ele>667.5</ele>
    <time>2026-06-06T02:04:03Z</time>
   </trkpt>
   <trkpt lat="47.6179480" lon="-120.6772370">
    <ele>667.6</ele>
    <time>2026-06-06T02:04:04Z</time>
   </trkpt>
   <trkpt lat="47.6179500" lon="-120.6772510">
    <ele>667.7</ele>
    <time>2026-06-06T02:04:05Z</time>
   </trkpt>
   <trkpt lat="47.6179520" lon="-120.6772550">
    <ele>667.7</ele>
    <time>2026-06-06T02:04:06Z</time>
   </trkpt>
   <trkpt lat="47.6179580" lon="-120.6772600">
    <ele>667.8</ele>
    <time>2026-06-06T02:04:07Z</time>
   </trkpt>
   <trkpt lat="47.6179630" lon="-120.6772600">
    <ele>667.8</ele>
    <time>2026-06-06T02:04:08Z</time>
   </trkpt>
   <trkpt lat="47.6179700" lon="-120.6772520">
    <ele>667.9</ele>
    <time>2026-06-06T02:04:09Z</time>
   </trkpt>
   <trkpt lat="47.6179770" lon="-120.6772450">
    <ele>668.0</ele>
    <time>2026-06-06T02:04:10Z</time>
   </trkpt>
   <trkpt lat="47.6179800" lon="-120.6772370">
    <ele>668.1</ele>
    <time>2026-06-06T02:04:11Z</time>
   </trkpt>
   <trkpt lat="47.6179890" lon="-120.6772460">
    <ele>668.2</ele>
    <time>2026-06-06T02:04:12Z</time>
   </trkpt>
   <trkpt lat="47.6179920" lon="-120.6772400">
    <ele>668.2</ele>
    <time>2026-06-06T02:04:13Z</time>
   </trkpt>
   <trkpt lat="47.6179960" lon="-120.6772330">
    <ele>668.3</ele>
    <time>2026-06-06T02:04:14Z</time>
   </trkpt>
   <trkpt lat="47.6179950" lon="-120.6772160">
    <ele>668.4</ele>
    <time>2026-06-06T02:04:15Z</time>
   </trkpt>
   <trkpt lat="47.6179950" lon="-120.6772100">
    <ele>668.5</ele>
    <time>2026-06-06T02:04:16Z</time>
   </trkpt>
   <trkpt lat="47.6179990" lon="-120.6771980">
    <ele>668.6</ele>
    <time>2026-06-06T02:04:17Z</time>
   </trkpt>
   <trkpt lat="47.6180140" lon="-120.6771890">
    <ele>668.7</ele>
    <time>2026-06-06T02:04:18Z</time>
   </trkpt>
   <trkpt lat="47.6180240" lon="-120.6771830">
    <ele>668.9</ele>
    <time>2026-06-06T02:04:19Z</time>
   </trkpt>
   <trkpt lat="47.6180330" lon="-120.6771770">
    <ele>669.0</ele>
    <time>2026-06-06T02:04:20Z</time>
   </trkpt>
   <trkpt lat="47.6180390" lon="-120.6771670">
    <ele>669.1</ele>
    <time>2026-06-06T02:04:21Z</time>
   </trkpt>
   <trkpt lat="47.6180330" lon="-120.6771600">
    <ele>669.2</ele>
    <time>2026-06-06T02:04:22Z</time>
   </trkpt>
   <trkpt lat="47.6180290" lon="-120.6771560">
    <ele>669.2</ele>
    <time>2026-06-06T02:04:23Z</time>
   </trkpt>
   <trkpt lat="47.6180300" lon="-120.6771550">
    <ele>669.2</ele>
    <time>2026-06-06T02:04:24Z</time>
   </trkpt>
   <trkpt lat="47.6180280" lon="-120.6771560">
    <ele>669.3</ele>
    <time>2026-06-06T02:04:25Z</time>
   </trkpt>
   <trkpt lat="47.6180240" lon="-120.6771620">
    <ele>669.3</ele>
    <time>2026-06-06T02:04:26Z</time>
   </trkpt>
   <trkpt lat="47.6180250" lon="-120.6771700">
    <ele>669.4</ele>
    <time>2026-06-06T02:04:27Z</time>
   </trkpt>
   <trkpt lat="47.6180250" lon="-120.6771730">
    <ele>669.4</ele>
    <time>2026-06-06T02:04:28Z</time>
   </trkpt>
   <trkpt lat="47.6180200" lon="-120.6771730">
    <ele>669.5</ele>
    <time>2026-06-06T02:04:29Z</time>
   </trkpt>
   <trkpt lat="47.6180230" lon="-120.6771760">
    <ele>669.5</ele>
    <time>2026-06-06T02:04:30Z</time>
   </trkpt>
   <trkpt lat="47.6180230" lon="-120.6771770">
    <ele>669.5</ele>
    <time>2026-06-06T02:04:31Z</time>
   </trkpt>
   <trkpt lat="47.6180310" lon="-120.6771780">
    <ele>669.6</ele>
    <time>2026-06-06T02:04:32Z</time>
   </trkpt>
   <trkpt lat="47.6180330" lon="-120.6771850">
    <ele>669.7</ele>
    <time>2026-06-06T02:04:33Z</time>
   </trkpt>
   <trkpt lat="47.6180330" lon="-120.6771870">
    <ele>669.7</ele>
    <time>2026-06-06T02:04:34Z</time>
   </trkpt>
   <trkpt lat="47.6180340" lon="-120.6771880">
    <ele>669.7</ele>
    <time>2026-06-06T02:04:35Z</time>
   </trkpt>
   <trkpt lat="47.6180290" lon="-120.6771890">
    <ele>669.8</ele>
    <time>2026-06-06T02:04:36Z</time>
   </trkpt>
   <trkpt lat="47.6180250" lon="-120.6771870">
    <ele>669.9</ele>
    <time>2026-06-06T02:04:37Z</time>
   </trkpt>
   <trkpt lat="47.6180240" lon="-120.6771930">
    <ele>669.9</ele>
    <time>2026-06-06T02:04:38Z</time>
   </trkpt>
   <trkpt lat="47.6180210" lon="-120.6771980">
    <ele>670.0</ele>
    <time>2026-06-06T02:04:39Z</time>
   </trkpt>
   <trkpt lat="47.6180190" lon="-120.6772030">
    <ele>670.0</ele>
    <time>2026-06-06T02:04:40Z</time>
   </trkpt>
   <trkpt lat="47.6180200" lon="-120.6771970">
    <ele>670.1</ele>
    <time>2026-06-06T02:04:41Z</time>
   </trkpt>
   <trkpt lat="47.6180200" lon="-120.6771820">
    <ele>670.2</ele>
    <time>2026-06-06T02:04:42Z</time>
   </trkpt>
   <trkpt lat="47.6180120" lon="-120.6771670">
    <ele>670.4</ele>
    <time>2026-06-06T02:04:43Z</time>
   </trkpt>
   <trkpt lat="47.6180020" lon="-120.6771590">
    <ele>670.5</ele>
    <time>2026-06-06T02:04:44Z</time>
   </trkpt>
   <trkpt lat="47.6179980" lon="-120.6771650">
    <ele>670.6</ele>
    <time>2026-06-06T02:04:45Z</time>
   </trkpt>
   <trkpt lat="47.6179970" lon="-120.6771670">
    <ele>670.6</ele>
    <time>2026-06-06T02:04:46Z</time>
   </trkpt>
   <trkpt lat="47.6179960" lon="-120.6771670">
    <ele>670.6</ele>
    <time>2026-06-06T02:04:47Z</time>
   </trkpt>
   <trkpt lat="47.6179960" lon="-120.6771670">
    <ele>670.6</ele>
    <time>2026-06-06T02:04:48Z</time>
   </trkpt>
   <trkpt lat="47.6179960" lon="-120.6771670">
    <ele>670.6</ele>
    <time>2026-06-06T02:04:49Z</time>
   </trkpt>
   <trkpt lat="47.6179960" lon="-120.6771670">
    <ele>670.6</ele>
    <time>2026-06-06T02:04:50Z</time>
   </trkpt>
   <trkpt lat="47.6179960" lon="-120.6771670">
    <ele>670.6</ele>
    <time>2026-06-06T02:04:51Z</time>
   </trkpt>
   <trkpt lat="47.6179960" lon="-120.6771670">
    <ele>670.6</ele>
    <time>2026-06-06T02:04:52Z</time>
   </trkpt>
   <trkpt lat="47.6179960" lon="-120.6771670">
    <ele>670.6</ele>
    <time>2026-06-06T02:04:53Z</time>
   </trkpt>
   <trkpt lat="47.6179960" lon="-120.6771680">
    <ele>670.7</ele>
    <time>2026-06-06T02:04:54Z</time>
   </trkpt>
   <trkpt lat="47.6179960" lon="-120.6771680">
    <ele>670.7</ele>
    <time>2026-06-06T02:04:55Z</time>
   </trkpt>
   <trkpt lat="47.6179960" lon="-120.6771680">
    <ele>670.7</ele>
    <time>2026-06-06T02:04:56Z</time>
   </trkpt>
   <trkpt lat="47.6179960" lon="-120.6771680">
    <ele>670.7</ele>
    <time>2026-06-06T02:04:57Z</time>
   </trkpt>
   <trkpt lat="47.6179960" lon="-120.6771680">
    <ele>670.7</ele>
    <time>2026-06-06T02:04:58Z</time>
   </trkpt>
   <trkpt lat="47.6179960" lon="-120.6771680">
    <ele>670.7</ele>
    <time>2026-06-06T02:04:59Z</time>
   </trkpt>
   <trkpt lat="47.6179960" lon="-120.6771680">
    <ele>670.7</ele>
    <time>2026-06-06T02:05:00Z</time>
   </trkpt>
   <trkpt lat="47.6179960" lon="-120.6771680">
    <ele>670.7</ele>
    <time>2026-06-06T02:05:01Z</time>
   </trkpt>
   <trkpt lat="47.6179960" lon="-120.6771680">
    <ele>670.7</ele>
    <time>2026-06-06T02:05:02Z</time>
   </trkpt>
   <trkpt lat="47.6179960" lon="-120.6771680">
    <ele>670.7</ele>
    <time>2026-06-06T02:05:03Z</time>
   </trkpt>
   <trkpt lat="47.6179960" lon="-120.6771680">
    <ele>670.7</ele>
    <time>2026-06-06T02:05:04Z</time>
   </trkpt>
   <trkpt lat="47.6179960" lon="-120.6771720">
    <ele>670.7</ele>
    <time>2026-06-06T02:05:05Z</time>
   </trkpt>
   <trkpt lat="47.6179980" lon="-120.6771720">
    <ele>670.7</ele>
    <time>2026-06-06T02:05:06Z</time>
   </trkpt>
   <trkpt lat="47.6180040" lon="-120.6771740">
    <ele>670.8</ele>
    <time>2026-06-06T02:05:07Z</time>
   </trkpt>
   <trkpt lat="47.6180080" lon="-120.6771780">
    <ele>670.9</ele>
    <time>2026-06-06T02:05:08Z</time>
   </trkpt>
   <trkpt lat="47.6180080" lon="-120.6771790">
    <ele>670.9</ele>
    <time>2026-06-06T02:05:09Z</time>
   </trkpt>
   <trkpt lat="47.6180080" lon="-120.6771800">
    <ele>670.9</ele>
    <time>2026-06-06T02:05:10Z</time>
   </trkpt>
   <trkpt lat="47.6180080" lon="-120.6771800">
    <ele>670.9</ele>
    <time>2026-06-06T02:05:11Z</time>
   </trkpt>
   <trkpt lat="47.6180080" lon="-120.6771800">
    <ele>670.9</ele>
    <time>2026-06-06T02:05:12Z</time>
   </trkpt>
   <trkpt lat="47.6180080" lon="-120.6771800">
    <ele>670.9</ele>
    <time>2026-06-06T02:05:13Z</time>
   </trkpt>
   <trkpt lat="47.6180080" lon="-120.6771800">
    <ele>670.9</ele>
    <time>2026-06-06T02:05:14Z</time>
   </trkpt>
   <trkpt lat="47.6180100" lon="-120.6771770">
    <ele>670.9</ele>
    <time>2026-06-06T02:05:15Z</time>
   </trkpt>
   <trkpt lat="47.6180110" lon="-120.6771760">
    <ele>670.9</ele>
    <time>2026-06-06T02:05:16Z</time>
   </trkpt>
   <trkpt lat="47.6180120" lon="-120.6771750">
    <ele>670.9</ele>
    <time>2026-06-06T02:05:17Z</time>
   </trkpt>
   <trkpt lat="47.6180120" lon="-120.6771750">
    <ele>670.9</ele>
    <time>2026-06-06T02:05:18Z</time>
   </trkpt>
   <trkpt lat="47.6180120" lon="-120.6771750">
    <ele>670.9</ele>
    <time>2026-06-06T02:05:19Z</time>
   </trkpt>
   <trkpt lat="47.6180120" lon="-120.6771750">
    <ele>670.9</ele>
    <time>2026-06-06T02:05:20Z</time>
   </trkpt>
   <trkpt lat="47.6180120" lon="-120.6771750">
    <ele>670.9</ele>
    <time>2026-06-06T02:05:21Z</time>
   </trkpt>
   <trkpt lat="47.6180120" lon="-120.6771750">
    <ele>670.9</ele>
    <time>2026-06-06T02:05:22Z</time>
   </trkpt>
   <trkpt lat="47.6180120" lon="-120.6771750">
    <ele>670.9</ele>
    <time>2026-06-06T02:05:23Z</time>
   </trkpt>
   <trkpt lat="47.6180120" lon="-120.6771750">
    <ele>670.9</ele>
    <time>2026-06-06T02:05:24Z</time>
   </trkpt>
   <trkpt lat="47.6180110" lon="-120.6771720">
    <ele>671.0</ele>
    <time>2026-06-06T02:05:25Z</time>
   </trkpt>
   <trkpt lat="47.6180110" lon="-120.6771780">
    <ele>671.0</ele>
    <time>2026-06-06T02:05:26Z</time>
   </trkpt>
   <trkpt lat="47.6180100" lon="-120.6771770">
    <ele>671.0</ele>
    <time>2026-06-06T02:05:27Z</time>
   </trkpt>
   <trkpt lat="47.6180080" lon="-120.6771770">
    <ele>671.1</ele>
    <time>2026-06-06T02:05:28Z</time>
   </trkpt>
   <trkpt lat="47.6180070" lon="-120.6771760">
    <ele>671.1</ele>
    <time>2026-06-06T02:05:29Z</time>
   </trkpt>
   <trkpt lat="47.6180050" lon="-120.6771680">
    <ele>671.2</ele>
    <time>2026-06-06T02:05:30Z</time>
   </trkpt>
   <trkpt lat="47.6180040" lon="-120.6771700">
    <ele>671.2</ele>
    <time>2026-06-06T02:05:31Z</time>
   </trkpt>
   <trkpt lat="47.6180040" lon="-120.6771710">
    <ele>671.2</ele>
    <time>2026-06-06T02:05:32Z</time>
   </trkpt>
   <trkpt lat="47.6180040" lon="-120.6771710">
    <ele>671.2</ele>
    <time>2026-06-06T02:05:33Z</time>
   </trkpt>
   <trkpt lat="47.6180040" lon="-120.6771710">
    <ele>671.2</ele>
    <time>2026-06-06T02:05:34Z</time>
   </trkpt>
   <trkpt lat="47.6180040" lon="-120.6771710">
    <ele>671.2</ele>
    <time>2026-06-06T02:05:35Z</time>
   </trkpt>
   <trkpt lat="47.6180030" lon="-120.6771710">
    <ele>671.2</ele>
    <time>2026-06-06T02:05:36Z</time>
   </trkpt>
   <trkpt lat="47.6180030" lon="-120.6771710">
    <ele>671.2</ele>
    <time>2026-06-06T02:05:37Z</time>
   </trkpt>
   <trkpt lat="47.6180030" lon="-120.6771710">
    <ele>671.2</ele>
    <time>2026-06-06T02:05:38Z</time>
   </trkpt>
   <trkpt lat="47.6180020" lon="-120.6771670">
    <ele>671.2</ele>
    <time>2026-06-06T02:05:39Z</time>
   </trkpt>
   <trkpt lat="47.6179950" lon="-120.6771610">
    <ele>671.3</ele>
    <time>2026-06-06T02:05:40Z</time>
   </trkpt>
   <trkpt lat="47.6179930" lon="-120.6771590">
    <ele>671.4</ele>
    <time>2026-06-06T02:05:41Z</time>
   </trkpt>
   <trkpt lat="47.6179930" lon="-120.6771590">
    <ele>671.4</ele>
    <time>2026-06-06T02:05:42Z</time>
   </trkpt>
   <trkpt lat="47.6179930" lon="-120.6771590">
    <ele>671.4</ele>
    <time>2026-06-06T02:05:43Z</time>
   </trkpt>
   <trkpt lat="47.6179930" lon="-120.6771590">
    <ele>671.4</ele>
    <time>2026-06-06T02:05:44Z</time>
   </trkpt>
   <trkpt lat="47.6179930" lon="-120.6771580">
    <ele>671.4</ele>
    <time>2026-06-06T02:05:45Z</time>
   </trkpt>
   <trkpt lat="47.6179940" lon="-120.6771590">
    <ele>671.4</ele>
    <time>2026-06-06T02:05:46Z</time>
   </trkpt>
   <trkpt lat="47.6179940" lon="-120.6771590">
    <ele>671.4</ele>
    <time>2026-06-06T02:05:47Z</time>
   </trkpt>
   <trkpt lat="47.6179940" lon="-120.6771600">
    <ele>671.4</ele>
    <time>2026-06-06T02:05:48Z</time>
   </trkpt>
   <trkpt lat="47.6179940" lon="-120.6771600">
    <ele>671.4</ele>
    <time>2026-06-06T02:05:49Z</time>
   </trkpt>
   <trkpt lat="47.6179940" lon="-120.6771600">
    <ele>671.4</ele>
    <time>2026-06-06T02:05:50Z</time>
   </trkpt>
   <trkpt lat="47.6179940" lon="-120.6771600">
    <ele>671.4</ele>
    <time>2026-06-06T02:05:51Z</time>
   </trkpt>
   <trkpt lat="47.6179940" lon="-120.6771600">
    <ele>671.4</ele>
    <time>2026-06-06T02:05:52Z</time>
   </trkpt>
   <trkpt lat="47.6179930" lon="-120.6771600">
    <ele>671.4</ele>
    <time>2026-06-06T02:05:53Z</time>
   </trkpt>
   <trkpt lat="47.6179930" lon="-120.6771600">
    <ele>671.4</ele>
    <time>2026-06-06T02:05:54Z</time>
   </trkpt>
   <trkpt lat="47.6179930" lon="-120.6771600">
    <ele>671.4</ele>
    <time>2026-06-06T02:05:55Z</time>
   </trkpt>
   <trkpt lat="47.6179930" lon="-120.6771600">
    <ele>671.4</ele>
    <time>2026-06-06T02:05:56Z</time>
   </trkpt>
   <trkpt lat="47.6179930" lon="-120.6771600">
    <ele>671.4</ele>
    <time>2026-06-06T02:05:57Z</time>
   </trkpt>
   <trkpt lat="47.6179930" lon="-120.6771600">
    <ele>671.4</ele>
    <time>2026-06-06T02:05:58Z</time>
   </trkpt>
   <trkpt lat="47.6179930" lon="-120.6771600">
    <ele>671.4</ele>
    <time>2026-06-06T02:05:59Z</time>
   </trkpt>
   <trkpt lat="47.6179930" lon="-120.6771600">
    <ele>671.4</ele>
    <time>2026-06-06T02:06:00Z</time>
   </trkpt>
   <trkpt lat="47.6179930" lon="-120.6771620">
    <ele>671.4</ele>
    <time>2026-06-06T02:06:01Z</time>
   </trkpt>
   <trkpt lat="47.6179920" lon="-120.6771600">
    <ele>671.5</ele>
    <time>2026-06-06T02:06:02Z</time>
   </trkpt>
   <trkpt lat="47.6179910" lon="-120.6771590">
    <ele>671.5</ele>
    <time>2026-06-06T02:06:03Z</time>
   </trkpt>
   <trkpt lat="47.6179910" lon="-120.6771590">
    <ele>671.5</ele>
    <time>2026-06-06T02:06:04Z</time>
   </trkpt>
   <trkpt lat="47.6179910" lon="-120.6771590">
    <ele>671.5</ele>
    <time>2026-06-06T02:06:05Z</time>
   </trkpt>
   <trkpt lat="47.6179910" lon="-120.6771590">
    <ele>671.5</ele>
    <time>2026-06-06T02:06:06Z</time>
   </trkpt>
   <trkpt lat="47.6179910" lon="-120.6771590">
    <ele>671.5</ele>
    <time>2026-06-06T02:06:07Z</time>
   </trkpt>
   <trkpt lat="47.6179910" lon="-120.6771590">
    <ele>671.5</ele>
    <time>2026-06-06T02:06:08Z</time>
   </trkpt>
   <trkpt lat="47.6179910" lon="-120.6771590">
    <ele>671.5</ele>
    <time>2026-06-06T02:06:09Z</time>
   </trkpt>
   <trkpt lat="47.6179910" lon="-120.6771590">
    <ele>671.5</ele>
    <time>2026-06-06T02:06:10Z</time>
   </trkpt>
   <trkpt lat="47.6179910" lon="-120.6771590">
    <ele>671.5</ele>
    <time>2026-06-06T02:06:11Z</time>
   </trkpt>
   <trkpt lat="47.6179910" lon="-120.6771590">
    <ele>671.5</ele>
    <time>2026-06-06T02:06:12Z</time>
   </trkpt>
   <trkpt lat="47.6179910" lon="-120.6771590">
    <ele>671.5</ele>
    <time>2026-06-06T02:06:13Z</time>
   </trkpt>
   <trkpt lat="47.6179910" lon="-120.6771590">
    <ele>671.5</ele>
    <time>2026-06-06T02:06:14Z</time>
   </trkpt>
   <trkpt lat="47.6179910" lon="-120.6771590">
    <ele>671.5</ele>
    <time>2026-06-06T02:06:15Z</time>
   </trkpt>
   <trkpt lat="47.6179910" lon="-120.6771590">
    <ele>671.5</ele>
    <time>2026-06-06T02:06:16Z</time>
   </trkpt>
   <trkpt lat="47.6179910" lon="-120.6771590">
    <ele>671.5</ele>
    <time>2026-06-06T02:06:17Z</time>
   </trkpt>
   <trkpt lat="47.6179910" lon="-120.6771590">
    <ele>671.5</ele>
    <time>2026-06-06T02:06:18Z</time>
   </trkpt>
   <trkpt lat="47.6179910" lon="-120.6771590">
    <ele>671.5</ele>
    <time>2026-06-06T02:06:19Z</time>
   </trkpt>
   <trkpt lat="47.6179910" lon="-120.6771590">
    <ele>671.5</ele>
    <time>2026-06-06T02:06:20Z</time>
   </trkpt>
   <trkpt lat="47.6179910" lon="-120.6771590">
    <ele>671.5</ele>
    <time>2026-06-06T02:06:21Z</time>
   </trkpt>
   <trkpt lat="47.6179910" lon="-120.6771590">
    <ele>671.5</ele>
    <time>2026-06-06T02:06:22Z</time>
   </trkpt>
   <trkpt lat="47.6179910" lon="-120.6771590">
    <ele>671.5</ele>
    <time>2026-06-06T02:06:23Z</time>
   </trkpt>
   <trkpt lat="47.6179910" lon="-120.6771590">
    <ele>671.5</ele>
    <time>2026-06-06T02:06:24Z</time>
   </trkpt>
   <trkpt lat="47.6179910" lon="-120.6771590">
    <ele>671.5</ele>
    <time>2026-06-06T02:06:25Z</time>
   </trkpt>
   <trkpt lat="47.6179910" lon="-120.6771590">
    <ele>671.5</ele>
    <time>2026-06-06T02:06:26Z</time>
   </trkpt>
   <trkpt lat="47.6179910" lon="-120.6771590">
    <ele>671.5</ele>
    <time>2026-06-06T02:06:27Z</time>
   </trkpt>
   <trkpt lat="47.6179910" lon="-120.6771590">
    <ele>671.5</ele>
    <time>2026-06-06T02:06:28Z</time>
   </trkpt>
   <trkpt lat="47.6179910" lon="-120.6771590">
    <ele>671.5</ele>
    <time>2026-06-06T02:06:29Z</time>
   </trkpt>
   <trkpt lat="47.6179910" lon="-120.6771590">
    <ele>671.5</ele>
    <time>2026-06-06T02:06:30Z</time>
   </trkpt>
   <trkpt lat="47.6179910" lon="-120.6771590">
    <ele>671.5</ele>
    <time>2026-06-06T02:06:31Z</time>
   </trkpt>
   <trkpt lat="47.6179910" lon="-120.6771590">
    <ele>671.5</ele>
    <time>2026-06-06T02:06:32Z</time>
   </trkpt>
   <trkpt lat="47.6179910" lon="-120.6771590">
    <ele>671.5</ele>
    <time>2026-06-06T02:06:33Z</time>
   </trkpt>
   <trkpt lat="47.6179910" lon="-120.6771590">
    <ele>671.5</ele>
    <time>2026-06-06T02:06:34Z</time>
   </trkpt>
   <trkpt lat="47.6179910" lon="-120.6771590">
    <ele>671.5</ele>
    <time>2026-06-06T02:06:35Z</time>
   </trkpt>
   <trkpt lat="47.6179910" lon="-120.6771590">
    <ele>671.5</ele>
    <time>2026-06-06T02:06:36Z</time>
   </trkpt>
   <trkpt lat="47.6179910" lon="-120.6771590">
    <ele>671.5</ele>
    <time>2026-06-06T02:06:37Z</time>
   </trkpt>
   <trkpt lat="47.6179910" lon="-120.6771590">
    <ele>671.5</ele>
    <time>2026-06-06T02:06:38Z</time>
   </trkpt>
   <trkpt lat="47.6179900" lon="-120.6771580">
    <ele>671.5</ele>
    <time>2026-06-06T02:06:39Z</time>
   </trkpt>
   <trkpt lat="47.6179840" lon="-120.6771580">
    <ele>671.6</ele>
    <time>2026-06-06T02:06:40Z</time>
   </trkpt>
   <trkpt lat="47.6179830" lon="-120.6771590">
    <ele>671.6</ele>
    <time>2026-06-06T02:06:41Z</time>
   </trkpt>
   <trkpt lat="47.6179820" lon="-120.6771590">
    <ele>671.6</ele>
    <time>2026-06-06T02:06:42Z</time>
   </trkpt>
   <trkpt lat="47.6179810" lon="-120.6771570">
    <ele>671.6</ele>
    <time>2026-06-06T02:06:43Z</time>
   </trkpt>
   <trkpt lat="47.6179780" lon="-120.6771540">
    <ele>671.7</ele>
    <time>2026-06-06T02:06:44Z</time>
   </trkpt>
   <trkpt lat="47.6179740" lon="-120.6771550">
    <ele>671.7</ele>
    <time>2026-06-06T02:06:45Z</time>
   </trkpt>
   <trkpt lat="47.6179720" lon="-120.6771550">
    <ele>671.8</ele>
    <time>2026-06-06T02:06:46Z</time>
   </trkpt>
   <trkpt lat="47.6179720" lon="-120.6771540">
    <ele>671.8</ele>
    <time>2026-06-06T02:06:47Z</time>
   </trkpt>
   <trkpt lat="47.6179720" lon="-120.6771530">
    <ele>671.8</ele>
    <time>2026-06-06T02:06:48Z</time>
   </trkpt>
   <trkpt lat="47.6179720" lon="-120.6771520">
    <ele>671.8</ele>
    <time>2026-06-06T02:06:49Z</time>
   </trkpt>
   <trkpt lat="47.6179720" lon="-120.6771510">
    <ele>671.8</ele>
    <time>2026-06-06T02:06:50Z</time>
   </trkpt>
   <trkpt lat="47.6179720" lon="-120.6771510">
    <ele>671.8</ele>
    <time>2026-06-06T02:06:51Z</time>
   </trkpt>
   <trkpt lat="47.6179730" lon="-120.6771500">
    <ele>671.8</ele>
    <time>2026-06-06T02:06:52Z</time>
   </trkpt>
   <trkpt lat="47.6179730" lon="-120.6771490">
    <ele>671.8</ele>
    <time>2026-06-06T02:06:53Z</time>
   </trkpt>
   <trkpt lat="47.6179730" lon="-120.6771480">
    <ele>671.8</ele>
    <time>2026-06-06T02:06:54Z</time>
   </trkpt>
   <trkpt lat="47.6179730" lon="-120.6771470">
    <ele>671.8</ele>
    <time>2026-06-06T02:06:55Z</time>
   </trkpt>
   <trkpt lat="47.6179730" lon="-120.6771460">
    <ele>671.8</ele>
    <time>2026-06-06T02:06:56Z</time>
   </trkpt>
   <trkpt lat="47.6179730" lon="-120.6771450">
    <ele>671.9</ele>
    <time>2026-06-06T02:06:57Z</time>
   </trkpt>
   <trkpt lat="47.6179730" lon="-120.6771440">
    <ele>671.9</ele>
    <time>2026-06-06T02:06:58Z</time>
   </trkpt>
   <trkpt lat="47.6179730" lon="-120.6771430">
    <ele>671.9</ele>
    <time>2026-06-06T02:06:59Z</time>
   </trkpt>
   <trkpt lat="47.6179730" lon="-120.6771420">
    <ele>671.9</ele>
    <time>2026-06-06T02:07:00Z</time>
   </trkpt>
   <trkpt lat="47.6179730" lon="-120.6771420">
    <ele>671.9</ele>
    <time>2026-06-06T02:07:01Z</time>
   </trkpt>
   <trkpt lat="47.6179730" lon="-120.6771410">
    <ele>671.9</ele>
    <time>2026-06-06T02:07:02Z</time>
   </trkpt>
   <trkpt lat="47.6179730" lon="-120.6771400">
    <ele>671.9</ele>
    <time>2026-06-06T02:07:03Z</time>
   </trkpt>
   <trkpt lat="47.6179730" lon="-120.6771390">
    <ele>671.9</ele>
    <time>2026-06-06T02:07:04Z</time>
   </trkpt>
   <trkpt lat="47.6179740" lon="-120.6771380">
    <ele>671.9</ele>
    <time>2026-06-06T02:07:05Z</time>
   </trkpt>
   <trkpt lat="47.6179740" lon="-120.6771370">
    <ele>671.9</ele>
    <time>2026-06-06T02:07:06Z</time>
   </trkpt>
   <trkpt lat="47.6179740" lon="-120.6771360">
    <ele>671.9</ele>
    <time>2026-06-06T02:07:07Z</time>
   </trkpt>
   <trkpt lat="47.6179740" lon="-120.6771350">
    <ele>671.9</ele>
    <time>2026-06-06T02:07:08Z</time>
   </trkpt>
   <trkpt lat="47.6179740" lon="-120.6771340">
    <ele>672.0</ele>
    <time>2026-06-06T02:07:09Z</time>
   </trkpt>
   <trkpt lat="47.6179740" lon="-120.6771330">
    <ele>672.0</ele>
    <time>2026-06-06T02:07:10Z</time>
   </trkpt>
   <trkpt lat="47.6179740" lon="-120.6771330">
    <ele>672.0</ele>
    <time>2026-06-06T02:07:11Z</time>
   </trkpt>
   <trkpt lat="47.6179740" lon="-120.6771320">
    <ele>672.0</ele>
    <time>2026-06-06T02:07:12Z</time>
   </trkpt>
   <trkpt lat="47.6179740" lon="-120.6771310">
    <ele>672.0</ele>
    <time>2026-06-06T02:07:13Z</time>
   </trkpt>
   <trkpt lat="47.6179740" lon="-120.6771300">
    <ele>672.0</ele>
    <time>2026-06-06T02:07:14Z</time>
   </trkpt>
   <trkpt lat="47.6179740" lon="-120.6771290">
    <ele>672.0</ele>
    <time>2026-06-06T02:07:15Z</time>
   </trkpt>
   <trkpt lat="47.6179740" lon="-120.6771280">
    <ele>672.0</ele>
    <time>2026-06-06T02:07:16Z</time>
   </trkpt>
   <trkpt lat="47.6179750" lon="-120.6771270">
    <ele>672.0</ele>
    <time>2026-06-06T02:07:17Z</time>
   </trkpt>
   <trkpt lat="47.6179750" lon="-120.6771260">
    <ele>672.0</ele>
    <time>2026-06-06T02:07:18Z</time>
   </trkpt>
   <trkpt lat="47.6179750" lon="-120.6771250">
    <ele>672.0</ele>
    <time>2026-06-06T02:07:19Z</time>
   </trkpt>
   <trkpt lat="47.6179750" lon="-120.6771240">
    <ele>672.1</ele>
    <time>2026-06-06T02:07:20Z</time>
   </trkpt>
   <trkpt lat="47.6179750" lon="-120.6771240">
    <ele>672.1</ele>
    <time>2026-06-06T02:07:21Z</time>
   </trkpt>
   <trkpt lat="47.6179750" lon="-120.6771230">
    <ele>672.1</ele>
    <time>2026-06-06T02:07:22Z</time>
   </trkpt>
   <trkpt lat="47.6179750" lon="-120.6771220">
    <ele>672.1</ele>
    <time>2026-06-06T02:07:23Z</time>
   </trkpt>
   <trkpt lat="47.6179750" lon="-120.6771210">
    <ele>672.1</ele>
    <time>2026-06-06T02:07:24Z</time>
   </trkpt>
   <trkpt lat="47.6179750" lon="-120.6771200">
    <ele>672.1</ele>
    <time>2026-06-06T02:07:25Z</time>
   </trkpt>
   <trkpt lat="47.6179750" lon="-120.6771190">
    <ele>672.1</ele>
    <time>2026-06-06T02:07:26Z</time>
   </trkpt>
   <trkpt lat="47.6179750" lon="-120.6771180">
    <ele>672.1</ele>
    <time>2026-06-06T02:07:27Z</time>
   </trkpt>
   <trkpt lat="47.6179750" lon="-120.6771170">
    <ele>672.1</ele>
    <time>2026-06-06T02:07:28Z</time>
   </trkpt>
   <trkpt lat="47.6179750" lon="-120.6771160">
    <ele>672.1</ele>
    <time>2026-06-06T02:07:29Z</time>
   </trkpt>
   <trkpt lat="47.6179760" lon="-120.6771150">
    <ele>672.1</ele>
    <time>2026-06-06T02:07:30Z</time>
   </trkpt>
   <trkpt lat="47.6179760" lon="-120.6771150">
    <ele>672.1</ele>
    <time>2026-06-06T02:07:31Z</time>
   </trkpt>
   <trkpt lat="47.6179760" lon="-120.6771140">
    <ele>672.2</ele>
    <time>2026-06-06T02:07:32Z</time>
   </trkpt>
   <trkpt lat="47.6179760" lon="-120.6771130">
    <ele>672.2</ele>
    <time>2026-06-06T02:07:33Z</time>
   </trkpt>
   <trkpt lat="47.6179760" lon="-120.6771120">
    <ele>672.2</ele>
    <time>2026-06-06T02:07:34Z</time>
   </trkpt>
   <trkpt lat="47.6179760" lon="-120.6771110">
    <ele>672.2</ele>
    <time>2026-06-06T02:07:35Z</time>
   </trkpt>
   <trkpt lat="47.6179760" lon="-120.6771100">
    <ele>672.2</ele>
    <time>2026-06-06T02:07:36Z</time>
   </trkpt>
   <trkpt lat="47.6179760" lon="-120.6771090">
    <ele>672.2</ele>
    <time>2026-06-06T02:07:37Z</time>
   </trkpt>
   <trkpt lat="47.6179760" lon="-120.6771080">
    <ele>672.2</ele>
    <time>2026-06-06T02:07:38Z</time>
   </trkpt>
   <trkpt lat="47.6179760" lon="-120.6771070">
    <ele>672.2</ele>
    <time>2026-06-06T02:07:39Z</time>
   </trkpt>
   <trkpt lat="47.6179760" lon="-120.6771060">
    <ele>672.2</ele>
    <time>2026-06-06T02:07:40Z</time>
   </trkpt>
   <trkpt lat="47.6179760" lon="-120.6771060">
    <ele>672.2</ele>
    <time>2026-06-06T02:07:41Z</time>
   </trkpt>
   <trkpt lat="47.6179760" lon="-120.6771050">
    <ele>672.2</ele>
    <time>2026-06-06T02:07:42Z</time>
   </trkpt>
   <trkpt lat="47.6179770" lon="-120.6771040">
    <ele>672.2</ele>
    <time>2026-06-06T02:07:43Z</time>
   </trkpt>
   <trkpt lat="47.6179770" lon="-120.6771030">
    <ele>672.3</ele>
    <time>2026-06-06T02:07:44Z</time>
   </trkpt>
   <trkpt lat="47.6179770" lon="-120.6771020">
    <ele>672.3</ele>
    <time>2026-06-06T02:07:45Z</time>
   </trkpt>
   <trkpt lat="47.6179770" lon="-120.6771010">
    <ele>672.3</ele>
    <time>2026-06-06T02:07:46Z</time>
   </trkpt>
   <trkpt lat="47.6179770" lon="-120.6771000">
    <ele>672.3</ele>
    <time>2026-06-06T02:07:47Z</time>
   </trkpt>
   <trkpt lat="47.6179770" lon="-120.6770990">
    <ele>672.3</ele>
    <time>2026-06-06T02:07:48Z</time>
   </trkpt>
   <trkpt lat="47.6179770" lon="-120.6770980">
    <ele>672.3</ele>
    <time>2026-06-06T02:07:49Z</time>
   </trkpt>
   <trkpt lat="47.6179770" lon="-120.6770970">
    <ele>672.3</ele>
    <time>2026-06-06T02:07:50Z</time>
   </trkpt>
   <trkpt lat="47.6179770" lon="-120.6770970">
    <ele>672.3</ele>
    <time>2026-06-06T02:07:51Z</time>
   </trkpt>
   <trkpt lat="47.6179770" lon="-120.6770960">
    <ele>672.3</ele>
    <time>2026-06-06T02:07:52Z</time>
   </trkpt>
   <trkpt lat="47.6179770" lon="-120.6770950">
    <ele>672.3</ele>
    <time>2026-06-06T02:07:53Z</time>
   </trkpt>
   <trkpt lat="47.6179770" lon="-120.6770940">
    <ele>672.3</ele>
    <time>2026-06-06T02:07:54Z</time>
   </trkpt>
   <trkpt lat="47.6179770" lon="-120.6770930">
    <ele>672.3</ele>
    <time>2026-06-06T02:07:55Z</time>
   </trkpt>
   <trkpt lat="47.6179780" lon="-120.6770920">
    <ele>672.4</ele>
    <time>2026-06-06T02:07:56Z</time>
   </trkpt>
   <trkpt lat="47.6179780" lon="-120.6770910">
    <ele>672.4</ele>
    <time>2026-06-06T02:07:57Z</time>
   </trkpt>
   <trkpt lat="47.6179780" lon="-120.6770900">
    <ele>672.4</ele>
    <time>2026-06-06T02:07:58Z</time>
   </trkpt>
   <trkpt lat="47.6179780" lon="-120.6770890">
    <ele>672.4</ele>
    <time>2026-06-06T02:07:59Z</time>
   </trkpt>
   <trkpt lat="47.6179780" lon="-120.6770880">
    <ele>672.4</ele>
    <time>2026-06-06T02:08:00Z</time>
   </trkpt>
   <trkpt lat="47.6179780" lon="-120.6770880">
    <ele>672.4</ele>
    <time>2026-06-06T02:08:01Z</time>
   </trkpt>
   <trkpt lat="47.6179780" lon="-120.6770870">
    <ele>672.4</ele>
    <time>2026-06-06T02:08:02Z</time>
   </trkpt>
   <trkpt lat="47.6179780" lon="-120.6770860">
    <ele>672.4</ele>
    <time>2026-06-06T02:08:03Z</time>
   </trkpt>
   <trkpt lat="47.6179780" lon="-120.6770850">
    <ele>672.4</ele>
    <time>2026-06-06T02:08:04Z</time>
   </trkpt>
   <trkpt lat="47.6179780" lon="-120.6770840">
    <ele>672.4</ele>
    <time>2026-06-06T02:08:05Z</time>
   </trkpt>
   <trkpt lat="47.6179780" lon="-120.6770830">
    <ele>672.4</ele>
    <time>2026-06-06T02:08:06Z</time>
   </trkpt>
   <trkpt lat="47.6179780" lon="-120.6770820">
    <ele>672.4</ele>
    <time>2026-06-06T02:08:07Z</time>
   </trkpt>
   <trkpt lat="47.6179780" lon="-120.6770810">
    <ele>672.5</ele>
    <time>2026-06-06T02:08:08Z</time>
   </trkpt>
   <trkpt lat="47.6179790" lon="-120.6770800">
    <ele>672.5</ele>
    <time>2026-06-06T02:08:09Z</time>
   </trkpt>
   <trkpt lat="47.6179790" lon="-120.6770790">
    <ele>672.5</ele>
    <time>2026-06-06T02:08:10Z</time>
   </trkpt>
   <trkpt lat="47.6179790" lon="-120.6770790">
    <ele>672.5</ele>
    <time>2026-06-06T02:08:11Z</time>
   </trkpt>
   <trkpt lat="47.6179790" lon="-120.6770780">
    <ele>672.5</ele>
    <time>2026-06-06T02:08:12Z</time>
   </trkpt>
   <trkpt lat="47.6179790" lon="-120.6770770">
    <ele>672.5</ele>
    <time>2026-06-06T02:08:13Z</time>
   </trkpt>
   <trkpt lat="47.6179790" lon="-120.6770760">
    <ele>672.5</ele>
    <time>2026-06-06T02:08:14Z</time>
   </trkpt>
   <trkpt lat="47.6179790" lon="-120.6770750">
    <ele>672.5</ele>
    <time>2026-06-06T02:08:15Z</time>
   </trkpt>
   <trkpt lat="47.6179790" lon="-120.6770740">
    <ele>672.5</ele>
    <time>2026-06-06T02:08:16Z</time>
   </trkpt>
   <trkpt lat="47.6179790" lon="-120.6770730">
    <ele>672.5</ele>
    <time>2026-06-06T02:08:17Z</time>
   </trkpt>
   <trkpt lat="47.6179790" lon="-120.6770720">
    <ele>672.5</ele>
    <time>2026-06-06T02:08:18Z</time>
   </trkpt>
   <trkpt lat="47.6179790" lon="-120.6770710">
    <ele>672.6</ele>
    <time>2026-06-06T02:08:19Z</time>
   </trkpt>
   <trkpt lat="47.6179790" lon="-120.6770700">
    <ele>672.6</ele>
    <time>2026-06-06T02:08:20Z</time>
   </trkpt>
   <trkpt lat="47.6179800" lon="-120.6770700">
    <ele>672.6</ele>
    <time>2026-06-06T02:08:21Z</time>
   </trkpt>
   <trkpt lat="47.6179800" lon="-120.6770690">
    <ele>672.6</ele>
    <time>2026-06-06T02:08:22Z</time>
   </trkpt>
   <trkpt lat="47.6179800" lon="-120.6770680">
    <ele>672.6</ele>
    <time>2026-06-06T02:08:23Z</time>
   </trkpt>
   <trkpt lat="47.6179800" lon="-120.6770670">
    <ele>672.6</ele>
    <time>2026-06-06T02:08:24Z</time>
   </trkpt>
   <trkpt lat="47.6179800" lon="-120.6770660">
    <ele>672.6</ele>
    <time>2026-06-06T02:08:25Z</time>
   </trkpt>
   <trkpt lat="47.6179800" lon="-120.6770650">
    <ele>672.6</ele>
    <time>2026-06-06T02:08:26Z</time>
   </trkpt>
   <trkpt lat="47.6179800" lon="-120.6770640">
    <ele>672.6</ele>
    <time>2026-06-06T02:08:27Z</time>
   </trkpt>
   <trkpt lat="47.6179800" lon="-120.6770630">
    <ele>672.6</ele>
    <time>2026-06-06T02:08:28Z</time>
   </trkpt>
   <trkpt lat="47.6179800" lon="-120.6770620">
    <ele>672.6</ele>
    <time>2026-06-06T02:08:29Z</time>
   </trkpt>
   <trkpt lat="47.6179800" lon="-120.6770610">
    <ele>672.7</ele>
    <time>2026-06-06T02:08:30Z</time>
   </trkpt>
   <trkpt lat="47.6179800" lon="-120.6770600">
    <ele>672.7</ele>
    <time>2026-06-06T02:08:31Z</time>
   </trkpt>
   <trkpt lat="47.6179800" lon="-120.6770600">
    <ele>672.7</ele>
    <time>2026-06-06T02:08:32Z</time>
   </trkpt>
   <trkpt lat="47.6179800" lon="-120.6770590">
    <ele>672.7</ele>
    <time>2026-06-06T02:08:33Z</time>
   </trkpt>
   <trkpt lat="47.6179810" lon="-120.6770580">
    <ele>672.7</ele>
    <time>2026-06-06T02:08:34Z</time>
   </trkpt>
   <trkpt lat="47.6179810" lon="-120.6770570">
    <ele>672.7</ele>
    <time>2026-06-06T02:08:35Z</time>
   </trkpt>
   <trkpt lat="47.6179810" lon="-120.6770560">
    <ele>672.7</ele>
    <time>2026-06-06T02:08:36Z</time>
   </trkpt>
   <trkpt lat="47.6179810" lon="-120.6770550">
    <ele>672.7</ele>
    <time>2026-06-06T02:08:37Z</time>
   </trkpt>
   <trkpt lat="47.6179810" lon="-120.6770540">
    <ele>672.7</ele>
    <time>2026-06-06T02:08:38Z</time>
   </trkpt>
   <trkpt lat="47.6179810" lon="-120.6770530">
    <ele>672.7</ele>
    <time>2026-06-06T02:08:39Z</time>
   </trkpt>
   <trkpt lat="47.6179810" lon="-120.6770520">
    <ele>672.7</ele>
    <time>2026-06-06T02:08:40Z</time>
   </trkpt>
   <trkpt lat="47.6179810" lon="-120.6770510">
    <ele>672.8</ele>
    <time>2026-06-06T02:08:41Z</time>
   </trkpt>
   <trkpt lat="47.6179810" lon="-120.6770510">
    <ele>672.8</ele>
    <time>2026-06-06T02:08:42Z</time>
   </trkpt>
   <trkpt lat="47.6179810" lon="-120.6770500">
    <ele>672.8</ele>
    <time>2026-06-06T02:08:43Z</time>
   </trkpt>
   <trkpt lat="47.6179810" lon="-120.6770490">
    <ele>672.8</ele>
    <time>2026-06-06T02:08:44Z</time>
   </trkpt>
   <trkpt lat="47.6179810" lon="-120.6770480">
    <ele>672.8</ele>
    <time>2026-06-06T02:08:45Z</time>
   </trkpt>
   <trkpt lat="47.6179810" lon="-120.6770470">
    <ele>672.8</ele>
    <time>2026-06-06T02:08:46Z</time>
   </trkpt>
   <trkpt lat="47.6179820" lon="-120.6770460">
    <ele>672.8</ele>
    <time>2026-06-06T02:08:47Z</time>
   </trkpt>
   <trkpt lat="47.6179820" lon="-120.6770450">
    <ele>672.8</ele>
    <time>2026-06-06T02:08:48Z</time>
   </trkpt>
   <trkpt lat="47.6179820" lon="-120.6770440">
    <ele>672.8</ele>
    <time>2026-06-06T02:08:49Z</time>
   </trkpt>
   <trkpt lat="47.6179820" lon="-120.6770430">
    <ele>672.8</ele>
    <time>2026-06-06T02:08:50Z</time>
   </trkpt>
   <trkpt lat="47.6179820" lon="-120.6770420">
    <ele>672.8</ele>
    <time>2026-06-06T02:08:51Z</time>
   </trkpt>
   <trkpt lat="47.6179820" lon="-120.6770420">
    <ele>672.8</ele>
    <time>2026-06-06T02:08:52Z</time>
   </trkpt>
   <trkpt lat="47.6179820" lon="-120.6770410">
    <ele>672.8</ele>
    <time>2026-06-06T02:08:53Z</time>
   </trkpt>
   <trkpt lat="47.6179820" lon="-120.6770400">
    <ele>672.9</ele>
    <time>2026-06-06T02:08:54Z</time>
   </trkpt>
   <trkpt lat="47.6179820" lon="-120.6770390">
    <ele>672.9</ele>
    <time>2026-06-06T02:08:55Z</time>
   </trkpt>
   <trkpt lat="47.6179820" lon="-120.6770380">
    <ele>672.9</ele>
    <time>2026-06-06T02:08:56Z</time>
   </trkpt>
   <trkpt lat="47.6179820" lon="-120.6770370">
    <ele>672.9</ele>
    <time>2026-06-06T02:08:57Z</time>
   </trkpt>
   <trkpt lat="47.6179820" lon="-120.6770360">
    <ele>672.9</ele>
    <time>2026-06-06T02:08:58Z</time>
   </trkpt>
   <trkpt lat="47.6179820" lon="-120.6770350">
    <ele>672.9</ele>
    <time>2026-06-06T02:08:59Z</time>
   </trkpt>
   <trkpt lat="47.6179830" lon="-120.6770340">
    <ele>672.9</ele>
    <time>2026-06-06T02:09:00Z</time>
   </trkpt>
   <trkpt lat="47.6179830" lon="-120.6770330">
    <ele>672.9</ele>
    <time>2026-06-06T02:09:01Z</time>
   </trkpt>
   <trkpt lat="47.6179830" lon="-120.6770330">
    <ele>672.9</ele>
    <time>2026-06-06T02:09:02Z</time>
   </trkpt>
   <trkpt lat="47.6179830" lon="-120.6770320">
    <ele>672.9</ele>
    <time>2026-06-06T02:09:03Z</time>
   </trkpt>
   <trkpt lat="47.6179830" lon="-120.6770310">
    <ele>672.9</ele>
    <time>2026-06-06T02:09:04Z</time>
   </trkpt>
   <trkpt lat="47.6179830" lon="-120.6770300">
    <ele>673.0</ele>
    <time>2026-06-06T02:09:05Z</time>
   </trkpt>
   <trkpt lat="47.6179830" lon="-120.6770290">
    <ele>673.0</ele>
    <time>2026-06-06T02:09:06Z</time>
   </trkpt>
   <trkpt lat="47.6179830" lon="-120.6770280">
    <ele>673.0</ele>
    <time>2026-06-06T02:09:07Z</time>
   </trkpt>
   <trkpt lat="47.6179830" lon="-120.6770270">
    <ele>673.0</ele>
    <time>2026-06-06T02:09:08Z</time>
   </trkpt>
   <trkpt lat="47.6179830" lon="-120.6770260">
    <ele>673.0</ele>
    <time>2026-06-06T02:09:09Z</time>
   </trkpt>
   <trkpt lat="47.6179830" lon="-120.6770250">
    <ele>673.0</ele>
    <time>2026-06-06T02:09:10Z</time>
   </trkpt>
   <trkpt lat="47.6179830" lon="-120.6770240">
    <ele>673.0</ele>
    <time>2026-06-06T02:09:11Z</time>
   </trkpt>
   <trkpt lat="47.6179830" lon="-120.6770240">
    <ele>673.0</ele>
    <time>2026-06-06T02:09:12Z</time>
   </trkpt>
   <trkpt lat="47.6179840" lon="-120.6770230">
    <ele>673.0</ele>
    <time>2026-06-06T02:09:13Z</time>
   </trkpt>
   <trkpt lat="47.6179840" lon="-120.6770220">
    <ele>673.0</ele>
    <time>2026-06-06T02:09:14Z</time>
   </trkpt>
   <trkpt lat="47.6179840" lon="-120.6770210">
    <ele>673.0</ele>
    <time>2026-06-06T02:09:15Z</time>
   </trkpt>
   <trkpt lat="47.6179840" lon="-120.6770200">
    <ele>673.0</ele>
    <time>2026-06-06T02:09:16Z</time>
   </trkpt>
   <trkpt lat="47.6179840" lon="-120.6770190">
    <ele>673.1</ele>
    <time>2026-06-06T02:09:17Z</time>
   </trkpt>
   <trkpt lat="47.6179840" lon="-120.6770180">
    <ele>673.1</ele>
    <time>2026-06-06T02:09:18Z</time>
   </trkpt>
   <trkpt lat="47.6179840" lon="-120.6770170">
    <ele>673.1</ele>
    <time>2026-06-06T02:09:19Z</time>
   </trkpt>
   <trkpt lat="47.6179840" lon="-120.6770160">
    <ele>673.1</ele>
    <time>2026-06-06T02:09:20Z</time>
   </trkpt>
   <trkpt lat="47.6179840" lon="-120.6770150">
    <ele>673.1</ele>
    <time>2026-06-06T02:09:21Z</time>
   </trkpt>
   <trkpt lat="47.6179840" lon="-120.6770150">
    <ele>673.1</ele>
    <time>2026-06-06T02:09:22Z</time>
   </trkpt>
   <trkpt lat="47.6179840" lon="-120.6770140">
    <ele>673.1</ele>
    <time>2026-06-06T02:09:23Z</time>
   </trkpt>
   <trkpt lat="47.6179840" lon="-120.6770130">
    <ele>673.1</ele>
    <time>2026-06-06T02:09:24Z</time>
   </trkpt>
   <trkpt lat="47.6179850" lon="-120.6770120">
    <ele>673.1</ele>
    <time>2026-06-06T02:09:25Z</time>
   </trkpt>
   <trkpt lat="47.6179850" lon="-120.6770110">
    <ele>673.1</ele>
    <time>2026-06-06T02:09:26Z</time>
   </trkpt>
   <trkpt lat="47.6179850" lon="-120.6770100">
    <ele>673.1</ele>
    <time>2026-06-06T02:09:27Z</time>
   </trkpt>
   <trkpt lat="47.6179850" lon="-120.6770090">
    <ele>673.2</ele>
    <time>2026-06-06T02:09:28Z</time>
   </trkpt>
   <trkpt lat="47.6179850" lon="-120.6770080">
    <ele>673.2</ele>
    <time>2026-06-06T02:09:29Z</time>
   </trkpt>
   <trkpt lat="47.6179850" lon="-120.6770070">
    <ele>673.2</ele>
    <time>2026-06-06T02:09:30Z</time>
   </trkpt>
   <trkpt lat="47.6179850" lon="-120.6770060">
    <ele>673.2</ele>
    <time>2026-06-06T02:09:31Z</time>
   </trkpt>
   <trkpt lat="47.6179850" lon="-120.6770060">
    <ele>673.2</ele>
    <time>2026-06-06T02:09:32Z</time>
   </trkpt>
   <trkpt lat="47.6179850" lon="-120.6770050">
    <ele>673.2</ele>
    <time>2026-06-06T02:09:33Z</time>
   </trkpt>
   <trkpt lat="47.6179850" lon="-120.6770040">
    <ele>673.2</ele>
    <time>2026-06-06T02:09:34Z</time>
   </trkpt>
   <trkpt lat="47.6179850" lon="-120.6770030">
    <ele>673.2</ele>
    <time>2026-06-06T02:09:35Z</time>
   </trkpt>
   <trkpt lat="47.6179850" lon="-120.6770020">
    <ele>673.2</ele>
    <time>2026-06-06T02:09:36Z</time>
   </trkpt>
   <trkpt lat="47.6179850" lon="-120.6770010">
    <ele>673.2</ele>
    <time>2026-06-06T02:09:37Z</time>
   </trkpt>
   <trkpt lat="47.6179860" lon="-120.6770000">
    <ele>673.2</ele>
    <time>2026-06-06T02:09:38Z</time>
   </trkpt>
   <trkpt lat="47.6179860" lon="-120.6769990">
    <ele>673.2</ele>
    <time>2026-06-06T02:09:39Z</time>
   </trkpt>
   <trkpt lat="47.6179860" lon="-120.6769980">
    <ele>673.3</ele>
    <time>2026-06-06T02:09:40Z</time>
   </trkpt>
   <trkpt lat="47.6179860" lon="-120.6769970">
    <ele>673.3</ele>
    <time>2026-06-06T02:09:41Z</time>
   </trkpt>
   <trkpt lat="47.6179860" lon="-120.6769970">
    <ele>673.3</ele>
    <time>2026-06-06T02:09:42Z</time>
   </trkpt>
   <trkpt lat="47.6179860" lon="-120.6769960">
    <ele>673.3</ele>
    <time>2026-06-06T02:09:43Z</time>
   </trkpt>
   <trkpt lat="47.6179860" lon="-120.6769950">
    <ele>673.3</ele>
    <time>2026-06-06T02:09:44Z</time>
   </trkpt>
   <trkpt lat="47.6179860" lon="-120.6769940">
    <ele>673.3</ele>
    <time>2026-06-06T02:09:45Z</time>
   </trkpt>
   <trkpt lat="47.6179860" lon="-120.6769930">
    <ele>673.3</ele>
    <time>2026-06-06T02:09:46Z</time>
   </trkpt>
   <trkpt lat="47.6179860" lon="-120.6769920">
    <ele>673.3</ele>
    <time>2026-06-06T02:09:47Z</time>
   </trkpt>
   <trkpt lat="47.6179860" lon="-120.6769910">
    <ele>673.3</ele>
    <time>2026-06-06T02:09:48Z</time>
   </trkpt>
   <trkpt lat="47.6179860" lon="-120.6769900">
    <ele>673.3</ele>
    <time>2026-06-06T02:09:49Z</time>
   </trkpt>
   <trkpt lat="47.6179860" lon="-120.6769890">
    <ele>673.3</ele>
    <time>2026-06-06T02:09:50Z</time>
   </trkpt>
   <trkpt lat="47.6179870" lon="-120.6769880">
    <ele>673.4</ele>
    <time>2026-06-06T02:09:51Z</time>
   </trkpt>
   <trkpt lat="47.6179870" lon="-120.6769880">
    <ele>673.4</ele>
    <time>2026-06-06T02:09:52Z</time>
   </trkpt>
   <trkpt lat="47.6179870" lon="-120.6769870">
    <ele>673.4</ele>
    <time>2026-06-06T02:09:58Z</time>
   </trkpt>
   <trkpt lat="47.6179870" lon="-120.6769860">
    <ele>673.4</ele>
    <time>2026-06-06T02:09:59Z</time>
   </trkpt>
   <trkpt lat="47.6179870" lon="-120.6769850">
    <ele>673.4</ele>
    <time>2026-06-06T02:10:00Z</time>
   </trkpt>
   <trkpt lat="47.6179870" lon="-120.6769840">
    <ele>673.4</ele>
    <time>2026-06-06T02:10:01Z</time>
   </trkpt>
   <trkpt lat="47.6179870" lon="-120.6769830">
    <ele>673.4</ele>
    <time>2026-06-06T02:10:02Z</time>
   </trkpt>
   <trkpt lat="47.6179840" lon="-120.6770950">
    <ele>674.4</ele>
    <time>2026-06-06T02:10:03Z</time>
   </trkpt>
   <trkpt lat="47.6179860" lon="-120.6770950">
    <ele>674.4</ele>
    <time>2026-06-06T02:10:04Z</time>
   </trkpt>
   <trkpt lat="47.6179700" lon="-120.6770990">
    <ele>674.6</ele>
    <time>2026-06-06T02:10:05Z</time>
   </trkpt>
   <trkpt lat="47.6179700" lon="-120.6771100">
    <ele>674.7</ele>
    <time>2026-06-06T02:10:06Z</time>
   </trkpt>
   <trkpt lat="47.6179640" lon="-120.6770940">
    <ele>674.9</ele>
    <time>2026-06-06T02:10:07Z</time>
   </trkpt>
   <trkpt lat="47.6179600" lon="-120.6770720">
    <ele>675.1</ele>
    <time>2026-06-06T02:10:08Z</time>
   </trkpt>
   <trkpt lat="47.6179620" lon="-120.6770680">
    <ele>675.1</ele>
    <time>2026-06-06T02:10:09Z</time>
   </trkpt>
   <trkpt lat="47.6179590" lon="-120.6770520">
    <ele>675.2</ele>
    <time>2026-06-06T02:10:10Z</time>
   </trkpt>
   <trkpt lat="47.6179590" lon="-120.6770510">
    <ele>675.2</ele>
    <time>2026-06-06T02:10:11Z</time>
   </trkpt>
   <trkpt lat="47.6179610" lon="-120.6770710">
    <ele>675.4</ele>
    <time>2026-06-06T02:10:12Z</time>
   </trkpt>
   <trkpt lat="47.6179610" lon="-120.6770720">
    <ele>675.4</ele>
    <time>2026-06-06T02:10:13Z</time>
   </trkpt>
   <trkpt lat="47.6179610" lon="-120.6770710">
    <ele>675.4</ele>
    <time>2026-06-06T02:10:14Z</time>
   </trkpt>
   <trkpt lat="47.6179610" lon="-120.6770710">
    <ele>675.4</ele>
    <time>2026-06-06T02:10:15Z</time>
   </trkpt>
   <trkpt lat="47.6179640" lon="-120.6770770">
    <ele>675.5</ele>
    <time>2026-06-06T02:10:16Z</time>
   </trkpt>
   <trkpt lat="47.6179630" lon="-120.6770790">
    <ele>675.5</ele>
    <time>2026-06-06T02:10:17Z</time>
   </trkpt>
   <trkpt lat="47.6179620" lon="-120.6770720">
    <ele>675.6</ele>
    <time>2026-06-06T02:10:18Z</time>
   </trkpt>
   <trkpt lat="47.6179620" lon="-120.6770720">
    <ele>675.6</ele>
    <time>2026-06-06T02:10:19Z</time>
   </trkpt>
   <trkpt lat="47.6179620" lon="-120.6770720">
    <ele>675.6</ele>
    <time>2026-06-06T02:10:20Z</time>
   </trkpt>
   <trkpt lat="47.6179620" lon="-120.6770720">
    <ele>675.6</ele>
    <time>2026-06-06T02:10:21Z</time>
   </trkpt>
   <trkpt lat="47.6179620" lon="-120.6770720">
    <ele>675.6</ele>
    <time>2026-06-06T02:10:22Z</time>
   </trkpt>
   <trkpt lat="47.6179610" lon="-120.6770630">
    <ele>675.7</ele>
    <time>2026-06-06T02:10:23Z</time>
   </trkpt>
   <trkpt lat="47.6179610" lon="-120.6770630">
    <ele>675.7</ele>
    <time>2026-06-06T02:10:24Z</time>
   </trkpt>
   <trkpt lat="47.6179610" lon="-120.6770620">
    <ele>675.7</ele>
    <time>2026-06-06T02:10:25Z</time>
   </trkpt>
   <trkpt lat="47.6179610" lon="-120.6770620">
    <ele>675.7</ele>
    <time>2026-06-06T02:10:26Z</time>
   </trkpt>
   <trkpt lat="47.6179610" lon="-120.6770620">
    <ele>675.7</ele>
    <time>2026-06-06T02:10:27Z</time>
   </trkpt>
   <trkpt lat="47.6179610" lon="-120.6770620">
    <ele>675.7</ele>
    <time>2026-06-06T02:10:28Z</time>
   </trkpt>
   <trkpt lat="47.6179610" lon="-120.6770620">
    <ele>675.7</ele>
    <time>2026-06-06T02:10:29Z</time>
   </trkpt>
   <trkpt lat="47.6179610" lon="-120.6770620">
    <ele>675.7</ele>
    <time>2026-06-06T02:10:30Z</time>
   </trkpt>
   <trkpt lat="47.6179610" lon="-120.6770620">
    <ele>675.7</ele>
    <time>2026-06-06T02:10:31Z</time>
   </trkpt>
   <trkpt lat="47.6179610" lon="-120.6770610">
    <ele>675.7</ele>
    <time>2026-06-06T02:10:32Z</time>
   </trkpt>
   <trkpt lat="47.6179610" lon="-120.6770600">
    <ele>675.7</ele>
    <time>2026-06-06T02:10:33Z</time>
   </trkpt>
   <trkpt lat="47.6179610" lon="-120.6770600">
    <ele>675.7</ele>
    <time>2026-06-06T02:10:34Z</time>
   </trkpt>
   <trkpt lat="47.6179610" lon="-120.6770600">
    <ele>675.7</ele>
    <time>2026-06-06T02:10:35Z</time>
   </trkpt>
   <trkpt lat="47.6179610" lon="-120.6770600">
    <ele>675.7</ele>
    <time>2026-06-06T02:10:36Z</time>
   </trkpt>
   <trkpt lat="47.6179610" lon="-120.6770600">
    <ele>675.7</ele>
    <time>2026-06-06T02:10:37Z</time>
   </trkpt>
   <trkpt lat="47.6179610" lon="-120.6770600">
    <ele>675.7</ele>
    <time>2026-06-06T02:10:38Z</time>
   </trkpt>
   <trkpt lat="47.6179610" lon="-120.6770600">
    <ele>675.7</ele>
    <time>2026-06-06T02:10:39Z</time>
   </trkpt>
   <trkpt lat="47.6179620" lon="-120.6770600">
    <ele>675.7</ele>
    <time>2026-06-06T02:10:40Z</time>
   </trkpt>
   <trkpt lat="47.6179620" lon="-120.6770600">
    <ele>675.7</ele>
    <time>2026-06-06T02:10:41Z</time>
   </trkpt>
   <trkpt lat="47.6179620" lon="-120.6770600">
    <ele>675.7</ele>
    <time>2026-06-06T02:10:42Z</time>
   </trkpt>
   <trkpt lat="47.6179620" lon="-120.6770600">
    <ele>675.7</ele>
    <time>2026-06-06T02:10:43Z</time>
   </trkpt>
   <trkpt lat="47.6179610" lon="-120.6770580">
    <ele>675.7</ele>
    <time>2026-06-06T02:10:44Z</time>
   </trkpt>
   <trkpt lat="47.6179610" lon="-120.6770570">
    <ele>675.7</ele>
    <time>2026-06-06T02:10:45Z</time>
   </trkpt>
   <trkpt lat="47.6179610" lon="-120.6770570">
    <ele>675.7</ele>
    <time>2026-06-06T02:10:46Z</time>
   </trkpt>
   <trkpt lat="47.6179610" lon="-120.6770560">
    <ele>675.7</ele>
    <time>2026-06-06T02:10:47Z</time>
   </trkpt>
   <trkpt lat="47.6179610" lon="-120.6770560">
    <ele>675.7</ele>
    <time>2026-06-06T02:10:48Z</time>
   </trkpt>
   <trkpt lat="47.6179610" lon="-120.6770560">
    <ele>675.7</ele>
    <time>2026-06-06T02:10:49Z</time>
   </trkpt>
   <trkpt lat="47.6179620" lon="-120.6770550">
    <ele>675.8</ele>
    <time>2026-06-06T02:10:50Z</time>
   </trkpt>
   <trkpt lat="47.6179620" lon="-120.6770550">
    <ele>675.8</ele>
    <time>2026-06-06T02:10:51Z</time>
   </trkpt>
   <trkpt lat="47.6179610" lon="-120.6770540">
    <ele>675.8</ele>
    <time>2026-06-06T02:10:52Z</time>
   </trkpt>
   <trkpt lat="47.6179610" lon="-120.6770540">
    <ele>675.8</ele>
    <time>2026-06-06T02:10:53Z</time>
   </trkpt>
   <trkpt lat="47.6179610" lon="-120.6770530">
    <ele>675.8</ele>
    <time>2026-06-06T02:10:54Z</time>
   </trkpt>
   <trkpt lat="47.6179610" lon="-120.6770530">
    <ele>675.8</ele>
    <time>2026-06-06T02:10:55Z</time>
   </trkpt>
   <trkpt lat="47.6179610" lon="-120.6770530">
    <ele>675.8</ele>
    <time>2026-06-06T02:10:56Z</time>
   </trkpt>
   <trkpt lat="47.6179610" lon="-120.6770530">
    <ele>675.8</ele>
    <time>2026-06-06T02:10:57Z</time>
   </trkpt>
   <trkpt lat="47.6179610" lon="-120.6770530">
    <ele>675.8</ele>
    <time>2026-06-06T02:10:58Z</time>
   </trkpt>
   <trkpt lat="47.6179610" lon="-120.6770520">
    <ele>675.8</ele>
    <time>2026-06-06T02:10:59Z</time>
   </trkpt>
   <trkpt lat="47.6179610" lon="-120.6770520">
    <ele>675.8</ele>
    <time>2026-06-06T02:11:00Z</time>
   </trkpt>
   <trkpt lat="47.6179600" lon="-120.6770510">
    <ele>675.8</ele>
    <time>2026-06-06T02:11:01Z</time>
   </trkpt>
   <trkpt lat="47.6179600" lon="-120.6770510">
    <ele>675.8</ele>
    <time>2026-06-06T02:11:02Z</time>
   </trkpt>
   <trkpt lat="47.6179600" lon="-120.6770500">
    <ele>675.8</ele>
    <time>2026-06-06T02:11:03Z</time>
   </trkpt>
   <trkpt lat="47.6179600" lon="-120.6770500">
    <ele>675.8</ele>
    <time>2026-06-06T02:11:04Z</time>
   </trkpt>
   <trkpt lat="47.6179600" lon="-120.6770490">
    <ele>675.8</ele>
    <time>2026-06-06T02:11:05Z</time>
   </trkpt>
   <trkpt lat="47.6179600" lon="-120.6770490">
    <ele>675.8</ele>
    <time>2026-06-06T02:11:06Z</time>
   </trkpt>
   <trkpt lat="47.6179600" lon="-120.6770490">
    <ele>675.8</ele>
    <time>2026-06-06T02:11:07Z</time>
   </trkpt>
   <trkpt lat="47.6179600" lon="-120.6770480">
    <ele>675.8</ele>
    <time>2026-06-06T02:11:08Z</time>
   </trkpt>
   <trkpt lat="47.6179600" lon="-120.6770480">
    <ele>675.8</ele>
    <time>2026-06-06T02:11:09Z</time>
   </trkpt>
   <trkpt lat="47.6179600" lon="-120.6770480">
    <ele>675.8</ele>
    <time>2026-06-06T02:11:10Z</time>
   </trkpt>
   <trkpt lat="47.6179600" lon="-120.6770480">
    <ele>675.8</ele>
    <time>2026-06-06T02:11:11Z</time>
   </trkpt>
   <trkpt lat="47.6179600" lon="-120.6770480">
    <ele>675.8</ele>
    <time>2026-06-06T02:11:12Z</time>
   </trkpt>
   <trkpt lat="47.6179600" lon="-120.6770480">
    <ele>675.8</ele>
    <time>2026-06-06T02:11:13Z</time>
   </trkpt>
   <trkpt lat="47.6179600" lon="-120.6770470">
    <ele>675.8</ele>
    <time>2026-06-06T02:11:14Z</time>
   </trkpt>
   <trkpt lat="47.6179600" lon="-120.6770470">
    <ele>675.8</ele>
    <time>2026-06-06T02:11:15Z</time>
   </trkpt>
   <trkpt lat="47.6179600" lon="-120.6770470">
    <ele>675.8</ele>
    <time>2026-06-06T02:11:16Z</time>
   </trkpt>
   <trkpt lat="47.6179600" lon="-120.6770480">
    <ele>675.9</ele>
    <time>2026-06-06T02:11:17Z</time>
   </trkpt>
   <trkpt lat="47.6179600" lon="-120.6770480">
    <ele>675.9</ele>
    <time>2026-06-06T02:11:18Z</time>
   </trkpt>
   <trkpt lat="47.6179590" lon="-120.6770480">
    <ele>675.9</ele>
    <time>2026-06-06T02:11:19Z</time>
   </trkpt>
   <trkpt lat="47.6179590" lon="-120.6770480">
    <ele>675.9</ele>
    <time>2026-06-06T02:11:20Z</time>
   </trkpt>
   <trkpt lat="47.6179590" lon="-120.6770480">
    <ele>675.9</ele>
    <time>2026-06-06T02:11:21Z</time>
   </trkpt>
   <trkpt lat="47.6179590" lon="-120.6770470">
    <ele>675.9</ele>
    <time>2026-06-06T02:11:22Z</time>
   </trkpt>
   <trkpt lat="47.6179590" lon="-120.6770480">
    <ele>675.9</ele>
    <time>2026-06-06T02:11:23Z</time>
   </trkpt>
   <trkpt lat="47.6179590" lon="-120.6770480">
    <ele>675.9</ele>
    <time>2026-06-06T02:11:24Z</time>
   </trkpt>
   <trkpt lat="47.6179590" lon="-120.6770480">
    <ele>675.9</ele>
    <time>2026-06-06T02:11:25Z</time>
   </trkpt>
   <trkpt lat="47.6179600" lon="-120.6770480">
    <ele>675.9</ele>
    <time>2026-06-06T02:11:26Z</time>
   </trkpt>
   <trkpt lat="47.6179600" lon="-120.6770480">
    <ele>675.9</ele>
    <time>2026-06-06T02:11:27Z</time>
   </trkpt>
   <trkpt lat="47.6179600" lon="-120.6770480">
    <ele>675.9</ele>
    <time>2026-06-06T02:11:28Z</time>
   </trkpt>
   <trkpt lat="47.6179600" lon="-120.6770480">
    <ele>675.9</ele>
    <time>2026-06-06T02:11:29Z</time>
   </trkpt>
   <trkpt lat="47.6179600" lon="-120.6770480">
    <ele>675.9</ele>
    <time>2026-06-06T02:11:30Z</time>
   </trkpt>
   <trkpt lat="47.6179600" lon="-120.6770480">
    <ele>675.9</ele>
    <time>2026-06-06T02:11:31Z</time>
   </trkpt>
   <trkpt lat="47.6179600" lon="-120.6770480">
    <ele>675.9</ele>
    <time>2026-06-06T02:11:32Z</time>
   </trkpt>
   <trkpt lat="47.6179600" lon="-120.6770480">
    <ele>675.9</ele>
    <time>2026-06-06T02:11:33Z</time>
   </trkpt>
   <trkpt lat="47.6179600" lon="-120.6770480">
    <ele>675.9</ele>
    <time>2026-06-06T02:11:34Z</time>
   </trkpt>
   <trkpt lat="47.6179600" lon="-120.6770480">
    <ele>675.9</ele>
    <time>2026-06-06T02:11:35Z</time>
   </trkpt>
   <trkpt lat="47.6179610" lon="-120.6770480">
    <ele>675.9</ele>
    <time>2026-06-06T02:11:36Z</time>
   </trkpt>
   <trkpt lat="47.6179610" lon="-120.6770480">
    <ele>675.9</ele>
    <time>2026-06-06T02:11:37Z</time>
   </trkpt>
   <trkpt lat="47.6179600" lon="-120.6770480">
    <ele>675.9</ele>
    <time>2026-06-06T02:11:38Z</time>
   </trkpt>
   <trkpt lat="47.6179610" lon="-120.6770480">
    <ele>675.9</ele>
    <time>2026-06-06T02:11:39Z</time>
   </trkpt>
   <trkpt lat="47.6179610" lon="-120.6770480">
    <ele>675.9</ele>
    <time>2026-06-06T02:11:40Z</time>
   </trkpt>
   <trkpt lat="47.6179610" lon="-120.6770480">
    <ele>675.9</ele>
    <time>2026-06-06T02:11:41Z</time>
   </trkpt>
   <trkpt lat="47.6179610" lon="-120.6770480">
    <ele>675.9</ele>
    <time>2026-06-06T02:11:42Z</time>
   </trkpt>
   <trkpt lat="47.6179610" lon="-120.6770490">
    <ele>675.9</ele>
    <time>2026-06-06T02:11:43Z</time>
   </trkpt>
   <trkpt lat="47.6179610" lon="-120.6770490">
    <ele>675.9</ele>
    <time>2026-06-06T02:11:44Z</time>
   </trkpt>
   <trkpt lat="47.6179610" lon="-120.6770490">
    <ele>675.9</ele>
    <time>2026-06-06T02:11:45Z</time>
   </trkpt>
   <trkpt lat="47.6179640" lon="-120.6770620">
    <ele>676.1</ele>
    <time>2026-06-06T02:11:46Z</time>
   </trkpt>
   <trkpt lat="47.6179630" lon="-120.6770690">
    <ele>676.1</ele>
    <time>2026-06-06T02:11:47Z</time>
   </trkpt>
   <trkpt lat="47.6179640" lon="-120.6770770">
    <ele>676.2</ele>
    <time>2026-06-06T02:11:48Z</time>
   </trkpt>
   <trkpt lat="47.6179660" lon="-120.6770860">
    <ele>676.3</ele>
    <time>2026-06-06T02:11:49Z</time>
   </trkpt>
   <trkpt lat="47.6179680" lon="-120.6770940">
    <ele>676.4</ele>
    <time>2026-06-06T02:11:50Z</time>
   </trkpt>
   <trkpt lat="47.6179700" lon="-120.6771020">
    <ele>676.4</ele>
    <time>2026-06-06T02:11:51Z</time>
   </trkpt>
   <trkpt lat="47.6179720" lon="-120.6771080">
    <ele>676.5</ele>
    <time>2026-06-06T02:11:52Z</time>
   </trkpt>
   <trkpt lat="47.6179740" lon="-120.6771130">
    <ele>676.5</ele>
    <time>2026-06-06T02:11:53Z</time>
   </trkpt>
   <trkpt lat="47.6179750" lon="-120.6771180">
    <ele>676.6</ele>
    <time>2026-06-06T02:11:54Z</time>
   </trkpt>
   <trkpt lat="47.6179760" lon="-120.6771240">
    <ele>676.7</ele>
    <time>2026-06-06T02:11:55Z</time>
   </trkpt>
   <trkpt lat="47.6179760" lon="-120.6771290">
    <ele>676.7</ele>
    <time>2026-06-06T02:11:56Z</time>
   </trkpt>
   <trkpt lat="47.6179770" lon="-120.6771330">
    <ele>676.7</ele>
    <time>2026-06-06T02:11:57Z</time>
   </trkpt>
   <trkpt lat="47.6179770" lon="-120.6771380">
    <ele>676.8</ele>
    <time>2026-06-06T02:11:58Z</time>
   </trkpt>
   <trkpt lat="47.6179780" lon="-120.6771410">
    <ele>676.8</ele>
    <time>2026-06-06T02:11:59Z</time>
   </trkpt>
   <trkpt lat="47.6179780" lon="-120.6771470">
    <ele>676.9</ele>
    <time>2026-06-06T02:12:00Z</time>
   </trkpt>
   <trkpt lat="47.6179770" lon="-120.6771500">
    <ele>676.9</ele>
    <time>2026-06-06T02:12:01Z</time>
   </trkpt>
   <trkpt lat="47.6179770" lon="-120.6771530">
    <ele>676.9</ele>
    <time>2026-06-06T02:12:02Z</time>
   </trkpt>
   <trkpt lat="47.6179770" lon="-120.6771550">
    <ele>676.9</ele>
    <time>2026-06-06T02:12:03Z</time>
   </trkpt>
   <trkpt lat="47.6179770" lon="-120.6771570">
    <ele>677.0</ele>
    <time>2026-06-06T02:12:04Z</time>
   </trkpt>
   <trkpt lat="47.6179780" lon="-120.6771580">
    <ele>677.0</ele>
    <time>2026-06-06T02:12:05Z</time>
   </trkpt>
   <trkpt lat="47.6179780" lon="-120.6771600">
    <ele>677.0</ele>
    <time>2026-06-06T02:12:06Z</time>
   </trkpt>
   <trkpt lat="47.6179770" lon="-120.6771600">
    <ele>677.0</ele>
    <time>2026-06-06T02:12:07Z</time>
   </trkpt>
   <trkpt lat="47.6179770" lon="-120.6771600">
    <ele>677.0</ele>
    <time>2026-06-06T02:12:08Z</time>
   </trkpt>
   <trkpt lat="47.6179770" lon="-120.6771610">
    <ele>677.0</ele>
    <time>2026-06-06T02:12:09Z</time>
   </trkpt>
   <trkpt lat="47.6179780" lon="-120.6771620">
    <ele>677.0</ele>
    <time>2026-06-06T02:12:10Z</time>
   </trkpt>
   <trkpt lat="47.6179780" lon="-120.6771630">
    <ele>677.0</ele>
    <time>2026-06-06T02:12:11Z</time>
   </trkpt>
   <trkpt lat="47.6179780" lon="-120.6771640">
    <ele>677.1</ele>
    <time>2026-06-06T02:12:12Z</time>
   </trkpt>
   <trkpt lat="47.6179780" lon="-120.6771640">
    <ele>677.1</ele>
    <time>2026-06-06T02:12:13Z</time>
   </trkpt>
   <trkpt lat="47.6179780" lon="-120.6771650">
    <ele>677.1</ele>
    <time>2026-06-06T02:12:14Z</time>
   </trkpt>
   <trkpt lat="47.6179780" lon="-120.6771660">
    <ele>677.1</ele>
    <time>2026-06-06T02:12:15Z</time>
   </trkpt>
   <trkpt lat="47.6179780" lon="-120.6771670">
    <ele>677.1</ele>
    <time>2026-06-06T02:12:16Z</time>
   </trkpt>
   <trkpt lat="47.6179780" lon="-120.6771670">
    <ele>677.1</ele>
    <time>2026-06-06T02:12:17Z</time>
   </trkpt>
   <trkpt lat="47.6179780" lon="-120.6771680">
    <ele>677.1</ele>
    <time>2026-06-06T02:12:18Z</time>
   </trkpt>
   <trkpt lat="47.6179780" lon="-120.6771690">
    <ele>677.1</ele>
    <time>2026-06-06T02:12:19Z</time>
   </trkpt>
   <trkpt lat="47.6179780" lon="-120.6771690">
    <ele>677.1</ele>
    <time>2026-06-06T02:12:20Z</time>
   </trkpt>
   <trkpt lat="47.6179780" lon="-120.6771700">
    <ele>677.1</ele>
    <time>2026-06-06T02:12:21Z</time>
   </trkpt>
   <trkpt lat="47.6179790" lon="-120.6771700">
    <ele>677.1</ele>
    <time>2026-06-06T02:12:22Z</time>
   </trkpt>
   <trkpt lat="47.6179790" lon="-120.6771700">
    <ele>677.1</ele>
    <time>2026-06-06T02:12:23Z</time>
   </trkpt>
   <trkpt lat="47.6179790" lon="-120.6771710">
    <ele>677.1</ele>
    <time>2026-06-06T02:12:24Z</time>
   </trkpt>
   <trkpt lat="47.6179790" lon="-120.6771720">
    <ele>677.1</ele>
    <time>2026-06-06T02:12:25Z</time>
   </trkpt>
   <trkpt lat="47.6179780" lon="-120.6771710">
    <ele>677.2</ele>
    <time>2026-06-06T02:12:26Z</time>
   </trkpt>
   <trkpt lat="47.6179770" lon="-120.6771710">
    <ele>677.2</ele>
    <time>2026-06-06T02:12:27Z</time>
   </trkpt>
   <trkpt lat="47.6179770" lon="-120.6771710">
    <ele>677.2</ele>
    <time>2026-06-06T02:12:28Z</time>
   </trkpt>
   <trkpt lat="47.6179760" lon="-120.6771700">
    <ele>677.2</ele>
    <time>2026-06-06T02:12:29Z</time>
   </trkpt>
   <trkpt lat="47.6179760" lon="-120.6771700">
    <ele>677.2</ele>
    <time>2026-06-06T02:12:30Z</time>
   </trkpt>
   <trkpt lat="47.6179760" lon="-120.6771690">
    <ele>677.2</ele>
    <time>2026-06-06T02:12:31Z</time>
   </trkpt>
   <trkpt lat="47.6179760" lon="-120.6771690">
    <ele>677.2</ele>
    <time>2026-06-06T02:12:32Z</time>
   </trkpt>
   <trkpt lat="47.6179760" lon="-120.6771690">
    <ele>677.2</ele>
    <time>2026-06-06T02:12:33Z</time>
   </trkpt>
   <trkpt lat="47.6179760" lon="-120.6771690">
    <ele>677.2</ele>
    <time>2026-06-06T02:12:34Z</time>
   </trkpt>
   <trkpt lat="47.6179760" lon="-120.6771690">
    <ele>677.2</ele>
    <time>2026-06-06T02:12:35Z</time>
   </trkpt>
   <trkpt lat="47.6179760" lon="-120.6771690">
    <ele>677.2</ele>
    <time>2026-06-06T02:12:36Z</time>
   </trkpt>
   <trkpt lat="47.6179770" lon="-120.6771680">
    <ele>677.2</ele>
    <time>2026-06-06T02:12:37Z</time>
   </trkpt>
   <trkpt lat="47.6179770" lon="-120.6771690">
    <ele>677.2</ele>
    <time>2026-06-06T02:12:38Z</time>
   </trkpt>
   <trkpt lat="47.6179780" lon="-120.6771680">
    <ele>677.2</ele>
    <time>2026-06-06T02:12:39Z</time>
   </trkpt>
   <trkpt lat="47.6179800" lon="-120.6771690">
    <ele>677.3</ele>
    <time>2026-06-06T02:12:40Z</time>
   </trkpt>
   <trkpt lat="47.6179800" lon="-120.6771690">
    <ele>677.3</ele>
    <time>2026-06-06T02:12:41Z</time>
   </trkpt>
   <trkpt lat="47.6179810" lon="-120.6771690">
    <ele>677.3</ele>
    <time>2026-06-06T02:12:42Z</time>
   </trkpt>
   <trkpt lat="47.6179820" lon="-120.6771690">
    <ele>677.3</ele>
    <time>2026-06-06T02:12:43Z</time>
   </trkpt>
   <trkpt lat="47.6179830" lon="-120.6771690">
    <ele>677.3</ele>
    <time>2026-06-06T02:12:44Z</time>
   </trkpt>
   <trkpt lat="47.6179840" lon="-120.6771690">
    <ele>677.3</ele>
    <time>2026-06-06T02:12:45Z</time>
   </trkpt>
   <trkpt lat="47.6179840" lon="-120.6771690">
    <ele>677.3</ele>
    <time>2026-06-06T02:12:46Z</time>
   </trkpt>
   <trkpt lat="47.6179840" lon="-120.6771680">
    <ele>677.3</ele>
    <time>2026-06-06T02:12:47Z</time>
   </trkpt>
   <trkpt lat="47.6179850" lon="-120.6771680">
    <ele>677.3</ele>
    <time>2026-06-06T02:12:48Z</time>
   </trkpt>
   <trkpt lat="47.6179850" lon="-120.6771680">
    <ele>677.3</ele>
    <time>2026-06-06T02:12:49Z</time>
   </trkpt>
   <trkpt lat="47.6179850" lon="-120.6771670">
    <ele>677.3</ele>
    <time>2026-06-06T02:12:50Z</time>
   </trkpt>
   <trkpt lat="47.6179850" lon="-120.6771670">
    <ele>677.3</ele>
    <time>2026-06-06T02:12:51Z</time>
   </trkpt>
   <trkpt lat="47.6179860" lon="-120.6771670">
    <ele>677.4</ele>
    <time>2026-06-06T02:12:52Z</time>
   </trkpt>
   <trkpt lat="47.6179860" lon="-120.6771660">
    <ele>677.4</ele>
    <time>2026-06-06T02:12:53Z</time>
   </trkpt>
   <trkpt lat="47.6179870" lon="-120.6771650">
    <ele>677.4</ele>
    <time>2026-06-06T02:12:54Z</time>
   </trkpt>
   <trkpt lat="47.6179870" lon="-120.6771650">
    <ele>677.4</ele>
    <time>2026-06-06T02:12:55Z</time>
   </trkpt>
   <trkpt lat="47.6179870" lon="-120.6771640">
    <ele>677.4</ele>
    <time>2026-06-06T02:12:56Z</time>
   </trkpt>
   <trkpt lat="47.6179880" lon="-120.6771640">
    <ele>677.4</ele>
    <time>2026-06-06T02:12:57Z</time>
   </trkpt>
   <trkpt lat="47.6179880" lon="-120.6771630">
    <ele>677.4</ele>
    <time>2026-06-06T02:12:58Z</time>
   </trkpt>
   <trkpt lat="47.6179890" lon="-120.6771630">
    <ele>677.4</ele>
    <time>2026-06-06T02:12:59Z</time>
   </trkpt>
   <trkpt lat="47.6179890" lon="-120.6771620">
    <ele>677.4</ele>
    <time>2026-06-06T02:13:00Z</time>
   </trkpt>
   <trkpt lat="47.6179890" lon="-120.6771620">
    <ele>677.4</ele>
    <time>2026-06-06T02:13:01Z</time>
   </trkpt>
   <trkpt lat="47.6179900" lon="-120.6771610">
    <ele>677.5</ele>
    <time>2026-06-06T02:13:02Z</time>
   </trkpt>
   <trkpt lat="47.6179900" lon="-120.6771600">
    <ele>677.5</ele>
    <time>2026-06-06T02:13:03Z</time>
   </trkpt>
   <trkpt lat="47.6179910" lon="-120.6771600">
    <ele>677.5</ele>
    <time>2026-06-06T02:13:04Z</time>
   </trkpt>
   <trkpt lat="47.6179910" lon="-120.6771590">
    <ele>677.5</ele>
    <time>2026-06-06T02:13:05Z</time>
   </trkpt>
   <trkpt lat="47.6179910" lon="-120.6771590">
    <ele>677.5</ele>
    <time>2026-06-06T02:13:06Z</time>
   </trkpt>
   <trkpt lat="47.6179920" lon="-120.6771590">
    <ele>677.5</ele>
    <time>2026-06-06T02:13:07Z</time>
   </trkpt>
   <trkpt lat="47.6179920" lon="-120.6771580">
    <ele>677.5</ele>
    <time>2026-06-06T02:13:08Z</time>
   </trkpt>
   <trkpt lat="47.6179920" lon="-120.6771580">
    <ele>677.5</ele>
    <time>2026-06-06T02:13:09Z</time>
   </trkpt>
   <trkpt lat="47.6179930" lon="-120.6771580">
    <ele>677.5</ele>
    <time>2026-06-06T02:13:10Z</time>
   </trkpt>
   <trkpt lat="47.6179930" lon="-120.6771570">
    <ele>677.5</ele>
    <time>2026-06-06T02:13:11Z</time>
   </trkpt>
   <trkpt lat="47.6179930" lon="-120.6771570">
    <ele>677.5</ele>
    <time>2026-06-06T02:13:12Z</time>
   </trkpt>
   <trkpt lat="47.6179940" lon="-120.6771570">
    <ele>677.5</ele>
    <time>2026-06-06T02:13:13Z</time>
   </trkpt>
   <trkpt lat="47.6179940" lon="-120.6771560">
    <ele>677.6</ele>
    <time>2026-06-06T02:13:14Z</time>
   </trkpt>
   <trkpt lat="47.6179950" lon="-120.6771560">
    <ele>677.6</ele>
    <time>2026-06-06T02:13:15Z</time>
   </trkpt>
   <trkpt lat="47.6179950" lon="-120.6771560">
    <ele>677.6</ele>
    <time>2026-06-06T02:13:16Z</time>
   </trkpt>
   <trkpt lat="47.6179950" lon="-120.6771550">
    <ele>677.6</ele>
    <time>2026-06-06T02:13:17Z</time>
   </trkpt>
   <trkpt lat="47.6179960" lon="-120.6771550">
    <ele>677.6</ele>
    <time>2026-06-06T02:13:18Z</time>
   </trkpt>
   <trkpt lat="47.6179960" lon="-120.6771550">
    <ele>677.6</ele>
    <time>2026-06-06T02:13:19Z</time>
   </trkpt>
   <trkpt lat="47.6179970" lon="-120.6771550">
    <ele>677.6</ele>
    <time>2026-06-06T02:13:20Z</time>
   </trkpt>
   <trkpt lat="47.6179970" lon="-120.6771540">
    <ele>677.6</ele>
    <time>2026-06-06T02:13:21Z</time>
   </trkpt>
   <trkpt lat="47.6179980" lon="-120.6771540">
    <ele>677.6</ele>
    <time>2026-06-06T02:13:22Z</time>
   </trkpt>
   <trkpt lat="47.6179990" lon="-120.6771540">
    <ele>677.6</ele>
    <time>2026-06-06T02:13:23Z</time>
   </trkpt>
   <trkpt lat="47.6179990" lon="-120.6771540">
    <ele>677.6</ele>
    <time>2026-06-06T02:13:24Z</time>
   </trkpt>
   <trkpt lat="47.6180000" lon="-120.6771530">
    <ele>677.7</ele>
    <time>2026-06-06T02:13:25Z</time>
   </trkpt>
   <trkpt lat="47.6180000" lon="-120.6771530">
    <ele>677.7</ele>
    <time>2026-06-06T02:13:26Z</time>
   </trkpt>
   <trkpt lat="47.6180010" lon="-120.6771530">
    <ele>677.7</ele>
    <time>2026-06-06T02:13:27Z</time>
   </trkpt>
   <trkpt lat="47.6180010" lon="-120.6771520">
    <ele>677.7</ele>
    <time>2026-06-06T02:13:28Z</time>
   </trkpt>
   <trkpt lat="47.6180020" lon="-120.6771520">
    <ele>677.7</ele>
    <time>2026-06-06T02:13:29Z</time>
   </trkpt>
   <trkpt lat="47.6180020" lon="-120.6771520">
    <ele>677.7</ele>
    <time>2026-06-06T02:13:30Z</time>
   </trkpt>
   <trkpt lat="47.6180030" lon="-120.6771510">
    <ele>677.7</ele>
    <time>2026-06-06T02:13:31Z</time>
   </trkpt>
   <trkpt lat="47.6180030" lon="-120.6771510">
    <ele>677.7</ele>
    <time>2026-06-06T02:13:32Z</time>
   </trkpt>
   <trkpt lat="47.6180030" lon="-120.6771510">
    <ele>677.7</ele>
    <time>2026-06-06T02:13:33Z</time>
   </trkpt>
   <trkpt lat="47.6180040" lon="-120.6771510">
    <ele>677.7</ele>
    <time>2026-06-06T02:13:34Z</time>
   </trkpt>
   <trkpt lat="47.6180040" lon="-120.6771510">
    <ele>677.7</ele>
    <time>2026-06-06T02:13:35Z</time>
   </trkpt>
   <trkpt lat="47.6180040" lon="-120.6771510">
    <ele>677.7</ele>
    <time>2026-06-06T02:13:36Z</time>
   </trkpt>
   <trkpt lat="47.6180050" lon="-120.6771510">
    <ele>677.7</ele>
    <time>2026-06-06T02:13:37Z</time>
   </trkpt>
   <trkpt lat="47.6180050" lon="-120.6771510">
    <ele>677.7</ele>
    <time>2026-06-06T02:13:38Z</time>
   </trkpt>
   <trkpt lat="47.6180050" lon="-120.6771500">
    <ele>677.7</ele>
    <time>2026-06-06T02:13:39Z</time>
   </trkpt>
   <trkpt lat="47.6180060" lon="-120.6771500">
    <ele>677.8</ele>
    <time>2026-06-06T02:13:40Z</time>
   </trkpt>
   <trkpt lat="47.6180070" lon="-120.6771500">
    <ele>677.8</ele>
    <time>2026-06-06T02:13:41Z</time>
   </trkpt>
   <trkpt lat="47.6180070" lon="-120.6771490">
    <ele>677.8</ele>
    <time>2026-06-06T02:13:42Z</time>
   </trkpt>
   <trkpt lat="47.6180070" lon="-120.6771490">
    <ele>677.8</ele>
    <time>2026-06-06T02:13:43Z</time>
   </trkpt>
   <trkpt lat="47.6180070" lon="-120.6771490">
    <ele>677.8</ele>
    <time>2026-06-06T02:13:44Z</time>
   </trkpt>
   <trkpt lat="47.6180070" lon="-120.6771490">
    <ele>677.8</ele>
    <time>2026-06-06T02:13:45Z</time>
   </trkpt>
   <trkpt lat="47.6180070" lon="-120.6771490">
    <ele>677.8</ele>
    <time>2026-06-06T02:13:46Z</time>
   </trkpt>
   <trkpt lat="47.6180070" lon="-120.6771490">
    <ele>677.8</ele>
    <time>2026-06-06T02:13:47Z</time>
   </trkpt>
   <trkpt lat="47.6180070" lon="-120.6771490">
    <ele>677.8</ele>
    <time>2026-06-06T02:13:48Z</time>
   </trkpt>
   <trkpt lat="47.6180080" lon="-120.6771480">
    <ele>677.8</ele>
    <time>2026-06-06T02:13:49Z</time>
   </trkpt>
   <trkpt lat="47.6180080" lon="-120.6771480">
    <ele>677.8</ele>
    <time>2026-06-06T02:13:50Z</time>
   </trkpt>
   <trkpt lat="47.6180080" lon="-120.6771480">
    <ele>677.8</ele>
    <time>2026-06-06T02:13:51Z</time>
   </trkpt>
   <trkpt lat="47.6180080" lon="-120.6771480">
    <ele>677.8</ele>
    <time>2026-06-06T02:13:52Z</time>
   </trkpt>
   <trkpt lat="47.6180080" lon="-120.6771480">
    <ele>677.8</ele>
    <time>2026-06-06T02:13:53Z</time>
   </trkpt>
   <trkpt lat="47.6180090" lon="-120.6771470">
    <ele>677.8</ele>
    <time>2026-06-06T02:13:54Z</time>
   </trkpt>
   <trkpt lat="47.6180090" lon="-120.6771470">
    <ele>677.8</ele>
    <time>2026-06-06T02:13:55Z</time>
   </trkpt>
   <trkpt lat="47.6180090" lon="-120.6771470">
    <ele>677.8</ele>
    <time>2026-06-06T02:13:56Z</time>
   </trkpt>
   <trkpt lat="47.6180090" lon="-120.6771470">
    <ele>677.8</ele>
    <time>2026-06-06T02:13:57Z</time>
   </trkpt>
   <trkpt lat="47.6180090" lon="-120.6771470">
    <ele>677.8</ele>
    <time>2026-06-06T02:13:58Z</time>
   </trkpt>
   <trkpt lat="47.6180090" lon="-120.6771470">
    <ele>677.8</ele>
    <time>2026-06-06T02:13:59Z</time>
   </trkpt>
   <trkpt lat="47.6180090" lon="-120.6771480">
    <ele>677.8</ele>
    <time>2026-06-06T02:14:00Z</time>
   </trkpt>
   <trkpt lat="47.6180090" lon="-120.6771480">
    <ele>677.8</ele>
    <time>2026-06-06T02:14:01Z</time>
   </trkpt>
   <trkpt lat="47.6180090" lon="-120.6771480">
    <ele>677.8</ele>
    <time>2026-06-06T02:14:02Z</time>
   </trkpt>
   <trkpt lat="47.6180090" lon="-120.6771480">
    <ele>677.8</ele>
    <time>2026-06-06T02:14:03Z</time>
   </trkpt>
   <trkpt lat="47.6180090" lon="-120.6771480">
    <ele>677.8</ele>
    <time>2026-06-06T02:14:04Z</time>
   </trkpt>
   <trkpt lat="47.6180090" lon="-120.6771480">
    <ele>677.8</ele>
    <time>2026-06-06T02:14:05Z</time>
   </trkpt>
   <trkpt lat="47.6180090" lon="-120.6771480">
    <ele>677.8</ele>
    <time>2026-06-06T02:14:06Z</time>
   </trkpt>
   <trkpt lat="47.6180090" lon="-120.6771480">
    <ele>677.8</ele>
    <time>2026-06-06T02:14:07Z</time>
   </trkpt>
   <trkpt lat="47.6180090" lon="-120.6771480">
    <ele>677.8</ele>
    <time>2026-06-06T02:14:08Z</time>
   </trkpt>
   <trkpt lat="47.6180090" lon="-120.6771480">
    <ele>677.8</ele>
    <time>2026-06-06T02:14:09Z</time>
   </trkpt>
   <trkpt lat="47.6180090" lon="-120.6771480">
    <ele>677.8</ele>
    <time>2026-06-06T02:14:10Z</time>
   </trkpt>
   <trkpt lat="47.6180090" lon="-120.6771480">
    <ele>677.8</ele>
    <time>2026-06-06T02:14:11Z</time>
   </trkpt>
   <trkpt lat="47.6180090" lon="-120.6771480">
    <ele>677.8</ele>
    <time>2026-06-06T02:14:12Z</time>
   </trkpt>
   <trkpt lat="47.6180090" lon="-120.6771480">
    <ele>677.8</ele>
    <time>2026-06-06T02:14:13Z</time>
   </trkpt>
   <trkpt lat="47.6180090" lon="-120.6771480">
    <ele>677.8</ele>
    <time>2026-06-06T02:14:14Z</time>
   </trkpt>
   <trkpt lat="47.6180100" lon="-120.6771480">
    <ele>677.8</ele>
    <time>2026-06-06T02:14:15Z</time>
   </trkpt>
   <trkpt lat="47.6180100" lon="-120.6771480">
    <ele>677.8</ele>
    <time>2026-06-06T02:14:16Z</time>
   </trkpt>
   <trkpt lat="47.6180100" lon="-120.6771470">
    <ele>677.8</ele>
    <time>2026-06-06T02:14:17Z</time>
   </trkpt>
   <trkpt lat="47.6180100" lon="-120.6771470">
    <ele>677.8</ele>
    <time>2026-06-06T02:14:18Z</time>
   </trkpt>
   <trkpt lat="47.6180090" lon="-120.6771470">
    <ele>677.9</ele>
    <time>2026-06-06T02:14:19Z</time>
   </trkpt>
   <trkpt lat="47.6180090" lon="-120.6771470">
    <ele>677.9</ele>
    <time>2026-06-06T02:14:20Z</time>
   </trkpt>
   <trkpt lat="47.6180090" lon="-120.6771470">
    <ele>677.9</ele>
    <time>2026-06-06T02:14:21Z</time>
   </trkpt>
   <trkpt lat="47.6180090" lon="-120.6771470">
    <ele>677.9</ele>
    <time>2026-06-06T02:14:22Z</time>
   </trkpt>
   <trkpt lat="47.6180100" lon="-120.6771470">
    <ele>677.9</ele>
    <time>2026-06-06T02:14:23Z</time>
   </trkpt>
   <trkpt lat="47.6180080" lon="-120.6771480">
    <ele>677.9</ele>
    <time>2026-06-06T02:14:24Z</time>
   </trkpt>
   <trkpt lat="47.6180060" lon="-120.6771480">
    <ele>677.9</ele>
    <time>2026-06-06T02:14:25Z</time>
   </trkpt>
   <trkpt lat="47.6180060" lon="-120.6771480">
    <ele>677.9</ele>
    <time>2026-06-06T02:14:26Z</time>
   </trkpt>
   <trkpt lat="47.6180060" lon="-120.6771480">
    <ele>677.9</ele>
    <time>2026-06-06T02:14:27Z</time>
   </trkpt>
   <trkpt lat="47.6180060" lon="-120.6771470">
    <ele>677.9</ele>
    <time>2026-06-06T02:14:28Z</time>
   </trkpt>
   <trkpt lat="47.6180050" lon="-120.6771470">
    <ele>678.0</ele>
    <time>2026-06-06T02:14:29Z</time>
   </trkpt>
   <trkpt lat="47.6180050" lon="-120.6771470">
    <ele>678.0</ele>
    <time>2026-06-06T02:14:30Z</time>
   </trkpt>
   <trkpt lat="47.6180060" lon="-120.6771460">
    <ele>678.0</ele>
    <time>2026-06-06T02:14:31Z</time>
   </trkpt>
   <trkpt lat="47.6180060" lon="-120.6771450">
    <ele>678.0</ele>
    <time>2026-06-06T02:14:32Z</time>
   </trkpt>
   <trkpt lat="47.6180060" lon="-120.6771420">
    <ele>678.0</ele>
    <time>2026-06-06T02:14:33Z</time>
   </trkpt>
   <trkpt lat="47.6180070" lon="-120.6771420">
    <ele>678.0</ele>
    <time>2026-06-06T02:14:34Z</time>
   </trkpt>
   <trkpt lat="47.6180080" lon="-120.6771380">
    <ele>678.1</ele>
    <time>2026-06-06T02:14:35Z</time>
   </trkpt>
   <trkpt lat="47.6180080" lon="-120.6771380">
    <ele>678.1</ele>
    <time>2026-06-06T02:14:36Z</time>
   </trkpt>
   <trkpt lat="47.6180070" lon="-120.6771440">
    <ele>678.1</ele>
    <time>2026-06-06T02:14:37Z</time>
   </trkpt>
   <trkpt lat="47.6180070" lon="-120.6771460">
    <ele>678.1</ele>
    <time>2026-06-06T02:14:38Z</time>
   </trkpt>
   <trkpt lat="47.6180080" lon="-120.6771470">
    <ele>678.1</ele>
    <time>2026-06-06T02:14:39Z</time>
   </trkpt>
   <trkpt lat="47.6180080" lon="-120.6771470">
    <ele>678.1</ele>
    <time>2026-06-06T02:14:40Z</time>
   </trkpt>
   <trkpt lat="47.6180080" lon="-120.6771470">
    <ele>678.1</ele>
    <time>2026-06-06T02:14:41Z</time>
   </trkpt>
   <trkpt lat="47.6180080" lon="-120.6771470">
    <ele>678.1</ele>
    <time>2026-06-06T02:14:42Z</time>
   </trkpt>
   <trkpt lat="47.6180080" lon="-120.6771470">
    <ele>678.1</ele>
    <time>2026-06-06T02:14:43Z</time>
   </trkpt>
   <trkpt lat="47.6180090" lon="-120.6771470">
    <ele>678.2</ele>
    <time>2026-06-06T02:14:44Z</time>
   </trkpt>
   <trkpt lat="47.6180080" lon="-120.6771490">
    <ele>678.2</ele>
    <time>2026-06-06T02:14:45Z</time>
   </trkpt>
   <trkpt lat="47.6180070" lon="-120.6771480">
    <ele>678.2</ele>
    <time>2026-06-06T02:14:46Z</time>
   </trkpt>
   <trkpt lat="47.6180070" lon="-120.6771470">
    <ele>678.2</ele>
    <time>2026-06-06T02:14:47Z</time>
   </trkpt>
   <trkpt lat="47.6180070" lon="-120.6771470">
    <ele>678.2</ele>
    <time>2026-06-06T02:14:48Z</time>
   </trkpt>
   <trkpt lat="47.6180060" lon="-120.6771480">
    <ele>678.2</ele>
    <time>2026-06-06T02:14:49Z</time>
   </trkpt>
   <trkpt lat="47.6180060" lon="-120.6771480">
    <ele>678.2</ele>
    <time>2026-06-06T02:14:50Z</time>
   </trkpt>
   <trkpt lat="47.6180060" lon="-120.6771480">
    <ele>678.2</ele>
    <time>2026-06-06T02:14:51Z</time>
   </trkpt>
   <trkpt lat="47.6180070" lon="-120.6771480">
    <ele>678.2</ele>
    <time>2026-06-06T02:14:52Z</time>
   </trkpt>
   <trkpt lat="47.6180070" lon="-120.6771480">
    <ele>678.2</ele>
    <time>2026-06-06T02:14:53Z</time>
   </trkpt>
   <trkpt lat="47.6180070" lon="-120.6771480">
    <ele>678.2</ele>
    <time>2026-06-06T02:14:54Z</time>
   </trkpt>
   <trkpt lat="47.6180070" lon="-120.6771480">
    <ele>678.2</ele>
    <time>2026-06-06T02:14:55Z</time>
   </trkpt>
   <trkpt lat="47.6180080" lon="-120.6771480">
    <ele>678.3</ele>
    <time>2026-06-06T02:14:56Z</time>
   </trkpt>
   <trkpt lat="47.6180080" lon="-120.6771470">
    <ele>678.3</ele>
    <time>2026-06-06T02:14:57Z</time>
   </trkpt>
   <trkpt lat="47.6180080" lon="-120.6771470">
    <ele>678.3</ele>
    <time>2026-06-06T02:14:58Z</time>
   </trkpt>
   <trkpt lat="47.6180080" lon="-120.6771460">
    <ele>678.3</ele>
    <time>2026-06-06T02:14:59Z</time>
   </trkpt>
   <trkpt lat="47.6180080" lon="-120.6771460">
    <ele>678.3</ele>
    <time>2026-06-06T02:15:00Z</time>
   </trkpt>
   <trkpt lat="47.6180080" lon="-120.6771460">
    <ele>678.3</ele>
    <time>2026-06-06T02:15:01Z</time>
   </trkpt>
   <trkpt lat="47.6180090" lon="-120.6771450">
    <ele>678.3</ele>
    <time>2026-06-06T02:15:02Z</time>
   </trkpt>
   <trkpt lat="47.6180090" lon="-120.6771450">
    <ele>678.3</ele>
    <time>2026-06-06T02:15:03Z</time>
   </trkpt>
   <trkpt lat="47.6180090" lon="-120.6771440">
    <ele>678.3</ele>
    <time>2026-06-06T02:15:04Z</time>
   </trkpt>
   <trkpt lat="47.6180090" lon="-120.6771440">
    <ele>678.3</ele>
    <time>2026-06-06T02:15:05Z</time>
   </trkpt>
   <trkpt lat="47.6180090" lon="-120.6771430">
    <ele>678.3</ele>
    <time>2026-06-06T02:15:06Z</time>
   </trkpt>
   <trkpt lat="47.6180090" lon="-120.6771430">
    <ele>678.3</ele>
    <time>2026-06-06T02:15:07Z</time>
   </trkpt>
   <trkpt lat="47.6180090" lon="-120.6771420">
    <ele>678.3</ele>
    <time>2026-06-06T02:15:08Z</time>
   </trkpt>
   <trkpt lat="47.6180090" lon="-120.6771420">
    <ele>678.3</ele>
    <time>2026-06-06T02:15:09Z</time>
   </trkpt>
   <trkpt lat="47.6180080" lon="-120.6771430">
    <ele>678.3</ele>
    <time>2026-06-06T02:15:10Z</time>
   </trkpt>
   <trkpt lat="47.6180080" lon="-120.6771440">
    <ele>678.3</ele>
    <time>2026-06-06T02:15:11Z</time>
   </trkpt>
   <trkpt lat="47.6180080" lon="-120.6771450">
    <ele>678.3</ele>
    <time>2026-06-06T02:15:12Z</time>
   </trkpt>
   <trkpt lat="47.6180080" lon="-120.6771470">
    <ele>678.4</ele>
    <time>2026-06-06T02:15:13Z</time>
   </trkpt>
   <trkpt lat="47.6180080" lon="-120.6771500">
    <ele>678.4</ele>
    <time>2026-06-06T02:15:14Z</time>
   </trkpt>
   <trkpt lat="47.6180080" lon="-120.6771520">
    <ele>678.4</ele>
    <time>2026-06-06T02:15:15Z</time>
   </trkpt>
   <trkpt lat="47.6180090" lon="-120.6771600">
    <ele>678.5</ele>
    <time>2026-06-06T02:15:16Z</time>
   </trkpt>
   <trkpt lat="47.6180090" lon="-120.6771630">
    <ele>678.5</ele>
    <time>2026-06-06T02:15:17Z</time>
   </trkpt>
   <trkpt lat="47.6180070" lon="-120.6771590">
    <ele>678.6</ele>
    <time>2026-06-06T02:15:18Z</time>
   </trkpt>
   <trkpt lat="47.6180060" lon="-120.6771520">
    <ele>678.6</ele>
    <time>2026-06-06T02:15:19Z</time>
   </trkpt>
   <trkpt lat="47.6180060" lon="-120.6771500">
    <ele>678.6</ele>
    <time>2026-06-06T02:15:20Z</time>
   </trkpt>
   <trkpt lat="47.6180070" lon="-120.6771500">
    <ele>678.7</ele>
    <time>2026-06-06T02:15:21Z</time>
   </trkpt>
   <trkpt lat="47.6180070" lon="-120.6771500">
    <ele>678.7</ele>
    <time>2026-06-06T02:15:22Z</time>
   </trkpt>
   <trkpt lat="47.6180070" lon="-120.6771510">
    <ele>678.7</ele>
    <time>2026-06-06T02:15:23Z</time>
   </trkpt>
   <trkpt lat="47.6180070" lon="-120.6771510">
    <ele>678.7</ele>
    <time>2026-06-06T02:15:24Z</time>
   </trkpt>
   <trkpt lat="47.6180070" lon="-120.6771500">
    <ele>678.7</ele>
    <time>2026-06-06T02:15:25Z</time>
   </trkpt>
   <trkpt lat="47.6180080" lon="-120.6771490">
    <ele>678.7</ele>
    <time>2026-06-06T02:15:26Z</time>
   </trkpt>
   <trkpt lat="47.6180080" lon="-120.6771490">
    <ele>678.7</ele>
    <time>2026-06-06T02:15:27Z</time>
   </trkpt>
   <trkpt lat="47.6180070" lon="-120.6771490">
    <ele>678.7</ele>
    <time>2026-06-06T02:15:28Z</time>
   </trkpt>
   <trkpt lat="47.6180080" lon="-120.6771480">
    <ele>678.7</ele>
    <time>2026-06-06T02:15:29Z</time>
   </trkpt>
   <trkpt lat="47.6180080" lon="-120.6771480">
    <ele>678.7</ele>
    <time>2026-06-06T02:15:30Z</time>
   </trkpt>
   <trkpt lat="47.6180090" lon="-120.6771460">
    <ele>678.7</ele>
    <time>2026-06-06T02:15:31Z</time>
   </trkpt>
   <trkpt lat="47.6180080" lon="-120.6771450">
    <ele>678.8</ele>
    <time>2026-06-06T02:15:32Z</time>
   </trkpt>
   <trkpt lat="47.6180080" lon="-120.6771450">
    <ele>678.8</ele>
    <time>2026-06-06T02:15:33Z</time>
   </trkpt>
   <trkpt lat="47.6180070" lon="-120.6771470">
    <ele>678.8</ele>
    <time>2026-06-06T02:15:34Z</time>
   </trkpt>
   <trkpt lat="47.6180080" lon="-120.6771470">
    <ele>678.8</ele>
    <time>2026-06-06T02:15:35Z</time>
   </trkpt>
   <trkpt lat="47.6180080" lon="-120.6771480">
    <ele>678.8</ele>
    <time>2026-06-06T02:15:36Z</time>
   </trkpt>
   <trkpt lat="47.6180060" lon="-120.6771490">
    <ele>678.8</ele>
    <time>2026-06-06T02:15:37Z</time>
   </trkpt>
   <trkpt lat="47.6180050" lon="-120.6771500">
    <ele>678.8</ele>
    <time>2026-06-06T02:15:38Z</time>
   </trkpt>
   <trkpt lat="47.6180050" lon="-120.6771510">
    <ele>678.9</ele>
    <time>2026-06-06T02:15:39Z</time>
   </trkpt>
   <trkpt lat="47.6180060" lon="-120.6771520">
    <ele>678.9</ele>
    <time>2026-06-06T02:15:40Z</time>
   </trkpt>
   <trkpt lat="47.6180060" lon="-120.6771530">
    <ele>678.9</ele>
    <time>2026-06-06T02:15:41Z</time>
   </trkpt>
   <trkpt lat="47.6180060" lon="-120.6771530">
    <ele>678.9</ele>
    <time>2026-06-06T02:15:42Z</time>
   </trkpt>
   <trkpt lat="47.6180070" lon="-120.6771530">
    <ele>678.9</ele>
    <time>2026-06-06T02:15:43Z</time>
   </trkpt>
   <trkpt lat="47.6180070" lon="-120.6771540">
    <ele>678.9</ele>
    <time>2026-06-06T02:15:44Z</time>
   </trkpt>
   <trkpt lat="47.6180070" lon="-120.6771540">
    <ele>678.9</ele>
    <time>2026-06-06T02:15:45Z</time>
   </trkpt>
   <trkpt lat="47.6180080" lon="-120.6771550">
    <ele>678.9</ele>
    <time>2026-06-06T02:15:46Z</time>
   </trkpt>
   <trkpt lat="47.6180080" lon="-120.6771550">
    <ele>678.9</ele>
    <time>2026-06-06T02:15:47Z</time>
   </trkpt>
   <trkpt lat="47.6180080" lon="-120.6771570">
    <ele>678.9</ele>
    <time>2026-06-06T02:15:48Z</time>
   </trkpt>
   <trkpt lat="47.6180080" lon="-120.6771570">
    <ele>678.9</ele>
    <time>2026-06-06T02:15:49Z</time>
   </trkpt>
   <trkpt lat="47.6180080" lon="-120.6771580">
    <ele>678.9</ele>
    <time>2026-06-06T02:15:50Z</time>
   </trkpt>
   <trkpt lat="47.6180090" lon="-120.6771580">
    <ele>679.0</ele>
    <time>2026-06-06T02:15:51Z</time>
   </trkpt>
   <trkpt lat="47.6180090" lon="-120.6771580">
    <ele>679.0</ele>
    <time>2026-06-06T02:15:52Z</time>
   </trkpt>
   <trkpt lat="47.6180090" lon="-120.6771590">
    <ele>679.0</ele>
    <time>2026-06-06T02:15:53Z</time>
   </trkpt>
   <trkpt lat="47.6180090" lon="-120.6771600">
    <ele>679.0</ele>
    <time>2026-06-06T02:15:54Z</time>
   </trkpt>
   <trkpt lat="47.6180100" lon="-120.6771610">
    <ele>679.0</ele>
    <time>2026-06-06T02:15:55Z</time>
   </trkpt>
   <trkpt lat="47.6180100" lon="-120.6771600">
    <ele>679.0</ele>
    <time>2026-06-06T02:15:56Z</time>
   </trkpt>
   <trkpt lat="47.6180090" lon="-120.6771590">
    <ele>679.0</ele>
    <time>2026-06-06T02:15:57Z</time>
   </trkpt>
   <trkpt lat="47.6180080" lon="-120.6771590">
    <ele>679.0</ele>
    <time>2026-06-06T02:15:58Z</time>
   </trkpt>
   <trkpt lat="47.6180080" lon="-120.6771580">
    <ele>679.0</ele>
    <time>2026-06-06T02:15:59Z</time>
   </trkpt>
   <trkpt lat="47.6180080" lon="-120.6771590">
    <ele>679.1</ele>
    <time>2026-06-06T02:16:00Z</time>
   </trkpt>
   <trkpt lat="47.6180100" lon="-120.6771690">
    <ele>679.1</ele>
    <time>2026-06-06T02:16:01Z</time>
   </trkpt>
   <trkpt lat="47.6180150" lon="-120.6771920">
    <ele>679.4</ele>
    <time>2026-06-06T02:16:02Z</time>
   </trkpt>
   <trkpt lat="47.6180230" lon="-120.6772340">
    <ele>679.8</ele>
    <time>2026-06-06T02:16:03Z</time>
   </trkpt>
   <trkpt lat="47.6180250" lon="-120.6772470">
    <ele>679.9</ele>
    <time>2026-06-06T02:16:04Z</time>
   </trkpt>
   <trkpt lat="47.6180320" lon="-120.6772840">
    <ele>680.2</ele>
    <time>2026-06-06T02:16:05Z</time>
   </trkpt>
   <trkpt lat="47.6180350" lon="-120.6773010">
    <ele>680.4</ele>
    <time>2026-06-06T02:16:06Z</time>
   </trkpt>
   <trkpt lat="47.6180420" lon="-120.6773440">
    <ele>680.8</ele>
    <time>2026-06-06T02:16:07Z</time>
   </trkpt>
   <trkpt lat="47.6180440" lon="-120.6773590">
    <ele>680.9</ele>
    <time>2026-06-06T02:16:08Z</time>
   </trkpt>
   <trkpt lat="47.6180540" lon="-120.6774050">
    <ele>681.3</ele>
    <time>2026-06-06T02:16:09Z</time>
   </trkpt>
   <trkpt lat="47.6180580" lon="-120.6774220">
    <ele>681.5</ele>
    <time>2026-06-06T02:16:10Z</time>
   </trkpt>
   <trkpt lat="47.6180700" lon="-120.6774740">
    <ele>681.9</ele>
    <time>2026-06-06T02:16:11Z</time>
   </trkpt>
   <trkpt lat="47.6180740" lon="-120.6774920">
    <ele>682.1</ele>
    <time>2026-06-06T02:16:12Z</time>
   </trkpt>
   <trkpt lat="47.6180800" lon="-120.6775370">
    <ele>682.4</ele>
    <time>2026-06-06T02:16:13Z</time>
   </trkpt>
   <trkpt lat="47.6180830" lon="-120.6775570">
    <ele>682.6</ele>
    <time>2026-06-06T02:16:14Z</time>
   </trkpt>
   <trkpt lat="47.6180880" lon="-120.6776010">
    <ele>682.9</ele>
    <time>2026-06-06T02:16:15Z</time>
   </trkpt>
   <trkpt lat="47.6180880" lon="-120.6776130">
    <ele>683.0</ele>
    <time>2026-06-06T02:16:16Z</time>
   </trkpt>
   <trkpt lat="47.6180910" lon="-120.6776630">
    <ele>683.4</ele>
    <time>2026-06-06T02:16:17Z</time>
   </trkpt>
   <trkpt lat="47.6180910" lon="-120.6776770">
    <ele>683.5</ele>
    <time>2026-06-06T02:16:18Z</time>
   </trkpt>
   <trkpt lat="47.6180920" lon="-120.6777020">
    <ele>683.7</ele>
    <time>2026-06-06T02:16:19Z</time>
   </trkpt>
   <trkpt lat="47.6180930" lon="-120.6777310">
    <ele>683.9</ele>
    <time>2026-06-06T02:16:20Z</time>
   </trkpt>
   <trkpt lat="47.6180910" lon="-120.6777590">
    <ele>684.2</ele>
    <time>2026-06-06T02:16:21Z</time>
   </trkpt>
   <trkpt lat="47.6180900" lon="-120.6777830">
    <ele>684.4</ele>
    <time>2026-06-06T02:16:22Z</time>
   </trkpt>
   <trkpt lat="47.6180890" lon="-120.6778260">
    <ele>684.7</ele>
    <time>2026-06-06T02:16:23Z</time>
   </trkpt>
   <trkpt lat="47.6180880" lon="-120.6778390">
    <ele>684.8</ele>
    <time>2026-06-06T02:16:24Z</time>
   </trkpt>
   <trkpt lat="47.6180890" lon="-120.6778820">
    <ele>685.2</ele>
    <time>2026-06-06T02:16:25Z</time>
   </trkpt>
   <trkpt lat="47.6180900" lon="-120.6778950">
    <ele>685.3</ele>
    <time>2026-06-06T02:16:26Z</time>
   </trkpt>
   <trkpt lat="47.6180930" lon="-120.6779370">
    <ele>685.6</ele>
    <time>2026-06-06T02:16:27Z</time>
   </trkpt>
   <trkpt lat="47.6180940" lon="-120.6779520">
    <ele>685.8</ele>
    <time>2026-06-06T02:16:28Z</time>
   </trkpt>
   <trkpt lat="47.6181000" lon="-120.6780010">
    <ele>686.2</ele>
    <time>2026-06-06T02:16:29Z</time>
   </trkpt>
   <trkpt lat="47.6181010" lon="-120.6780170">
    <ele>686.3</ele>
    <time>2026-06-06T02:16:30Z</time>
   </trkpt>
   <trkpt lat="47.6181060" lon="-120.6780590">
    <ele>686.6</ele>
    <time>2026-06-06T02:16:31Z</time>
   </trkpt>
   <trkpt lat="47.6181080" lon="-120.6780770">
    <ele>686.8</ele>
    <time>2026-06-06T02:16:32Z</time>
   </trkpt>
   <trkpt lat="47.6181100" lon="-120.6780980">
    <ele>687.0</ele>
    <time>2026-06-06T02:16:33Z</time>
   </trkpt>
   <trkpt lat="47.6181060" lon="-120.6781210">
    <ele>687.2</ele>
    <time>2026-06-06T02:16:34Z</time>
   </trkpt>
   <trkpt lat="47.6181070" lon="-120.6781880">
    <ele>687.7</ele>
    <time>2026-06-06T02:16:35Z</time>
   </trkpt>
   <trkpt lat="47.6181240" lon="-120.6781980">
    <ele>687.9</ele>
    <time>2026-06-06T02:16:36Z</time>
   </trkpt>
   <trkpt lat="47.6181290" lon="-120.6781990">
    <ele>687.9</ele>
    <time>2026-06-06T02:16:37Z</time>
   </trkpt>
   <trkpt lat="47.6181350" lon="-120.6782000">
    <ele>688.0</ele>
    <time>2026-06-06T02:16:38Z</time>
   </trkpt>
   <trkpt lat="47.6181360" lon="-120.6781890">
    <ele>688.1</ele>
    <time>2026-06-06T02:16:39Z</time>
   </trkpt>
   <trkpt lat="47.6181360" lon="-120.6781800">
    <ele>688.1</ele>
    <time>2026-06-06T02:16:40Z</time>
   </trkpt>
   <trkpt lat="47.6181350" lon="-120.6781710">
    <ele>688.2</ele>
    <time>2026-06-06T02:16:41Z</time>
   </trkpt>
   <trkpt lat="47.6181340" lon="-120.6781630">
    <ele>688.3</ele>
    <time>2026-06-06T02:16:42Z</time>
   </trkpt>
   <trkpt lat="47.6181330" lon="-120.6781540">
    <ele>688.3</ele>
    <time>2026-06-06T02:16:43Z</time>
   </trkpt>
   <trkpt lat="47.6181330" lon="-120.6781450">
    <ele>688.4</ele>
    <time>2026-06-06T02:16:44Z</time>
   </trkpt>
   <trkpt lat="47.6181320" lon="-120.6781360">
    <ele>688.4</ele>
    <time>2026-06-06T02:16:45Z</time>
   </trkpt>
   <trkpt lat="47.6181230" lon="-120.6780870">
    <ele>688.7</ele>
    <time>2026-06-06T02:16:46Z</time>
   </trkpt>
   <trkpt lat="47.6181200" lon="-120.6780720">
    <ele>688.8</ele>
    <time>2026-06-06T02:16:47Z</time>
   </trkpt>
   <trkpt lat="47.6181170" lon="-120.6780200">
    <ele>689.1</ele>
    <time>2026-06-06T02:16:48Z</time>
   </trkpt>
   <trkpt lat="47.6181150" lon="-120.6779990">
    <ele>689.2</ele>
    <time>2026-06-06T02:16:49Z</time>
   </trkpt>
   <trkpt lat="47.6181090" lon="-120.6779410">
    <ele>689.4</ele>
    <time>2026-06-06T02:16:50Z</time>
   </trkpt>
   <trkpt lat="47.6180970" lon="-120.6778730">
    <ele>689.6</ele>
    <time>2026-06-06T02:16:51Z</time>
   </trkpt>
   <trkpt lat="47.6180770" lon="-120.6778210">
    <ele>689.8</ele>
    <time>2026-06-06T02:16:52Z</time>
   </trkpt>
   <trkpt lat="47.6180690" lon="-120.6778040">
    <ele>689.8</ele>
    <time>2026-06-06T02:16:53Z</time>
   </trkpt>
   <trkpt lat="47.6180580" lon="-120.6777580">
    <ele>689.9</ele>
    <time>2026-06-06T02:16:54Z</time>
   </trkpt>
   <trkpt lat="47.6180630" lon="-120.6777340">
    <ele>690.0</ele>
    <time>2026-06-06T02:16:55Z</time>
   </trkpt>
   <trkpt lat="47.6180660" lon="-120.6777110">
    <ele>690.0</ele>
    <time>2026-06-06T02:16:56Z</time>
   </trkpt>
   <trkpt lat="47.6180580" lon="-120.6776600">
    <ele>690.1</ele>
    <time>2026-06-06T02:16:57Z</time>
   </trkpt>
   <trkpt lat="47.6180520" lon="-120.6776410">
    <ele>690.1</ele>
    <time>2026-06-06T02:16:58Z</time>
   </trkpt>
   <trkpt lat="47.6180380" lon="-120.6776030">
    <ele>690.2</ele>
    <time>2026-06-06T02:16:59Z</time>
   </trkpt>
   <trkpt lat="47.6180150" lon="-120.6775650">
    <ele>690.3</ele>
    <time>2026-06-06T02:17:00Z</time>
   </trkpt>
   <trkpt lat="47.6179940" lon="-120.6775320">
    <ele>690.4</ele>
    <time>2026-06-06T02:17:01Z</time>
   </trkpt>
   <trkpt lat="47.6179710" lon="-120.6774960">
    <ele>690.6</ele>
    <time>2026-06-06T02:17:02Z</time>
   </trkpt>
   <trkpt lat="47.6179510" lon="-120.6774630">
    <ele>690.7</ele>
    <time>2026-06-06T02:17:03Z</time>
   </trkpt>
   <trkpt lat="47.6179280" lon="-120.6774290">
    <ele>690.9</ele>
    <time>2026-06-06T02:17:04Z</time>
   </trkpt>
   <trkpt lat="47.6179060" lon="-120.6773950">
    <ele>691.1</ele>
    <time>2026-06-06T02:17:05Z</time>
   </trkpt>
   <trkpt lat="47.6178850" lon="-120.6773610">
    <ele>691.3</ele>
    <time>2026-06-06T02:17:06Z</time>
   </trkpt>
   <trkpt lat="47.6178620" lon="-120.6773260">
    <ele>691.6</ele>
    <time>2026-06-06T02:17:07Z</time>
   </trkpt>
   <trkpt lat="47.6178370" lon="-120.6772940">
    <ele>691.9</ele>
    <time>2026-06-06T02:17:08Z</time>
   </trkpt>
   <trkpt lat="47.6178160" lon="-120.6772610">
    <ele>692.2</ele>
    <time>2026-06-06T02:17:09Z</time>
   </trkpt>
   <trkpt lat="47.6177990" lon="-120.6772290">
    <ele>692.5</ele>
    <time>2026-06-06T02:17:10Z</time>
   </trkpt>
   <trkpt lat="47.6177770" lon="-120.6771980">
    <ele>692.8</ele>
    <time>2026-06-06T02:17:11Z</time>
   </trkpt>
   <trkpt lat="47.6177670" lon="-120.6771870">
    <ele>692.9</ele>
    <time>2026-06-06T02:17:12Z</time>
   </trkpt>
   <trkpt lat="47.6177320" lon="-120.6771720">
    <ele>693.2</ele>
    <time>2026-06-06T02:17:13Z</time>
   </trkpt>
   <trkpt lat="47.6176930" lon="-120.6771570">
    <ele>693.6</ele>
    <time>2026-06-06T02:17:14Z</time>
   </trkpt>
   <trkpt lat="47.6176800" lon="-120.6771520">
    <ele>693.7</ele>
    <time>2026-06-06T02:17:15Z</time>
   </trkpt>
   <trkpt lat="47.6176500" lon="-120.6771420">
    <ele>693.9</ele>
    <time>2026-06-06T02:17:16Z</time>
   </trkpt>
   <trkpt lat="47.6176370" lon="-120.6771420">
    <ele>694.0</ele>
    <time>2026-06-06T02:17:17Z</time>
   </trkpt>
   <trkpt lat="47.6176060" lon="-120.6771400">
    <ele>694.2</ele>
    <time>2026-06-06T02:17:18Z</time>
   </trkpt>
   <trkpt lat="47.6175960" lon="-120.6771380">
    <ele>694.2</ele>
    <time>2026-06-06T02:17:19Z</time>
   </trkpt>
   <trkpt lat="47.6175820" lon="-120.6771330">
    <ele>694.3</ele>
    <time>2026-06-06T02:17:20Z</time>
   </trkpt>
   <trkpt lat="47.6175640" lon="-120.6771270">
    <ele>694.4</ele>
    <time>2026-06-06T02:17:21Z</time>
   </trkpt>
   <trkpt lat="47.6175380" lon="-120.6771140">
    <ele>694.5</ele>
    <time>2026-06-06T02:17:22Z</time>
   </trkpt>
   <trkpt lat="47.6175280" lon="-120.6771100">
    <ele>694.6</ele>
    <time>2026-06-06T02:17:23Z</time>
   </trkpt>
   <trkpt lat="47.6175010" lon="-120.6770970">
    <ele>694.7</ele>
    <time>2026-06-06T02:17:24Z</time>
   </trkpt>
   <trkpt lat="47.6174910" lon="-120.6770920">
    <ele>694.7</ele>
    <time>2026-06-06T02:17:25Z</time>
   </trkpt>
   <trkpt lat="47.6174590" lon="-120.6770740">
    <ele>694.9</ele>
    <time>2026-06-06T02:17:26Z</time>
   </trkpt>
   <trkpt lat="47.6174470" lon="-120.6770700">
    <ele>694.9</ele>
    <time>2026-06-06T02:17:27Z</time>
   </trkpt>
   <trkpt lat="47.6174130" lon="-120.6770540">
    <ele>695.1</ele>
    <time>2026-06-06T02:17:28Z</time>
   </trkpt>
   <trkpt lat="47.6174000" lon="-120.6770480">
    <ele>695.1</ele>
    <time>2026-06-06T02:17:29Z</time>
   </trkpt>
   <trkpt lat="47.6173730" lon="-120.6770300">
    <ele>695.2</ele>
    <time>2026-06-06T02:17:30Z</time>
   </trkpt>
   <trkpt lat="47.6173470" lon="-120.6770140">
    <ele>695.4</ele>
    <time>2026-06-06T02:17:31Z</time>
   </trkpt>
   <trkpt lat="47.6173210" lon="-120.6769990">
    <ele>695.5</ele>
    <time>2026-06-06T02:17:32Z</time>
   </trkpt>
   <trkpt lat="47.6172840" lon="-120.6769850">
    <ele>695.7</ele>
    <time>2026-06-06T02:17:33Z</time>
   </trkpt>
   <trkpt lat="47.6172710" lon="-120.6769830">
    <ele>695.8</ele>
    <time>2026-06-06T02:17:34Z</time>
   </trkpt>
   <trkpt lat="47.6172400" lon="-120.6769720">
    <ele>696.0</ele>
    <time>2026-06-06T02:17:35Z</time>
   </trkpt>
   <trkpt lat="47.6172300" lon="-120.6769680">
    <ele>696.1</ele>
    <time>2026-06-06T02:17:36Z</time>
   </trkpt>
   <trkpt lat="47.6171980" lon="-120.6769460">
    <ele>696.3</ele>
    <time>2026-06-06T02:17:37Z</time>
   </trkpt>
   <trkpt lat="47.6171860" lon="-120.6769370">
    <ele>696.4</ele>
    <time>2026-06-06T02:17:38Z</time>
   </trkpt>
   <trkpt lat="47.6171550" lon="-120.6769110">
    <ele>696.7</ele>
    <time>2026-06-06T02:17:39Z</time>
   </trkpt>
   <trkpt lat="47.6171450" lon="-120.6769020">
    <ele>696.7</ele>
    <time>2026-06-06T02:17:40Z</time>
   </trkpt>
   <trkpt lat="47.6171210" lon="-120.6768800">
    <ele>697.0</ele>
    <time>2026-06-06T02:17:41Z</time>
   </trkpt>
   <trkpt lat="47.6171130" lon="-120.6768730">
    <ele>697.0</ele>
    <time>2026-06-06T02:17:42Z</time>
   </trkpt>
   <trkpt lat="47.6170840" lon="-120.6768480">
    <ele>697.3</ele>
    <time>2026-06-06T02:17:43Z</time>
   </trkpt>
   <trkpt lat="47.6170740" lon="-120.6768390">
    <ele>697.4</ele>
    <time>2026-06-06T02:17:44Z</time>
   </trkpt>
   <trkpt lat="47.6170480" lon="-120.6768160">
    <ele>697.7</ele>
    <time>2026-06-06T02:17:45Z</time>
   </trkpt>
   <trkpt lat="47.6170220" lon="-120.6767860">
    <ele>698.0</ele>
    <time>2026-06-06T02:17:46Z</time>
   </trkpt>
   <trkpt lat="47.6170170" lon="-120.6767690">
    <ele>698.1</ele>
    <time>2026-06-06T02:17:47Z</time>
   </trkpt>
   <trkpt lat="47.6170030" lon="-120.6767510">
    <ele>698.3</ele>
    <time>2026-06-06T02:17:48Z</time>
   </trkpt>
   <trkpt lat="47.6169730" lon="-120.6767220">
    <ele>698.6</ele>
    <time>2026-06-06T02:17:49Z</time>
   </trkpt>
   <trkpt lat="47.6169630" lon="-120.6767120">
    <ele>698.7</ele>
    <time>2026-06-06T02:17:50Z</time>
   </trkpt>
   <trkpt lat="47.6169370" lon="-120.6766810">
    <ele>699.0</ele>
    <time>2026-06-06T02:17:51Z</time>
   </trkpt>
   <trkpt lat="47.6169270" lon="-120.6766730">
    <ele>699.1</ele>
    <time>2026-06-06T02:17:52Z</time>
   </trkpt>
   <trkpt lat="47.6168960" lon="-120.6766600">
    <ele>699.4</ele>
    <time>2026-06-06T02:17:53Z</time>
   </trkpt>
   <trkpt lat="47.6168840" lon="-120.6766580">
    <ele>699.5</ele>
    <time>2026-06-06T02:17:54Z</time>
   </trkpt>
   <trkpt lat="47.6168540" lon="-120.6766510">
    <ele>699.8</ele>
    <time>2026-06-06T02:17:55Z</time>
   </trkpt>
   <trkpt lat="47.6168440" lon="-120.6766500">
    <ele>699.9</ele>
    <time>2026-06-06T02:17:56Z</time>
   </trkpt>
   <trkpt lat="47.6168150" lon="-120.6766500">
    <ele>700.2</ele>
    <time>2026-06-06T02:17:57Z</time>
   </trkpt>
   <trkpt lat="47.6168050" lon="-120.6766500">
    <ele>700.3</ele>
    <time>2026-06-06T02:17:58Z</time>
   </trkpt>
   <trkpt lat="47.6167720" lon="-120.6766450">
    <ele>700.5</ele>
    <time>2026-06-06T02:17:59Z</time>
   </trkpt>
   <trkpt lat="47.6167590" lon="-120.6766430">
    <ele>700.6</ele>
    <time>2026-06-06T02:18:00Z</time>
   </trkpt>
   <trkpt lat="47.6167290" lon="-120.6766170">
    <ele>700.9</ele>
    <time>2026-06-06T02:18:01Z</time>
   </trkpt>
   <trkpt lat="47.6167200" lon="-120.6766060">
    <ele>700.9</ele>
    <time>2026-06-06T02:18:02Z</time>
   </trkpt>
   <trkpt lat="47.6166970" lon="-120.6765740">
    <ele>700.9</ele>
    <time>2026-06-06T02:18:03Z</time>
   </trkpt>
   <trkpt lat="47.6166890" lon="-120.6765640">
    <ele>700.9</ele>
    <time>2026-06-06T02:18:04Z</time>
   </trkpt>
   <trkpt lat="47.6166610" lon="-120.6765220">
    <ele>700.9</ele>
    <time>2026-06-06T02:18:05Z</time>
   </trkpt>
   <trkpt lat="47.6166470" lon="-120.6765040">
    <ele>701.0</ele>
    <time>2026-06-06T02:18:06Z</time>
   </trkpt>
   <trkpt lat="47.6166120" lon="-120.6764620">
    <ele>701.0</ele>
    <time>2026-06-06T02:18:07Z</time>
   </trkpt>
   <trkpt lat="47.6165790" lon="-120.6764360">
    <ele>701.1</ele>
    <time>2026-06-06T02:18:08Z</time>
   </trkpt>
   <trkpt lat="47.6165430" lon="-120.6764180">
    <ele>701.3</ele>
    <time>2026-06-06T02:18:09Z</time>
   </trkpt>
   <trkpt lat="47.6165070" lon="-120.6763990">
    <ele>701.5</ele>
    <time>2026-06-06T02:18:10Z</time>
   </trkpt>
   <trkpt lat="47.6164930" lon="-120.6763900">
    <ele>701.7</ele>
    <time>2026-06-06T02:18:11Z</time>
   </trkpt>
   <trkpt lat="47.6164590" lon="-120.6763640">
    <ele>702.0</ele>
    <time>2026-06-06T02:18:12Z</time>
   </trkpt>
   <trkpt lat="47.6164480" lon="-120.6763560">
    <ele>702.2</ele>
    <time>2026-06-06T02:18:13Z</time>
   </trkpt>
   <trkpt lat="47.6164170" lon="-120.6763400">
    <ele>702.6</ele>
    <time>2026-06-06T02:18:14Z</time>
   </trkpt>
   <trkpt lat="47.6164080" lon="-120.6763360">
    <ele>702.7</ele>
    <time>2026-06-06T02:18:15Z</time>
   </trkpt>
   <trkpt lat="47.6163930" lon="-120.6763250">
    <ele>703.0</ele>
    <time>2026-06-06T02:18:16Z</time>
   </trkpt>
   <trkpt lat="47.6163780" lon="-120.6763100">
    <ele>703.2</ele>
    <time>2026-06-06T02:18:17Z</time>
   </trkpt>
   <trkpt lat="47.6163540" lon="-120.6762840">
    <ele>703.7</ele>
    <time>2026-06-06T02:18:18Z</time>
   </trkpt>
   <trkpt lat="47.6163460" lon="-120.6762760">
    <ele>703.8</ele>
    <time>2026-06-06T02:18:19Z</time>
   </trkpt>
   <trkpt lat="47.6163200" lon="-120.6762460">
    <ele>704.3</ele>
    <time>2026-06-06T02:18:20Z</time>
   </trkpt>
   <trkpt lat="47.6162880" lon="-120.6762230">
    <ele>704.9</ele>
    <time>2026-06-06T02:18:21Z</time>
   </trkpt>
   <trkpt lat="47.6162580" lon="-120.6762040">
    <ele>705.4</ele>
    <time>2026-06-06T02:18:22Z</time>
   </trkpt>
   <trkpt lat="47.6162290" lon="-120.6761890">
    <ele>705.9</ele>
    <time>2026-06-06T02:18:23Z</time>
   </trkpt>
   <trkpt lat="47.6162200" lon="-120.6761840">
    <ele>706.0</ele>
    <time>2026-06-06T02:18:24Z</time>
   </trkpt>
   <trkpt lat="47.6162010" lon="-120.6761860">
    <ele>706.3</ele>
    <time>2026-06-06T02:18:25Z</time>
   </trkpt>
   <trkpt lat="47.6161850" lon="-120.6761910">
    <ele>706.5</ele>
    <time>2026-06-06T02:18:26Z</time>
   </trkpt>
   <trkpt lat="47.6161730" lon="-120.6761940">
    <ele>706.7</ele>
    <time>2026-06-06T02:18:27Z</time>
   </trkpt>
   <trkpt lat="47.6161930" lon="-120.6762290">
    <ele>707.2</ele>
    <time>2026-06-06T02:18:28Z</time>
   </trkpt>
   <trkpt lat="47.6162030" lon="-120.6762530">
    <ele>707.4</ele>
    <time>2026-06-06T02:18:29Z</time>
   </trkpt>
   <trkpt lat="47.6162050" lon="-120.6762580">
    <ele>707.5</ele>
    <time>2026-06-06T02:18:30Z</time>
   </trkpt>
   <trkpt lat="47.6162060" lon="-120.6762600">
    <ele>707.5</ele>
    <time>2026-06-06T02:18:31Z</time>
   </trkpt>
   <trkpt lat="47.6162060" lon="-120.6762600">
    <ele>707.5</ele>
    <time>2026-06-06T02:18:32Z</time>
   </trkpt>
   <trkpt lat="47.6162060" lon="-120.6762600">
    <ele>707.5</ele>
    <time>2026-06-06T02:18:33Z</time>
   </trkpt>
   <trkpt lat="47.6162100" lon="-120.6762590">
    <ele>707.5</ele>
    <time>2026-06-06T02:18:34Z</time>
   </trkpt>
   <trkpt lat="47.6162130" lon="-120.6762590">
    <ele>707.6</ele>
    <time>2026-06-06T02:18:35Z</time>
   </trkpt>
   <trkpt lat="47.6162180" lon="-120.6762600">
    <ele>707.7</ele>
    <time>2026-06-06T02:18:36Z</time>
   </trkpt>
   <trkpt lat="47.6162200" lon="-120.6762600">
    <ele>707.7</ele>
    <time>2026-06-06T02:18:37Z</time>
   </trkpt>
   <trkpt lat="47.6162220" lon="-120.6762610">
    <ele>707.7</ele>
    <time>2026-06-06T02:18:38Z</time>
   </trkpt>
   <trkpt lat="47.6162240" lon="-120.6762610">
    <ele>707.7</ele>
    <time>2026-06-06T02:18:39Z</time>
   </trkpt>
   <trkpt lat="47.6162260" lon="-120.6762610">
    <ele>707.8</ele>
    <time>2026-06-06T02:18:40Z</time>
   </trkpt>
   <trkpt lat="47.6162280" lon="-120.6762610">
    <ele>707.8</ele>
    <time>2026-06-06T02:18:41Z</time>
   </trkpt>
   <trkpt lat="47.6162300" lon="-120.6762610">
    <ele>707.8</ele>
    <time>2026-06-06T02:18:42Z</time>
   </trkpt>
   <trkpt lat="47.6162320" lon="-120.6762620">
    <ele>707.8</ele>
    <time>2026-06-06T02:18:43Z</time>
   </trkpt>
   <trkpt lat="47.6162340" lon="-120.6762620">
    <ele>707.9</ele>
    <time>2026-06-06T02:18:44Z</time>
   </trkpt>
   <trkpt lat="47.6162350" lon="-120.6762620">
    <ele>707.9</ele>
    <time>2026-06-06T02:18:45Z</time>
   </trkpt>
   <trkpt lat="47.6162370" lon="-120.6762620">
    <ele>707.9</ele>
    <time>2026-06-06T02:18:46Z</time>
   </trkpt>
   <trkpt lat="47.6162390" lon="-120.6762630">
    <ele>707.9</ele>
    <time>2026-06-06T02:18:47Z</time>
   </trkpt>
   <trkpt lat="47.6162410" lon="-120.6762630">
    <ele>707.9</ele>
    <time>2026-06-06T02:18:48Z</time>
   </trkpt>
   <trkpt lat="47.6162430" lon="-120.6762630">
    <ele>708.0</ele>
    <time>2026-06-06T02:18:49Z</time>
   </trkpt>
   <trkpt lat="47.6162450" lon="-120.6762630">
    <ele>708.0</ele>
    <time>2026-06-06T02:18:50Z</time>
   </trkpt>
   <trkpt lat="47.6162470" lon="-120.6762630">
    <ele>708.0</ele>
    <time>2026-06-06T02:18:51Z</time>
   </trkpt>
   <trkpt lat="47.6162490" lon="-120.6762640">
    <ele>708.0</ele>
    <time>2026-06-06T02:18:52Z</time>
   </trkpt>
   <trkpt lat="47.6162510" lon="-120.6762640">
    <ele>708.1</ele>
    <time>2026-06-06T02:18:53Z</time>
   </trkpt>
   <trkpt lat="47.6162530" lon="-120.6762640">
    <ele>708.1</ele>
    <time>2026-06-06T02:18:54Z</time>
   </trkpt>
   <trkpt lat="47.6162610" lon="-120.6762710">
    <ele>708.2</ele>
    <time>2026-06-06T02:18:55Z</time>
   </trkpt>
   <trkpt lat="47.6162670" lon="-120.6762840">
    <ele>708.3</ele>
    <time>2026-06-06T02:18:56Z</time>
   </trkpt>
   <trkpt lat="47.6162660" lon="-120.6762830">
    <ele>708.3</ele>
    <time>2026-06-06T02:18:57Z</time>
   </trkpt>
   <trkpt lat="47.6162630" lon="-120.6762840">
    <ele>708.4</ele>
    <time>2026-06-06T02:18:58Z</time>
   </trkpt>
   <trkpt lat="47.6162610" lon="-120.6762950">
    <ele>708.4</ele>
    <time>2026-06-06T02:18:59Z</time>
   </trkpt>
   <trkpt lat="47.6162640" lon="-120.6763080">
    <ele>708.5</ele>
    <time>2026-06-06T02:19:00Z</time>
   </trkpt>
   <trkpt lat="47.6162680" lon="-120.6763120">
    <ele>708.6</ele>
    <time>2026-06-06T02:19:01Z</time>
   </trkpt>
   <trkpt lat="47.6162690" lon="-120.6763120">
    <ele>708.6</ele>
    <time>2026-06-06T02:19:02Z</time>
   </trkpt>
   <trkpt lat="47.6162680" lon="-120.6763130">
    <ele>708.6</ele>
    <time>2026-06-06T02:19:03Z</time>
   </trkpt>
   <trkpt lat="47.6162670" lon="-120.6763120">
    <ele>708.6</ele>
    <time>2026-06-06T02:19:04Z</time>
   </trkpt>
   <trkpt lat="47.6162660" lon="-120.6763090">
    <ele>708.6</ele>
    <time>2026-06-06T02:19:05Z</time>
   </trkpt>
   <trkpt lat="47.6162650" lon="-120.6763070">
    <ele>708.6</ele>
    <time>2026-06-06T02:19:06Z</time>
   </trkpt>
   <trkpt lat="47.6162650" lon="-120.6763070">
    <ele>708.6</ele>
    <time>2026-06-06T02:19:07Z</time>
   </trkpt>
   <trkpt lat="47.6162650" lon="-120.6763070">
    <ele>708.6</ele>
    <time>2026-06-06T02:19:08Z</time>
   </trkpt>
   <trkpt lat="47.6162650" lon="-120.6763070">
    <ele>708.6</ele>
    <time>2026-06-06T02:19:09Z</time>
   </trkpt>
   <trkpt lat="47.6162650" lon="-120.6763070">
    <ele>708.6</ele>
    <time>2026-06-06T02:19:10Z</time>
   </trkpt>
   <trkpt lat="47.6162650" lon="-120.6763060">
    <ele>708.7</ele>
    <time>2026-06-06T02:19:11Z</time>
   </trkpt>
   <trkpt lat="47.6162640" lon="-120.6763060">
    <ele>708.7</ele>
    <time>2026-06-06T02:19:12Z</time>
   </trkpt>
   <trkpt lat="47.6162640" lon="-120.6763050">
    <ele>708.7</ele>
    <time>2026-06-06T02:19:13Z</time>
   </trkpt>
   <trkpt lat="47.6162710" lon="-120.6763120">
    <ele>708.8</ele>
    <time>2026-06-06T02:19:14Z</time>
   </trkpt>
   <trkpt lat="47.6162840" lon="-120.6763200">
    <ele>708.9</ele>
    <time>2026-06-06T02:19:15Z</time>
   </trkpt>
   <trkpt lat="47.6162960" lon="-120.6763270">
    <ele>709.0</ele>
    <time>2026-06-06T02:19:16Z</time>
   </trkpt>
   <trkpt lat="47.6163140" lon="-120.6763450">
    <ele>709.1</ele>
    <time>2026-06-06T02:19:17Z</time>
   </trkpt>
   <trkpt lat="47.6163210" lon="-120.6763550">
    <ele>709.2</ele>
    <time>2026-06-06T02:19:18Z</time>
   </trkpt>
   <trkpt lat="47.6163270" lon="-120.6763640">
    <ele>709.3</ele>
    <time>2026-06-06T02:19:19Z</time>
   </trkpt>
   <trkpt lat="47.6163380" lon="-120.6763910">
    <ele>709.4</ele>
    <time>2026-06-06T02:19:20Z</time>
   </trkpt>
   <trkpt lat="47.6163420" lon="-120.6764020">
    <ele>709.4</ele>
    <time>2026-06-06T02:19:21Z</time>
   </trkpt>
   <trkpt lat="47.6163460" lon="-120.6764130">
    <ele>709.4</ele>
    <time>2026-06-06T02:19:22Z</time>
   </trkpt>
   <trkpt lat="47.6163540" lon="-120.6764310">
    <ele>709.5</ele>
    <time>2026-06-06T02:19:23Z</time>
   </trkpt>
   <trkpt lat="47.6163650" lon="-120.6764510">
    <ele>709.5</ele>
    <time>2026-06-06T02:19:24Z</time>
   </trkpt>
   <trkpt lat="47.6163880" lon="-120.6764770">
    <ele>709.5</ele>
    <time>2026-06-06T02:19:25Z</time>
   </trkpt>
   <trkpt lat="47.6163950" lon="-120.6764860">
    <ele>709.5</ele>
    <time>2026-06-06T02:19:26Z</time>
   </trkpt>
   <trkpt lat="47.6164080" lon="-120.6765020">
    <ele>709.5</ele>
    <time>2026-06-06T02:19:27Z</time>
   </trkpt>
   <trkpt lat="47.6164160" lon="-120.6765230">
    <ele>709.5</ele>
    <time>2026-06-06T02:19:28Z</time>
   </trkpt>
   <trkpt lat="47.6164310" lon="-120.6765600">
    <ele>709.4</ele>
    <time>2026-06-06T02:19:29Z</time>
   </trkpt>
   <trkpt lat="47.6164360" lon="-120.6765730">
    <ele>709.4</ele>
    <time>2026-06-06T02:19:30Z</time>
   </trkpt>
   <trkpt lat="47.6164580" lon="-120.6766090">
    <ele>709.3</ele>
    <time>2026-06-06T02:19:31Z</time>
   </trkpt>
   <trkpt lat="47.6164640" lon="-120.6766230">
    <ele>709.2</ele>
    <time>2026-06-06T02:19:32Z</time>
   </trkpt>
   <trkpt lat="47.6164940" lon="-120.6766630">
    <ele>709.0</ele>
    <time>2026-06-06T02:19:33Z</time>
   </trkpt>
   <trkpt lat="47.6165050" lon="-120.6766770">
    <ele>709.0</ele>
    <time>2026-06-06T02:19:34Z</time>
   </trkpt>
   <trkpt lat="47.6165320" lon="-120.6766930">
    <ele>708.8</ele>
    <time>2026-06-06T02:19:35Z</time>
   </trkpt>
   <trkpt lat="47.6165630" lon="-120.6767240">
    <ele>708.7</ele>
    <time>2026-06-06T02:19:36Z</time>
   </trkpt>
   <trkpt lat="47.6165950" lon="-120.6767630">
    <ele>708.5</ele>
    <time>2026-06-06T02:19:37Z</time>
   </trkpt>
   <trkpt lat="47.6166320" lon="-120.6768110">
    <ele>708.3</ele>
    <time>2026-06-06T02:19:38Z</time>
   </trkpt>
   <trkpt lat="47.6166780" lon="-120.6768510">
    <ele>708.1</ele>
    <time>2026-06-06T02:19:39Z</time>
   </trkpt>
   <trkpt lat="47.6167250" lon="-120.6769050">
    <ele>707.9</ele>
    <time>2026-06-06T02:19:40Z</time>
   </trkpt>
   <trkpt lat="47.6167610" lon="-120.6769540">
    <ele>707.8</ele>
    <time>2026-06-06T02:19:41Z</time>
   </trkpt>
   <trkpt lat="47.6168010" lon="-120.6770120">
    <ele>707.7</ele>
    <time>2026-06-06T02:19:42Z</time>
   </trkpt>
   <trkpt lat="47.6168430" lon="-120.6770750">
    <ele>707.6</ele>
    <time>2026-06-06T02:19:43Z</time>
   </trkpt>
   <trkpt lat="47.6168790" lon="-120.6771200">
    <ele>707.5</ele>
    <time>2026-06-06T02:19:44Z</time>
   </trkpt>
   <trkpt lat="47.6169150" lon="-120.6771650">
    <ele>707.5</ele>
    <time>2026-06-06T02:19:45Z</time>
   </trkpt>
   <trkpt lat="47.6169570" lon="-120.6772170">
    <ele>707.4</ele>
    <time>2026-06-06T02:19:46Z</time>
   </trkpt>
   <trkpt lat="47.6169980" lon="-120.6772680">
    <ele>707.4</ele>
    <time>2026-06-06T02:19:47Z</time>
   </trkpt>
   <trkpt lat="47.6170430" lon="-120.6773100">
    <ele>710.4</ele>
    <time>2026-06-06T02:19:48Z</time>
   </trkpt>
   <trkpt lat="47.6170870" lon="-120.6773510">
    <ele>713.4</ele>
    <time>2026-06-06T02:19:49Z</time>
   </trkpt>
   <trkpt lat="47.6171270" lon="-120.6773800">
    <ele>714.8</ele>
    <time>2026-06-06T02:19:50Z</time>
   </trkpt>
   <trkpt lat="47.6171710" lon="-120.6774120">
    <ele>717.1</ele>
    <time>2026-06-06T02:19:51Z</time>
   </trkpt>
   <trkpt lat="47.6172130" lon="-120.6774390">
    <ele>719.6</ele>
    <time>2026-06-06T02:19:52Z</time>
   </trkpt>
   <trkpt lat="47.6172570" lon="-120.6774620">
    <ele>719.7</ele>
    <time>2026-06-06T02:19:53Z</time>
   </trkpt>
   <trkpt lat="47.6172950" lon="-120.6774930">
    <ele>722.0</ele>
    <time>2026-06-06T02:19:54Z</time>
   </trkpt>
   <trkpt lat="47.6173240" lon="-120.6775270">
    <ele>724.3</ele>
    <time>2026-06-06T02:19:55Z</time>
   </trkpt>
   <trkpt lat="47.6173580" lon="-120.6775660">
    <ele>726.5</ele>
    <time>2026-06-06T02:19:56Z</time>
   </trkpt>
   <trkpt lat="47.6173900" lon="-120.6776110">
    <ele>727.6</ele>
    <time>2026-06-06T02:19:57Z</time>
   </trkpt>
   <trkpt lat="47.6174250" lon="-120.6776530">
    <ele>729.6</ele>
    <time>2026-06-06T02:19:58Z</time>
   </trkpt>
   <trkpt lat="47.6174510" lon="-120.6777030">
    <ele>731.6</ele>
    <time>2026-06-06T02:19:59Z</time>
   </trkpt>
   <trkpt lat="47.6174760" lon="-120.6777650">
    <ele>733.3</ele>
    <time>2026-06-06T02:20:00Z</time>
   </trkpt>
   <trkpt lat="47.6175120" lon="-120.6778060">
    <ele>734.7</ele>
    <time>2026-06-06T02:20:01Z</time>
   </trkpt>
   <trkpt lat="47.6175440" lon="-120.6778380">
    <ele>736.1</ele>
    <time>2026-06-06T02:20:02Z</time>
   </trkpt>
   <trkpt lat="47.6175650" lon="-120.6778870">
    <ele>736.2</ele>
    <time>2026-06-06T02:20:03Z</time>
   </trkpt>
   <trkpt lat="47.6175900" lon="-120.6779340">
    <ele>736.3</ele>
    <time>2026-06-06T02:20:04Z</time>
   </trkpt>
   <trkpt lat="47.6176120" lon="-120.6779810">
    <ele>736.4</ele>
    <time>2026-06-06T02:20:05Z</time>
   </trkpt>
   <trkpt lat="47.6176290" lon="-120.6780300">
    <ele>736.3</ele>
    <time>2026-06-06T02:20:06Z</time>
   </trkpt>
   <trkpt lat="47.6176370" lon="-120.6780730">
    <ele>736.1</ele>
    <time>2026-06-06T02:20:07Z</time>
   </trkpt>
   <trkpt lat="47.6176390" lon="-120.6781170">
    <ele>736.0</ele>
    <time>2026-06-06T02:20:08Z</time>
   </trkpt>
   <trkpt lat="47.6176330" lon="-120.6781570">
    <ele>735.8</ele>
    <time>2026-06-06T02:20:09Z</time>
   </trkpt>
   <trkpt lat="47.6176280" lon="-120.6782000">
    <ele>735.5</ele>
    <time>2026-06-06T02:20:10Z</time>
   </trkpt>
   <trkpt lat="47.6176240" lon="-120.6782110">
    <ele>735.4</ele>
    <time>2026-06-06T02:20:11Z</time>
   </trkpt>
   <trkpt lat="47.6176160" lon="-120.6782580">
    <ele>735.1</ele>
    <time>2026-06-06T02:20:12Z</time>
   </trkpt>
   <trkpt lat="47.6176140" lon="-120.6782760">
    <ele>735.0</ele>
    <time>2026-06-06T02:20:13Z</time>
   </trkpt>
   <trkpt lat="47.6176140" lon="-120.6783360">
    <ele>734.6</ele>
    <time>2026-06-06T02:20:14Z</time>
   </trkpt>
   <trkpt lat="47.6176150" lon="-120.6783570">
    <ele>734.4</ele>
    <time>2026-06-06T02:20:15Z</time>
   </trkpt>
   <trkpt lat="47.6176220" lon="-120.6784090">
    <ele>734.1</ele>
    <time>2026-06-06T02:20:16Z</time>
   </trkpt>
   <trkpt lat="47.6176320" lon="-120.6784620">
    <ele>733.7</ele>
    <time>2026-06-06T02:20:17Z</time>
   </trkpt>
   <trkpt lat="47.6176440" lon="-120.6785130">
    <ele>733.3</ele>
    <time>2026-06-06T02:20:18Z</time>
   </trkpt>
   <trkpt lat="47.6176560" lon="-120.6785610">
    <ele>732.9</ele>
    <time>2026-06-06T02:20:19Z</time>
   </trkpt>
   <trkpt lat="47.6176760" lon="-120.6785970">
    <ele>732.6</ele>
    <time>2026-06-06T02:20:20Z</time>
   </trkpt>
   <trkpt lat="47.6176930" lon="-120.6786310">
    <ele>732.3</ele>
    <time>2026-06-06T02:20:21Z</time>
   </trkpt>
   <trkpt lat="47.6177100" lon="-120.6786680">
    <ele>731.9</ele>
    <time>2026-06-06T02:20:22Z</time>
   </trkpt>
   <trkpt lat="47.6177360" lon="-120.6786990">
    <ele>731.6</ele>
    <time>2026-06-06T02:20:23Z</time>
   </trkpt>
   <trkpt lat="47.6177590" lon="-120.6787280">
    <ele>731.3</ele>
    <time>2026-06-06T02:20:24Z</time>
   </trkpt>
   <trkpt lat="47.6177810" lon="-120.6787540">
    <ele>731.0</ele>
    <time>2026-06-06T02:20:25Z</time>
   </trkpt>
   <trkpt lat="47.6178050" lon="-120.6787730">
    <ele>730.8</ele>
    <time>2026-06-06T02:20:26Z</time>
   </trkpt>
   <trkpt lat="47.6178390" lon="-120.6787970">
    <ele>730.4</ele>
    <time>2026-06-06T02:20:27Z</time>
   </trkpt>
   <trkpt lat="47.6178480" lon="-120.6788070">
    <ele>730.3</ele>
    <time>2026-06-06T02:20:28Z</time>
   </trkpt>
   <trkpt lat="47.6178670" lon="-120.6788440">
    <ele>730.0</ele>
    <time>2026-06-06T02:20:29Z</time>
   </trkpt>
   <trkpt lat="47.6178860" lon="-120.6788870">
    <ele>729.6</ele>
    <time>2026-06-06T02:20:30Z</time>
   </trkpt>
   <trkpt lat="47.6179150" lon="-120.6789260">
    <ele>729.2</ele>
    <time>2026-06-06T02:20:31Z</time>
   </trkpt>
   <trkpt lat="47.6179250" lon="-120.6789400">
    <ele>729.0</ele>
    <time>2026-06-06T02:20:32Z</time>
   </trkpt>
   <trkpt lat="47.6179450" lon="-120.6789700">
    <ele>728.8</ele>
    <time>2026-06-06T02:20:33Z</time>
   </trkpt>
   <trkpt lat="47.6179710" lon="-120.6789980">
    <ele>728.5</ele>
    <time>2026-06-06T02:20:34Z</time>
   </trkpt>
   <trkpt lat="47.6180080" lon="-120.6790160">
    <ele>728.1</ele>
    <time>2026-06-06T02:20:35Z</time>
   </trkpt>
   <trkpt lat="47.6180450" lon="-120.6790350">
    <ele>727.8</ele>
    <time>2026-06-06T02:20:36Z</time>
   </trkpt>
   <trkpt lat="47.6180790" lon="-120.6790600">
    <ele>727.6</ele>
    <time>2026-06-06T02:20:37Z</time>
   </trkpt>
   <trkpt lat="47.6181180" lon="-120.6790880">
    <ele>727.3</ele>
    <time>2026-06-06T02:20:38Z</time>
   </trkpt>
   <trkpt lat="47.6181590" lon="-120.6791290">
    <ele>726.9</ele>
    <time>2026-06-06T02:20:39Z</time>
   </trkpt>
   <trkpt lat="47.6181990" lon="-120.6791710">
    <ele>726.5</ele>
    <time>2026-06-06T02:20:40Z</time>
   </trkpt>
   <trkpt lat="47.6182340" lon="-120.6792140">
    <ele>726.2</ele>
    <time>2026-06-06T02:20:41Z</time>
   </trkpt>
   <trkpt lat="47.6182700" lon="-120.6792500">
    <ele>725.8</ele>
    <time>2026-06-06T02:20:42Z</time>
   </trkpt>
   <trkpt lat="47.6183010" lon="-120.6792830">
    <ele>725.6</ele>
    <time>2026-06-06T02:20:43Z</time>
   </trkpt>
   <trkpt lat="47.6183330" lon="-120.6793140">
    <ele>725.3</ele>
    <time>2026-06-06T02:20:44Z</time>
   </trkpt>
   <trkpt lat="47.6183700" lon="-120.6793300">
    <ele>725.1</ele>
    <time>2026-06-06T02:20:45Z</time>
   </trkpt>
   <trkpt lat="47.6184060" lon="-120.6793450">
    <ele>724.8</ele>
    <time>2026-06-06T02:20:46Z</time>
   </trkpt>
   <trkpt lat="47.6184340" lon="-120.6793630">
    <ele>724.6</ele>
    <time>2026-06-06T02:20:47Z</time>
   </trkpt>
   <trkpt lat="47.6184630" lon="-120.6793760">
    <ele>724.4</ele>
    <time>2026-06-06T02:20:48Z</time>
   </trkpt>
   <trkpt lat="47.6184940" lon="-120.6794010">
    <ele>724.2</ele>
    <time>2026-06-06T02:20:49Z</time>
   </trkpt>
   <trkpt lat="47.6185210" lon="-120.6794290">
    <ele>724.0</ele>
    <time>2026-06-06T02:20:50Z</time>
   </trkpt>
   <trkpt lat="47.6185480" lon="-120.6794580">
    <ele>723.8</ele>
    <time>2026-06-06T02:20:51Z</time>
   </trkpt>
   <trkpt lat="47.6185760" lon="-120.6794810">
    <ele>723.6</ele>
    <time>2026-06-06T02:20:52Z</time>
   </trkpt>
   <trkpt lat="47.6185960" lon="-120.6795110">
    <ele>723.4</ele>
    <time>2026-06-06T02:20:53Z</time>
   </trkpt>
   <trkpt lat="47.6186150" lon="-120.6795440">
    <ele>723.3</ele>
    <time>2026-06-06T02:20:54Z</time>
   </trkpt>
   <trkpt lat="47.6186350" lon="-120.6795770">
    <ele>723.2</ele>
    <time>2026-06-06T02:20:55Z</time>
   </trkpt>
   <trkpt lat="47.6186570" lon="-120.6796100">
    <ele>723.1</ele>
    <time>2026-06-06T02:20:56Z</time>
   </trkpt>
   <trkpt lat="47.6186770" lon="-120.6796470">
    <ele>723.0</ele>
    <time>2026-06-06T02:20:57Z</time>
   </trkpt>
   <trkpt lat="47.6186930" lon="-120.6796870">
    <ele>722.9</ele>
    <time>2026-06-06T02:20:58Z</time>
   </trkpt>
   <trkpt lat="47.6187120" lon="-120.6797280">
    <ele>722.8</ele>
    <time>2026-06-06T02:20:59Z</time>
   </trkpt>
   <trkpt lat="47.6187300" lon="-120.6797730">
    <ele>722.7</ele>
    <time>2026-06-06T02:21:00Z</time>
   </trkpt>
   <trkpt lat="47.6187530" lon="-120.6798200">
    <ele>722.6</ele>
    <time>2026-06-06T02:21:01Z</time>
   </trkpt>
   <trkpt lat="47.6187870" lon="-120.6798600">
    <ele>722.5</ele>
    <time>2026-06-06T02:21:02Z</time>
   </trkpt>
   <trkpt lat="47.6188180" lon="-120.6798970">
    <ele>722.3</ele>
    <time>2026-06-06T02:21:03Z</time>
   </trkpt>
   <trkpt lat="47.6188620" lon="-120.6799240">
    <ele>722.0</ele>
    <time>2026-06-06T02:21:04Z</time>
   </trkpt>
   <trkpt lat="47.6189130" lon="-120.6799380">
    <ele>721.6</ele>
    <time>2026-06-06T02:21:05Z</time>
   </trkpt>
   <trkpt lat="47.6189640" lon="-120.6799480">
    <ele>721.1</ele>
    <time>2026-06-06T02:21:06Z</time>
   </trkpt>
   <trkpt lat="47.6190080" lon="-120.6799610">
    <ele>720.7</ele>
    <time>2026-06-06T02:21:07Z</time>
   </trkpt>
   <trkpt lat="47.6190500" lon="-120.6799810">
    <ele>720.3</ele>
    <time>2026-06-06T02:21:08Z</time>
   </trkpt>
   <trkpt lat="47.6190880" lon="-120.6800030">
    <ele>719.9</ele>
    <time>2026-06-06T02:21:09Z</time>
   </trkpt>
   <trkpt lat="47.6191260" lon="-120.6800220">
    <ele>719.5</ele>
    <time>2026-06-06T02:21:10Z</time>
   </trkpt>
   <trkpt lat="47.6191590" lon="-120.6800330">
    <ele>719.1</ele>
    <time>2026-06-06T02:21:11Z</time>
   </trkpt>
   <trkpt lat="47.6191920" lon="-120.6800440">
    <ele>718.7</ele>
    <time>2026-06-06T02:21:12Z</time>
   </trkpt>
   <trkpt lat="47.6192330" lon="-120.6800660">
    <ele>718.2</ele>
    <time>2026-06-06T02:21:13Z</time>
   </trkpt>
   <trkpt lat="47.6192500" lon="-120.6800790">
    <ele>718.0</ele>
    <time>2026-06-06T02:21:14Z</time>
   </trkpt>
   <trkpt lat="47.6192210" lon="-120.6800560">
    <ele>717.5</ele>
    <time>2026-06-06T02:21:15Z</time>
   </trkpt>
   <trkpt lat="47.6192270" lon="-120.6800340">
    <ele>717.3</ele>
    <time>2026-06-06T02:21:16Z</time>
   </trkpt>
   <trkpt lat="47.6192340" lon="-120.6800280">
    <ele>717.2</ele>
    <time>2026-06-06T02:21:17Z</time>
   </trkpt>
   <trkpt lat="47.6192400" lon="-120.6800210">
    <ele>717.1</ele>
    <time>2026-06-06T02:21:18Z</time>
   </trkpt>
   <trkpt lat="47.6192470" lon="-120.6800150">
    <ele>717.0</ele>
    <time>2026-06-06T02:21:19Z</time>
   </trkpt>
   <trkpt lat="47.6192540" lon="-120.6800090">
    <ele>716.9</ele>
    <time>2026-06-06T02:21:20Z</time>
   </trkpt>
   <trkpt lat="47.6192750" lon="-120.6799940">
    <ele>716.7</ele>
    <time>2026-06-06T02:21:21Z</time>
   </trkpt>
   <trkpt lat="47.6192830" lon="-120.6799890">
    <ele>716.6</ele>
    <time>2026-06-06T02:21:22Z</time>
   </trkpt>
   <trkpt lat="47.6192850" lon="-120.6799870">
    <ele>716.5</ele>
    <time>2026-06-06T02:21:23Z</time>
   </trkpt>
   <trkpt lat="47.6192860" lon="-120.6799870">
    <ele>716.5</ele>
    <time>2026-06-06T02:21:24Z</time>
   </trkpt>
   <trkpt lat="47.6192860" lon="-120.6799870">
    <ele>716.5</ele>
    <time>2026-06-06T02:21:25Z</time>
   </trkpt>
   <trkpt lat="47.6192860" lon="-120.6799870">
    <ele>716.5</ele>
    <time>2026-06-06T02:21:26Z</time>
   </trkpt>
   <trkpt lat="47.6192860" lon="-120.6799870">
    <ele>716.5</ele>
    <time>2026-06-06T02:21:27Z</time>
   </trkpt>
   <trkpt lat="47.6192860" lon="-120.6799870">
    <ele>716.5</ele>
    <time>2026-06-06T02:21:28Z</time>
   </trkpt>
   <trkpt lat="47.6192860" lon="-120.6799870">
    <ele>716.5</ele>
    <time>2026-06-06T02:21:29Z</time>
   </trkpt>
   <trkpt lat="47.6192880" lon="-120.6799850">
    <ele>716.5</ele>
    <time>2026-06-06T02:21:30Z</time>
   </trkpt>
   <trkpt lat="47.6192880" lon="-120.6799840">
    <ele>716.5</ele>
    <time>2026-06-06T02:21:31Z</time>
   </trkpt>
   <trkpt lat="47.6192880" lon="-120.6799840">
    <ele>716.5</ele>
    <time>2026-06-06T02:21:32Z</time>
   </trkpt>
   <trkpt lat="47.6192890" lon="-120.6799840">
    <ele>716.5</ele>
    <time>2026-06-06T02:21:33Z</time>
   </trkpt>
   <trkpt lat="47.6192890" lon="-120.6799840">
    <ele>716.5</ele>
    <time>2026-06-06T02:21:34Z</time>
   </trkpt>
   <trkpt lat="47.6192890" lon="-120.6799840">
    <ele>716.5</ele>
    <time>2026-06-06T02:21:35Z</time>
   </trkpt>
   <trkpt lat="47.6192890" lon="-120.6799840">
    <ele>716.5</ele>
    <time>2026-06-06T02:21:36Z</time>
   </trkpt>
   <trkpt lat="47.6192890" lon="-120.6799840">
    <ele>716.5</ele>
    <time>2026-06-06T02:21:37Z</time>
   </trkpt>
   <trkpt lat="47.6192890" lon="-120.6799840">
    <ele>716.5</ele>
    <time>2026-06-06T02:21:38Z</time>
   </trkpt>
   <trkpt lat="47.6192890" lon="-120.6799830">
    <ele>716.5</ele>
    <time>2026-06-06T02:21:39Z</time>
   </trkpt>
   <trkpt lat="47.6192890" lon="-120.6799830">
    <ele>716.5</ele>
    <time>2026-06-06T02:21:40Z</time>
   </trkpt>
   <trkpt lat="47.6192890" lon="-120.6799830">
    <ele>716.5</ele>
    <time>2026-06-06T02:21:41Z</time>
   </trkpt>
   <trkpt lat="47.6192900" lon="-120.6799830">
    <ele>716.5</ele>
    <time>2026-06-06T02:21:42Z</time>
   </trkpt>
   <trkpt lat="47.6192900" lon="-120.6799830">
    <ele>716.5</ele>
    <time>2026-06-06T02:21:43Z</time>
   </trkpt>
   <trkpt lat="47.6192900" lon="-120.6799830">
    <ele>716.5</ele>
    <time>2026-06-06T02:21:44Z</time>
   </trkpt>
   <trkpt lat="47.6192900" lon="-120.6799830">
    <ele>716.5</ele>
    <time>2026-06-06T02:21:45Z</time>
   </trkpt>
   <trkpt lat="47.6192900" lon="-120.6799830">
    <ele>716.5</ele>
    <time>2026-06-06T02:21:46Z</time>
   </trkpt>
   <trkpt lat="47.6192900" lon="-120.6799830">
    <ele>716.5</ele>
    <time>2026-06-06T02:21:47Z</time>
   </trkpt>
   <trkpt lat="47.6192900" lon="-120.6799830">
    <ele>716.5</ele>
    <time>2026-06-06T02:21:48Z</time>
   </trkpt>
   <trkpt lat="47.6192900" lon="-120.6799820">
    <ele>716.4</ele>
    <time>2026-06-06T02:21:49Z</time>
   </trkpt>
   <trkpt lat="47.6192910" lon="-120.6799820">
    <ele>716.4</ele>
    <time>2026-06-06T02:21:50Z</time>
   </trkpt>
   <trkpt lat="47.6192910" lon="-120.6799820">
    <ele>716.4</ele>
    <time>2026-06-06T02:21:51Z</time>
   </trkpt>
   <trkpt lat="47.6192910" lon="-120.6799820">
    <ele>716.4</ele>
    <time>2026-06-06T02:21:52Z</time>
   </trkpt>
   <trkpt lat="47.6192950" lon="-120.6799780">
    <ele>716.4</ele>
    <time>2026-06-06T02:21:53Z</time>
   </trkpt>
   <trkpt lat="47.6193050" lon="-120.6799720">
    <ele>716.3</ele>
    <time>2026-06-06T02:21:54Z</time>
   </trkpt>
   <trkpt lat="47.6193150" lon="-120.6799670">
    <ele>716.1</ele>
    <time>2026-06-06T02:21:55Z</time>
   </trkpt>
   <trkpt lat="47.6193260" lon="-120.6799560">
    <ele>716.0</ele>
    <time>2026-06-06T02:21:56Z</time>
   </trkpt>
   <trkpt lat="47.6193330" lon="-120.6799520">
    <ele>716.0</ele>
    <time>2026-06-06T02:21:57Z</time>
   </trkpt>
   <trkpt lat="47.6193460" lon="-120.6799410">
    <ele>716.0</ele>
    <time>2026-06-06T02:21:58Z</time>
   </trkpt>
   <trkpt lat="47.6193520" lon="-120.6799350">
    <ele>716.0</ele>
    <time>2026-06-06T02:21:59Z</time>
   </trkpt>
   <trkpt lat="47.6193540" lon="-120.6799360">
    <ele>716.0</ele>
    <time>2026-06-06T02:22:00Z</time>
   </trkpt>
   <trkpt lat="47.6193560" lon="-120.6799360">
    <ele>716.0</ele>
    <time>2026-06-06T02:22:01Z</time>
   </trkpt>
   <trkpt lat="47.6193570" lon="-120.6799360">
    <ele>716.0</ele>
    <time>2026-06-06T02:22:02Z</time>
   </trkpt>
   <trkpt lat="47.6193590" lon="-120.6799370">
    <ele>716.0</ele>
    <time>2026-06-06T02:22:03Z</time>
   </trkpt>
   <trkpt lat="47.6193610" lon="-120.6799370">
    <ele>716.0</ele>
    <time>2026-06-06T02:22:04Z</time>
   </trkpt>
   <trkpt lat="47.6193630" lon="-120.6799370">
    <ele>716.0</ele>
    <time>2026-06-06T02:22:05Z</time>
   </trkpt>
   <trkpt lat="47.6193650" lon="-120.6799380">
    <ele>716.0</ele>
    <time>2026-06-06T02:22:06Z</time>
   </trkpt>
   <trkpt lat="47.6193670" lon="-120.6799380">
    <ele>716.0</ele>
    <time>2026-06-06T02:22:07Z</time>
   </trkpt>
   <trkpt lat="47.6193690" lon="-120.6799380">
    <ele>716.0</ele>
    <time>2026-06-06T02:22:08Z</time>
   </trkpt>
   <trkpt lat="47.6193710" lon="-120.6799380">
    <ele>716.0</ele>
    <time>2026-06-06T02:22:09Z</time>
   </trkpt>
   <trkpt lat="47.6193720" lon="-120.6799390">
    <ele>716.0</ele>
    <time>2026-06-06T02:22:10Z</time>
   </trkpt>
   <trkpt lat="47.6193740" lon="-120.6799390">
    <ele>716.0</ele>
    <time>2026-06-06T02:22:11Z</time>
   </trkpt>
   <trkpt lat="47.6193760" lon="-120.6799390">
    <ele>716.0</ele>
    <time>2026-06-06T02:22:12Z</time>
   </trkpt>
   <trkpt lat="47.6193780" lon="-120.6799400">
    <ele>716.0</ele>
    <time>2026-06-06T02:22:13Z</time>
   </trkpt>
   <trkpt lat="47.6193800" lon="-120.6799400">
    <ele>716.0</ele>
    <time>2026-06-06T02:22:14Z</time>
   </trkpt>
   <trkpt lat="47.6193820" lon="-120.6799400">
    <ele>716.0</ele>
    <time>2026-06-06T02:22:15Z</time>
   </trkpt>
   <trkpt lat="47.6193840" lon="-120.6799410">
    <ele>716.0</ele>
    <time>2026-06-06T02:22:16Z</time>
   </trkpt>
   <trkpt lat="47.6193850" lon="-120.6799410">
    <ele>716.0</ele>
    <time>2026-06-06T02:22:17Z</time>
   </trkpt>
   <trkpt lat="47.6193870" lon="-120.6799410">
    <ele>716.0</ele>
    <time>2026-06-06T02:22:18Z</time>
   </trkpt>
   <trkpt lat="47.6193890" lon="-120.6799420">
    <ele>716.0</ele>
    <time>2026-06-06T02:22:19Z</time>
   </trkpt>
   <trkpt lat="47.6193910" lon="-120.6799420">
    <ele>716.0</ele>
    <time>2026-06-06T02:22:20Z</time>
   </trkpt>
   <trkpt lat="47.6194270" lon="-120.6799550">
    <ele>716.1</ele>
    <time>2026-06-06T02:22:21Z</time>
   </trkpt>
   <trkpt lat="47.6194360" lon="-120.6799610">
    <ele>716.1</ele>
    <time>2026-06-06T02:22:22Z</time>
   </trkpt>
   <trkpt lat="47.6194640" lon="-120.6800010">
    <ele>716.2</ele>
    <time>2026-06-06T02:22:23Z</time>
   </trkpt>
   <trkpt lat="47.6194740" lon="-120.6800160">
    <ele>716.2</ele>
    <time>2026-06-06T02:22:24Z</time>
   </trkpt>
   <trkpt lat="47.6194990" lon="-120.6800510">
    <ele>716.2</ele>
    <time>2026-06-06T02:22:25Z</time>
   </trkpt>
   <trkpt lat="47.6195230" lon="-120.6800990">
    <ele>716.3</ele>
    <time>2026-06-06T02:22:26Z</time>
   </trkpt>
   <trkpt lat="47.6195470" lon="-120.6801500">
    <ele>716.4</ele>
    <time>2026-06-06T02:22:27Z</time>
   </trkpt>
   <trkpt lat="47.6195670" lon="-120.6802020">
    <ele>716.5</ele>
    <time>2026-06-06T02:22:28Z</time>
   </trkpt>
   <trkpt lat="47.6195870" lon="-120.6802440">
    <ele>716.6</ele>
    <time>2026-06-06T02:22:29Z</time>
   </trkpt>
   <trkpt lat="47.6196130" lon="-120.6802840">
    <ele>716.6</ele>
    <time>2026-06-06T02:22:30Z</time>
   </trkpt>
   <trkpt lat="47.6196310" lon="-120.6803250">
    <ele>716.7</ele>
    <time>2026-06-06T02:22:31Z</time>
   </trkpt>
   <trkpt lat="47.6196470" lon="-120.6803670">
    <ele>716.7</ele>
    <time>2026-06-06T02:22:32Z</time>
   </trkpt>
   <trkpt lat="47.6196680" lon="-120.6804150">
    <ele>716.8</ele>
    <time>2026-06-06T02:22:33Z</time>
   </trkpt>
   <trkpt lat="47.6196920" lon="-120.6804610">
    <ele>716.9</ele>
    <time>2026-06-06T02:22:34Z</time>
   </trkpt>
   <trkpt lat="47.6197190" lon="-120.6805110">
    <ele>716.9</ele>
    <time>2026-06-06T02:22:35Z</time>
   </trkpt>
   <trkpt lat="47.6197470" lon="-120.6805680">
    <ele>717.0</ele>
    <time>2026-06-06T02:22:36Z</time>
   </trkpt>
   <trkpt lat="47.6197740" lon="-120.6806250">
    <ele>717.0</ele>
    <time>2026-06-06T02:22:37Z</time>
   </trkpt>
   <trkpt lat="47.6197980" lon="-120.6806870">
    <ele>717.1</ele>
    <time>2026-06-06T02:22:38Z</time>
   </trkpt>
   <trkpt lat="47.6198200" lon="-120.6807440">
    <ele>717.1</ele>
    <time>2026-06-06T02:22:39Z</time>
   </trkpt>
   <trkpt lat="47.6198380" lon="-120.6808050">
    <ele>717.1</ele>
    <time>2026-06-06T02:22:40Z</time>
   </trkpt>
   <trkpt lat="47.6198440" lon="-120.6808580">
    <ele>717.2</ele>
    <time>2026-06-06T02:22:41Z</time>
   </trkpt>
   <trkpt lat="47.6198500" lon="-120.6809130">
    <ele>717.2</ele>
    <time>2026-06-06T02:22:42Z</time>
   </trkpt>
   <trkpt lat="47.6198570" lon="-120.6809620">
    <ele>717.3</ele>
    <time>2026-06-06T02:22:43Z</time>
   </trkpt>
   <trkpt lat="47.6198730" lon="-120.6810110">
    <ele>717.3</ele>
    <time>2026-06-06T02:22:44Z</time>
   </trkpt>
   <trkpt lat="47.6198880" lon="-120.6810700">
    <ele>717.4</ele>
    <time>2026-06-06T02:22:45Z</time>
   </trkpt>
   <trkpt lat="47.6199060" lon="-120.6811380">
    <ele>717.4</ele>
    <time>2026-06-06T02:22:46Z</time>
   </trkpt>
   <trkpt lat="47.6199210" lon="-120.6812030">
    <ele>717.5</ele>
    <time>2026-06-06T02:22:47Z</time>
   </trkpt>
   <trkpt lat="47.6199300" lon="-120.6812640">
    <ele>717.5</ele>
    <time>2026-06-06T02:22:48Z</time>
   </trkpt>
   <trkpt lat="47.6199420" lon="-120.6813290">
    <ele>717.6</ele>
    <time>2026-06-06T02:22:49Z</time>
   </trkpt>
   <trkpt lat="47.6199530" lon="-120.6813940">
    <ele>717.6</ele>
    <time>2026-06-06T02:22:50Z</time>
   </trkpt>
   <trkpt lat="47.6199610" lon="-120.6814610">
    <ele>717.7</ele>
    <time>2026-06-06T02:22:51Z</time>
   </trkpt>
   <trkpt lat="47.6199650" lon="-120.6815130">
    <ele>717.7</ele>
    <time>2026-06-06T02:22:52Z</time>
   </trkpt>
   <trkpt lat="47.6199650" lon="-120.6815740">
    <ele>717.8</ele>
    <time>2026-06-06T02:22:53Z</time>
   </trkpt>
   <trkpt lat="47.6199630" lon="-120.6816000">
    <ele>717.8</ele>
    <time>2026-06-06T02:22:54Z</time>
   </trkpt>
   <trkpt lat="47.6199570" lon="-120.6816530">
    <ele>717.8</ele>
    <time>2026-06-06T02:22:55Z</time>
   </trkpt>
   <trkpt lat="47.6199560" lon="-120.6817100">
    <ele>717.9</ele>
    <time>2026-06-06T02:22:56Z</time>
   </trkpt>
   <trkpt lat="47.6199650" lon="-120.6817680">
    <ele>718.0</ele>
    <time>2026-06-06T02:22:57Z</time>
   </trkpt>
   <trkpt lat="47.6199770" lon="-120.6818140">
    <ele>718.0</ele>
    <time>2026-06-06T02:22:58Z</time>
   </trkpt>
   <trkpt lat="47.6199920" lon="-120.6818690">
    <ele>718.1</ele>
    <time>2026-06-06T02:22:59Z</time>
   </trkpt>
   <trkpt lat="47.6200330" lon="-120.6819240">
    <ele>718.3</ele>
    <time>2026-06-06T02:23:00Z</time>
   </trkpt>
   <trkpt lat="47.6200790" lon="-120.6819600">
    <ele>718.5</ele>
    <time>2026-06-06T02:23:01Z</time>
   </trkpt>
   <trkpt lat="47.6201170" lon="-120.6819810">
    <ele>718.6</ele>
    <time>2026-06-06T02:23:02Z</time>
   </trkpt>
   <trkpt lat="47.6201530" lon="-120.6820080">
    <ele>718.9</ele>
    <time>2026-06-06T02:23:03Z</time>
   </trkpt>
   <trkpt lat="47.6201650" lon="-120.6820190">
    <ele>718.9</ele>
    <time>2026-06-06T02:23:04Z</time>
   </trkpt>
   <trkpt lat="47.6201930" lon="-120.6820460">
    <ele>719.2</ele>
    <time>2026-06-06T02:23:05Z</time>
   </trkpt>
   <trkpt lat="47.6202250" lon="-120.6820690">
    <ele>719.4</ele>
    <time>2026-06-06T02:23:06Z</time>
   </trkpt>
   <trkpt lat="47.6202360" lon="-120.6820750">
    <ele>719.5</ele>
    <time>2026-06-06T02:23:07Z</time>
   </trkpt>
   <trkpt lat="47.6202660" lon="-120.6820960">
    <ele>719.8</ele>
    <time>2026-06-06T02:23:08Z</time>
   </trkpt>
   <trkpt lat="47.6203030" lon="-120.6821210">
    <ele>720.1</ele>
    <time>2026-06-06T02:23:09Z</time>
   </trkpt>
   <trkpt lat="47.6203420" lon="-120.6821400">
    <ele>720.4</ele>
    <time>2026-06-06T02:23:10Z</time>
   </trkpt>
   <trkpt lat="47.6203820" lon="-120.6821500">
    <ele>720.8</ele>
    <time>2026-06-06T02:23:11Z</time>
   </trkpt>
   <trkpt lat="47.6204190" lon="-120.6821550">
    <ele>721.0</ele>
    <time>2026-06-06T02:23:12Z</time>
   </trkpt>
   <trkpt lat="47.6204490" lon="-120.6821660">
    <ele>721.3</ele>
    <time>2026-06-06T02:23:13Z</time>
   </trkpt>
   <trkpt lat="47.6204800" lon="-120.6821770">
    <ele>721.5</ele>
    <time>2026-06-06T02:23:14Z</time>
   </trkpt>
   <trkpt lat="47.6205090" lon="-120.6821850">
    <ele>721.7</ele>
    <time>2026-06-06T02:23:15Z</time>
   </trkpt>
   <trkpt lat="47.6205410" lon="-120.6821800">
    <ele>721.9</ele>
    <time>2026-06-06T02:23:16Z</time>
   </trkpt>
   <trkpt lat="47.6205690" lon="-120.6821700">
    <ele>722.1</ele>
    <time>2026-06-06T02:23:17Z</time>
   </trkpt>
   <trkpt lat="47.6206010" lon="-120.6821460">
    <ele>722.3</ele>
    <time>2026-06-06T02:23:18Z</time>
   </trkpt>
   <trkpt lat="47.6206100" lon="-120.6821350">
    <ele>722.3</ele>
    <time>2026-06-06T02:23:19Z</time>
   </trkpt>
   <trkpt lat="47.6206420" lon="-120.6820990">
    <ele>722.5</ele>
    <time>2026-06-06T02:23:20Z</time>
   </trkpt>
   <trkpt lat="47.6206520" lon="-120.6820850">
    <ele>722.5</ele>
    <time>2026-06-06T02:23:21Z</time>
   </trkpt>
   <trkpt lat="47.6206740" lon="-120.6820380">
    <ele>722.7</ele>
    <time>2026-06-06T02:23:22Z</time>
   </trkpt>
   <trkpt lat="47.6206760" lon="-120.6820170">
    <ele>722.7</ele>
    <time>2026-06-06T02:23:23Z</time>
   </trkpt>
   <trkpt lat="47.6206850" lon="-120.6819760">
    <ele>722.8</ele>
    <time>2026-06-06T02:23:24Z</time>
   </trkpt>
   <trkpt lat="47.6207030" lon="-120.6819160">
    <ele>722.9</ele>
    <time>2026-06-06T02:23:25Z</time>
   </trkpt>
   <trkpt lat="47.6207230" lon="-120.6818840">
    <ele>723.0</ele>
    <time>2026-06-06T02:23:26Z</time>
   </trkpt>
   <trkpt lat="47.6207480" lon="-120.6818520">
    <ele>723.1</ele>
    <time>2026-06-06T02:23:27Z</time>
   </trkpt>
   <trkpt lat="47.6207850" lon="-120.6818330">
    <ele>723.1</ele>
    <time>2026-06-06T02:23:28Z</time>
   </trkpt>
   <trkpt lat="47.6207990" lon="-120.6818310">
    <ele>723.2</ele>
    <time>2026-06-06T02:23:29Z</time>
   </trkpt>
   <trkpt lat="47.6208300" lon="-120.6818380">
    <ele>723.2</ele>
    <time>2026-06-06T02:23:30Z</time>
   </trkpt>
   <trkpt lat="47.6208600" lon="-120.6818440">
    <ele>723.3</ele>
    <time>2026-06-06T02:23:31Z</time>
   </trkpt>
   <trkpt lat="47.6208900" lon="-120.6818620">
    <ele>723.3</ele>
    <time>2026-06-06T02:23:32Z</time>
   </trkpt>
   <trkpt lat="47.6209230" lon="-120.6818850">
    <ele>723.4</ele>
    <time>2026-06-06T02:23:33Z</time>
   </trkpt>
   <trkpt lat="47.6209330" lon="-120.6818940">
    <ele>723.4</ele>
    <time>2026-06-06T02:23:34Z</time>
   </trkpt>
   <trkpt lat="47.6209590" lon="-120.6819080">
    <ele>723.4</ele>
    <time>2026-06-06T02:23:35Z</time>
   </trkpt>
   <trkpt lat="47.6209900" lon="-120.6819090">
    <ele>723.5</ele>
    <time>2026-06-06T02:23:36Z</time>
   </trkpt>
   <trkpt lat="47.6210270" lon="-120.6818900">
    <ele>723.5</ele>
    <time>2026-06-06T02:23:37Z</time>
   </trkpt>
   <trkpt lat="47.6210530" lon="-120.6818720">
    <ele>723.6</ele>
    <time>2026-06-06T02:23:38Z</time>
   </trkpt>
   <trkpt lat="47.6210670" lon="-120.6818540">
    <ele>723.6</ele>
    <time>2026-06-06T02:23:39Z</time>
   </trkpt>
   <trkpt lat="47.6210790" lon="-120.6818410">
    <ele>723.7</ele>
    <time>2026-06-06T02:23:40Z</time>
   </trkpt>
   <trkpt lat="47.6210880" lon="-120.6818270">
    <ele>723.7</ele>
    <time>2026-06-06T02:23:41Z</time>
   </trkpt>
   <trkpt lat="47.6211010" lon="-120.6818050">
    <ele>723.8</ele>
    <time>2026-06-06T02:23:42Z</time>
   </trkpt>
   <trkpt lat="47.6211280" lon="-120.6817850">
    <ele>723.9</ele>
    <time>2026-06-06T02:23:43Z</time>
   </trkpt>
   <trkpt lat="47.6211380" lon="-120.6817800">
    <ele>723.9</ele>
    <time>2026-06-06T02:23:44Z</time>
   </trkpt>
   <trkpt lat="47.6211730" lon="-120.6817680">
    <ele>724.1</ele>
    <time>2026-06-06T02:23:45Z</time>
   </trkpt>
   <trkpt lat="47.6211840" lon="-120.6817640">
    <ele>724.1</ele>
    <time>2026-06-06T02:23:46Z</time>
   </trkpt>
   <trkpt lat="47.6212100" lon="-120.6817460">
    <ele>724.2</ele>
    <time>2026-06-06T02:23:47Z</time>
   </trkpt>
   <trkpt lat="47.6212420" lon="-120.6817350">
    <ele>724.4</ele>
    <time>2026-06-06T02:23:48Z</time>
   </trkpt>
   <trkpt lat="47.6212790" lon="-120.6817140">
    <ele>724.5</ele>
    <time>2026-06-06T02:23:49Z</time>
   </trkpt>
   <trkpt lat="47.6213290" lon="-120.6816820">
    <ele>724.7</ele>
    <time>2026-06-06T02:23:50Z</time>
   </trkpt>
   <trkpt lat="47.6213780" lon="-120.6816430">
    <ele>724.8</ele>
    <time>2026-06-06T02:23:51Z</time>
   </trkpt>
   <trkpt lat="47.6214220" lon="-120.6815950">
    <ele>725.0</ele>
    <time>2026-06-06T02:23:52Z</time>
   </trkpt>
   <trkpt lat="47.6214520" lon="-120.6815270">
    <ele>725.1</ele>
    <time>2026-06-06T02:23:53Z</time>
   </trkpt>
   <trkpt lat="47.6214700" lon="-120.6814430">
    <ele>725.3</ele>
    <time>2026-06-06T02:23:54Z</time>
   </trkpt>
   <trkpt lat="47.6214760" lon="-120.6813630">
    <ele>725.5</ele>
    <time>2026-06-06T02:23:55Z</time>
   </trkpt>
   <trkpt lat="47.6214850" lon="-120.6812880">
    <ele>725.7</ele>
    <time>2026-06-06T02:23:56Z</time>
   </trkpt>
   <trkpt lat="47.6214930" lon="-120.6812210">
    <ele>725.8</ele>
    <time>2026-06-06T02:23:57Z</time>
   </trkpt>
   <trkpt lat="47.6214890" lon="-120.6811690">
    <ele>726.0</ele>
    <time>2026-06-06T02:23:58Z</time>
   </trkpt>
   <trkpt lat="47.6214830" lon="-120.6811080">
    <ele>726.1</ele>
    <time>2026-06-06T02:23:59Z</time>
   </trkpt>
   <trkpt lat="47.6214810" lon="-120.6810860">
    <ele>726.1</ele>
    <time>2026-06-06T02:24:00Z</time>
   </trkpt>
   <trkpt lat="47.6214790" lon="-120.6810260">
    <ele>726.2</ele>
    <time>2026-06-06T02:24:01Z</time>
   </trkpt>
   <trkpt lat="47.6214690" lon="-120.6809690">
    <ele>726.3</ele>
    <time>2026-06-06T02:24:02Z</time>
   </trkpt>
   <trkpt lat="47.6214480" lon="-120.6809200">
    <ele>726.4</ele>
    <time>2026-06-06T02:24:03Z</time>
   </trkpt>
   <trkpt lat="47.6214250" lon="-120.6808860">
    <ele>726.5</ele>
    <time>2026-06-06T02:24:04Z</time>
   </trkpt>
   <trkpt lat="47.6214080" lon="-120.6808330">
    <ele>726.5</ele>
    <time>2026-06-06T02:24:05Z</time>
   </trkpt>
   <trkpt lat="47.6213890" lon="-120.6807830">
    <ele>726.6</ele>
    <time>2026-06-06T02:24:06Z</time>
   </trkpt>
   <trkpt lat="47.6213790" lon="-120.6807380">
    <ele>726.6</ele>
    <time>2026-06-06T02:24:07Z</time>
   </trkpt>
   <trkpt lat="47.6213800" lon="-120.6806890">
    <ele>726.6</ele>
    <time>2026-06-06T02:24:08Z</time>
   </trkpt>
   <trkpt lat="47.6213890" lon="-120.6806480">
    <ele>726.6</ele>
    <time>2026-06-06T02:24:09Z</time>
   </trkpt>
   <trkpt lat="47.6213910" lon="-120.6806030">
    <ele>726.6</ele>
    <time>2026-06-06T02:24:10Z</time>
   </trkpt>
   <trkpt lat="47.6213880" lon="-120.6805590">
    <ele>726.6</ele>
    <time>2026-06-06T02:24:11Z</time>
   </trkpt>
   <trkpt lat="47.6213840" lon="-120.6805130">
    <ele>726.7</ele>
    <time>2026-06-06T02:24:12Z</time>
   </trkpt>
   <trkpt lat="47.6213730" lon="-120.6804680">
    <ele>726.7</ele>
    <time>2026-06-06T02:24:13Z</time>
   </trkpt>
   <trkpt lat="47.6213670" lon="-120.6804240">
    <ele>726.6</ele>
    <time>2026-06-06T02:24:14Z</time>
   </trkpt>
   <trkpt lat="47.6213710" lon="-120.6803830">
    <ele>726.6</ele>
    <time>2026-06-06T02:24:15Z</time>
   </trkpt>
   <trkpt lat="47.6213760" lon="-120.6803420">
    <ele>726.6</ele>
    <time>2026-06-06T02:24:16Z</time>
   </trkpt>
   <trkpt lat="47.6213840" lon="-120.6803010">
    <ele>726.6</ele>
    <time>2026-06-06T02:24:17Z</time>
   </trkpt>
   <trkpt lat="47.6214070" lon="-120.6802610">
    <ele>726.5</ele>
    <time>2026-06-06T02:24:18Z</time>
   </trkpt>
   <trkpt lat="47.6214380" lon="-120.6802570">
    <ele>726.4</ele>
    <time>2026-06-06T02:24:19Z</time>
   </trkpt>
   <trkpt lat="47.6214700" lon="-120.6802520">
    <ele>726.4</ele>
    <time>2026-06-06T02:24:20Z</time>
   </trkpt>
   <trkpt lat="47.6214990" lon="-120.6802430">
    <ele>726.3</ele>
    <time>2026-06-06T02:24:21Z</time>
   </trkpt>
   <trkpt lat="47.6215260" lon="-120.6802300">
    <ele>726.2</ele>
    <time>2026-06-06T02:24:22Z</time>
   </trkpt>
   <trkpt lat="47.6215540" lon="-120.6802160">
    <ele>726.2</ele>
    <time>2026-06-06T02:24:23Z</time>
   </trkpt>
   <trkpt lat="47.6215900" lon="-120.6801930">
    <ele>726.1</ele>
    <time>2026-06-06T02:24:24Z</time>
   </trkpt>
   <trkpt lat="47.6216200" lon="-120.6801760">
    <ele>726.1</ele>
    <time>2026-06-06T02:24:25Z</time>
   </trkpt>
   <trkpt lat="47.6216490" lon="-120.6801670">
    <ele>726.0</ele>
    <time>2026-06-06T02:24:26Z</time>
   </trkpt>
   <trkpt lat="47.6216790" lon="-120.6801570">
    <ele>726.0</ele>
    <time>2026-06-06T02:24:27Z</time>
   </trkpt>
   <trkpt lat="47.6217100" lon="-120.6801430">
    <ele>725.9</ele>
    <time>2026-06-06T02:24:28Z</time>
   </trkpt>
   <trkpt lat="47.6217450" lon="-120.6801310">
    <ele>725.9</ele>
    <time>2026-06-06T02:24:29Z</time>
   </trkpt>
   <trkpt lat="47.6217890" lon="-120.6801040">
    <ele>725.8</ele>
    <time>2026-06-06T02:24:30Z</time>
   </trkpt>
   <trkpt lat="47.6218230" lon="-120.6800580">
    <ele>725.8</ele>
    <time>2026-06-06T02:24:31Z</time>
   </trkpt>
   <trkpt lat="47.6218550" lon="-120.6800090">
    <ele>725.7</ele>
    <time>2026-06-06T02:24:32Z</time>
   </trkpt>
   <trkpt lat="47.6218850" lon="-120.6799790">
    <ele>725.7</ele>
    <time>2026-06-06T02:24:33Z</time>
   </trkpt>
   <trkpt lat="47.6219190" lon="-120.6799630">
    <ele>725.6</ele>
    <time>2026-06-06T02:24:34Z</time>
   </trkpt>
   <trkpt lat="47.6219560" lon="-120.6799560">
    <ele>725.6</ele>
    <time>2026-06-06T02:24:35Z</time>
   </trkpt>
   <trkpt lat="47.6220040" lon="-120.6799550">
    <ele>725.5</ele>
    <time>2026-06-06T02:24:36Z</time>
   </trkpt>
   <trkpt lat="47.6220530" lon="-120.6799430">
    <ele>725.5</ele>
    <time>2026-06-06T02:24:37Z</time>
   </trkpt>
   <trkpt lat="47.6221020" lon="-120.6799200">
    <ele>725.4</ele>
    <time>2026-06-06T02:24:38Z</time>
   </trkpt>
   <trkpt lat="47.6221510" lon="-120.6798910">
    <ele>725.3</ele>
    <time>2026-06-06T02:24:39Z</time>
   </trkpt>
   <trkpt lat="47.6221990" lon="-120.6798580">
    <ele>725.3</ele>
    <time>2026-06-06T02:24:40Z</time>
   </trkpt>
   <trkpt lat="47.6222500" lon="-120.6798290">
    <ele>725.3</ele>
    <time>2026-06-06T02:24:41Z</time>
   </trkpt>
   <trkpt lat="47.6222920" lon="-120.6798060">
    <ele>725.4</ele>
    <time>2026-06-06T02:24:42Z</time>
   </trkpt>
   <trkpt lat="47.6223340" lon="-120.6797800">
    <ele>725.5</ele>
    <time>2026-06-06T02:24:43Z</time>
   </trkpt>
   <trkpt lat="47.6223740" lon="-120.6797500">
    <ele>725.7</ele>
    <time>2026-06-06T02:24:44Z</time>
   </trkpt>
   <trkpt lat="47.6224120" lon="-120.6797260">
    <ele>725.9</ele>
    <time>2026-06-06T02:24:45Z</time>
   </trkpt>
   <trkpt lat="47.6224400" lon="-120.6796980">
    <ele>726.1</ele>
    <time>2026-06-06T02:24:46Z</time>
   </trkpt>
   <trkpt lat="47.6224650" lon="-120.6796590">
    <ele>726.4</ele>
    <time>2026-06-06T02:24:47Z</time>
   </trkpt>
   <trkpt lat="47.6224940" lon="-120.6796140">
    <ele>726.6</ele>
    <time>2026-06-06T02:24:48Z</time>
   </trkpt>
   <trkpt lat="47.6225030" lon="-120.6795420">
    <ele>726.9</ele>
    <time>2026-06-06T02:24:49Z</time>
   </trkpt>
   <trkpt lat="47.6225090" lon="-120.6794790">
    <ele>727.1</ele>
    <time>2026-06-06T02:24:50Z</time>
   </trkpt>
   <trkpt lat="47.6225180" lon="-120.6794280">
    <ele>727.3</ele>
    <time>2026-06-06T02:24:51Z</time>
   </trkpt>
   <trkpt lat="47.6225280" lon="-120.6793760">
    <ele>727.4</ele>
    <time>2026-06-06T02:24:52Z</time>
   </trkpt>
   <trkpt lat="47.6225360" lon="-120.6793240">
    <ele>727.5</ele>
    <time>2026-06-06T02:24:53Z</time>
   </trkpt>
   <trkpt lat="47.6225340" lon="-120.6792680">
    <ele>727.7</ele>
    <time>2026-06-06T02:24:54Z</time>
   </trkpt>
   <trkpt lat="47.6225260" lon="-120.6792130">
    <ele>727.8</ele>
    <time>2026-06-06T02:24:55Z</time>
   </trkpt>
   <trkpt lat="47.6225020" lon="-120.6791580">
    <ele>728.0</ele>
    <time>2026-06-06T02:24:56Z</time>
   </trkpt>
   <trkpt lat="47.6224740" lon="-120.6791100">
    <ele>728.1</ele>
    <time>2026-06-06T02:24:57Z</time>
   </trkpt>
   <trkpt lat="47.6224450" lon="-120.6790720">
    <ele>728.3</ele>
    <time>2026-06-06T02:24:58Z</time>
   </trkpt>
   <trkpt lat="47.6224170" lon="-120.6790370">
    <ele>728.4</ele>
    <time>2026-06-06T02:24:59Z</time>
   </trkpt>
   <trkpt lat="47.6223880" lon="-120.6790010">
    <ele>728.6</ele>
    <time>2026-06-06T02:25:00Z</time>
   </trkpt>
   <trkpt lat="47.6223650" lon="-120.6789620">
    <ele>728.6</ele>
    <time>2026-06-06T02:25:01Z</time>
   </trkpt>
   <trkpt lat="47.6223450" lon="-120.6789190">
    <ele>728.7</ele>
    <time>2026-06-06T02:25:02Z</time>
   </trkpt>
   <trkpt lat="47.6223260" lon="-120.6788770">
    <ele>728.6</ele>
    <time>2026-06-06T02:25:03Z</time>
   </trkpt>
   <trkpt lat="47.6223150" lon="-120.6788350">
    <ele>728.6</ele>
    <time>2026-06-06T02:25:04Z</time>
   </trkpt>
   <trkpt lat="47.6223080" lon="-120.6787900">
    <ele>728.5</ele>
    <time>2026-06-06T02:25:05Z</time>
   </trkpt>
   <trkpt lat="47.6223030" lon="-120.6787460">
    <ele>728.4</ele>
    <time>2026-06-06T02:25:06Z</time>
   </trkpt>
   <trkpt lat="47.6222960" lon="-120.6786970">
    <ele>728.2</ele>
    <time>2026-06-06T02:25:07Z</time>
   </trkpt>
   <trkpt lat="47.6222970" lon="-120.6786420">
    <ele>728.1</ele>
    <time>2026-06-06T02:25:08Z</time>
   </trkpt>
   <trkpt lat="47.6222880" lon="-120.6785490">
    <ele>728.0</ele>
    <time>2026-06-06T02:25:09Z</time>
   </trkpt>
   <trkpt lat="47.6222940" lon="-120.6784880">
    <ele>728.0</ele>
    <time>2026-06-06T02:25:10Z</time>
   </trkpt>
   <trkpt lat="47.6222920" lon="-120.6784250">
    <ele>728.0</ele>
    <time>2026-06-06T02:25:11Z</time>
   </trkpt>
   <trkpt lat="47.6222840" lon="-120.6783650">
    <ele>728.1</ele>
    <time>2026-06-06T02:25:12Z</time>
   </trkpt>
   <trkpt lat="47.6222700" lon="-120.6783070">
    <ele>728.3</ele>
    <time>2026-06-06T02:25:13Z</time>
   </trkpt>
   <trkpt lat="47.6222450" lon="-120.6782820">
    <ele>728.4</ele>
    <time>2026-06-06T02:25:14Z</time>
   </trkpt>
   <trkpt lat="47.6222150" lon="-120.6782600">
    <ele>728.5</ele>
    <time>2026-06-06T02:25:15Z</time>
   </trkpt>
   <trkpt lat="47.6221810" lon="-120.6782490">
    <ele>728.6</ele>
    <time>2026-06-06T02:25:16Z</time>
   </trkpt>
   <trkpt lat="47.6221450" lon="-120.6782350">
    <ele>728.8</ele>
    <time>2026-06-06T02:25:17Z</time>
   </trkpt>
   <trkpt lat="47.6221110" lon="-120.6782170">
    <ele>728.9</ele>
    <time>2026-06-06T02:25:18Z</time>
   </trkpt>
   <trkpt lat="47.6220850" lon="-120.6781940">
    <ele>729.0</ele>
    <time>2026-06-06T02:25:19Z</time>
   </trkpt>
   <trkpt lat="47.6220610" lon="-120.6781630">
    <ele>729.2</ele>
    <time>2026-06-06T02:25:20Z</time>
   </trkpt>
   <trkpt lat="47.6220400" lon="-120.6781290">
    <ele>729.3</ele>
    <time>2026-06-06T02:25:21Z</time>
   </trkpt>
   <trkpt lat="47.6220310" lon="-120.6780900">
    <ele>729.5</ele>
    <time>2026-06-06T02:25:22Z</time>
   </trkpt>
   <trkpt lat="47.6220320" lon="-120.6780460">
    <ele>729.6</ele>
    <time>2026-06-06T02:25:23Z</time>
   </trkpt>
   <trkpt lat="47.6220480" lon="-120.6779950">
    <ele>729.9</ele>
    <time>2026-06-06T02:25:24Z</time>
   </trkpt>
   <trkpt lat="47.6220590" lon="-120.6779810">
    <ele>730.0</ele>
    <time>2026-06-06T02:25:25Z</time>
   </trkpt>
   <trkpt lat="47.6220910" lon="-120.6779440">
    <ele>730.3</ele>
    <time>2026-06-06T02:25:26Z</time>
   </trkpt>
   <trkpt lat="47.6221020" lon="-120.6779320">
    <ele>730.4</ele>
    <time>2026-06-06T02:25:27Z</time>
   </trkpt>
   <trkpt lat="47.6221300" lon="-120.6779030">
    <ele>730.6</ele>
    <time>2026-06-06T02:25:28Z</time>
   </trkpt>
   <trkpt lat="47.6221560" lon="-120.6778810">
    <ele>730.9</ele>
    <time>2026-06-06T02:25:29Z</time>
   </trkpt>
   <trkpt lat="47.6221810" lon="-120.6778550">
    <ele>731.1</ele>
    <time>2026-06-06T02:25:30Z</time>
   </trkpt>
   <trkpt lat="47.6222020" lon="-120.6778210">
    <ele>731.4</ele>
    <time>2026-06-06T02:25:31Z</time>
   </trkpt>
   <trkpt lat="47.6222240" lon="-120.6777930">
    <ele>731.7</ele>
    <time>2026-06-06T02:25:32Z</time>
   </trkpt>
   <trkpt lat="47.6222450" lon="-120.6777650">
    <ele>731.9</ele>
    <time>2026-06-06T02:25:33Z</time>
   </trkpt>
   <trkpt lat="47.6222630" lon="-120.6777260">
    <ele>732.3</ele>
    <time>2026-06-06T02:25:34Z</time>
   </trkpt>
   <trkpt lat="47.6222840" lon="-120.6777000">
    <ele>732.5</ele>
    <time>2026-06-06T02:25:35Z</time>
   </trkpt>
   <trkpt lat="47.6223130" lon="-120.6776630">
    <ele>732.9</ele>
    <time>2026-06-06T02:25:36Z</time>
   </trkpt>
   <trkpt lat="47.6223230" lon="-120.6776490">
    <ele>733.0</ele>
    <time>2026-06-06T02:25:37Z</time>
   </trkpt>
   <trkpt lat="47.6223480" lon="-120.6776050">
    <ele>733.4</ele>
    <time>2026-06-06T02:25:38Z</time>
   </trkpt>
   <trkpt lat="47.6223540" lon="-120.6775880">
    <ele>733.5</ele>
    <time>2026-06-06T02:25:39Z</time>
   </trkpt>
   <trkpt lat="47.6223620" lon="-120.6775290">
    <ele>733.9</ele>
    <time>2026-06-06T02:25:40Z</time>
   </trkpt>
   <trkpt lat="47.6223640" lon="-120.6775090">
    <ele>734.0</ele>
    <time>2026-06-06T02:25:41Z</time>
   </trkpt>
   <trkpt lat="47.6223650" lon="-120.6774600">
    <ele>734.3</ele>
    <time>2026-06-06T02:25:42Z</time>
   </trkpt>
   <trkpt lat="47.6223590" lon="-120.6774130">
    <ele>734.6</ele>
    <time>2026-06-06T02:25:43Z</time>
   </trkpt>
   <trkpt lat="47.6223500" lon="-120.6773680">
    <ele>734.9</ele>
    <time>2026-06-06T02:25:44Z</time>
   </trkpt>
   <trkpt lat="47.6223430" lon="-120.6773270">
    <ele>735.1</ele>
    <time>2026-06-06T02:25:45Z</time>
   </trkpt>
   <trkpt lat="47.6223400" lon="-120.6772730">
    <ele>735.4</ele>
    <time>2026-06-06T02:25:46Z</time>
   </trkpt>
   <trkpt lat="47.6223400" lon="-120.6772540">
    <ele>735.5</ele>
    <time>2026-06-06T02:25:47Z</time>
   </trkpt>
   <trkpt lat="47.6223360" lon="-120.6772080">
    <ele>735.8</ele>
    <time>2026-06-06T02:25:48Z</time>
   </trkpt>
   <trkpt lat="47.6223340" lon="-120.6771920">
    <ele>735.8</ele>
    <time>2026-06-06T02:25:49Z</time>
   </trkpt>
   <trkpt lat="47.6223340" lon="-120.6771460">
    <ele>736.1</ele>
    <time>2026-06-06T02:25:50Z</time>
   </trkpt>
   <trkpt lat="47.6223340" lon="-120.6771310">
    <ele>736.1</ele>
    <time>2026-06-06T02:25:51Z</time>
   </trkpt>
   <trkpt lat="47.6223430" lon="-120.6770890">
    <ele>736.3</ele>
    <time>2026-06-06T02:25:52Z</time>
   </trkpt>
   <trkpt lat="47.6223500" lon="-120.6770760">
    <ele>736.4</ele>
    <time>2026-06-06T02:25:53Z</time>
   </trkpt>
   <trkpt lat="47.6223650" lon="-120.6770370">
    <ele>736.6</ele>
    <time>2026-06-06T02:25:54Z</time>
   </trkpt>
   <trkpt lat="47.6223690" lon="-120.6770240">
    <ele>736.7</ele>
    <time>2026-06-06T02:25:55Z</time>
   </trkpt>
   <trkpt lat="47.6223760" lon="-120.6770010">
    <ele>736.8</ele>
    <time>2026-06-06T02:25:56Z</time>
   </trkpt>
   <trkpt lat="47.6223830" lon="-120.6769800">
    <ele>736.9</ele>
    <time>2026-06-06T02:25:57Z</time>
   </trkpt>
   <trkpt lat="47.6223850" lon="-120.6769670">
    <ele>737.0</ele>
    <time>2026-06-06T02:25:58Z</time>
   </trkpt>
   <trkpt lat="47.6223930" lon="-120.6769560">
    <ele>737.0</ele>
    <time>2026-06-06T02:25:59Z</time>
   </trkpt>
   <trkpt lat="47.6223970" lon="-120.6769420">
    <ele>737.1</ele>
    <time>2026-06-06T02:26:00Z</time>
   </trkpt>
   <trkpt lat="47.6224030" lon="-120.6769320">
    <ele>737.2</ele>
    <time>2026-06-06T02:26:01Z</time>
   </trkpt>
   <trkpt lat="47.6224120" lon="-120.6769220">
    <ele>737.3</ele>
    <time>2026-06-06T02:26:02Z</time>
   </trkpt>
   <trkpt lat="47.6224270" lon="-120.6769180">
    <ele>737.4</ele>
    <time>2026-06-06T02:26:03Z</time>
   </trkpt>
   <trkpt lat="47.6224420" lon="-120.6769130">
    <ele>737.5</ele>
    <time>2026-06-06T02:26:04Z</time>
   </trkpt>
   <trkpt lat="47.6224580" lon="-120.6769060">
    <ele>737.6</ele>
    <time>2026-06-06T02:26:05Z</time>
   </trkpt>
   <trkpt lat="47.6224740" lon="-120.6768980">
    <ele>737.7</ele>
    <time>2026-06-06T02:26:06Z</time>
   </trkpt>
   <trkpt lat="47.6224910" lon="-120.6768870">
    <ele>737.9</ele>
    <time>2026-06-06T02:26:07Z</time>
   </trkpt>
   <trkpt lat="47.6225150" lon="-120.6768630">
    <ele>738.1</ele>
    <time>2026-06-06T02:26:08Z</time>
   </trkpt>
   <trkpt lat="47.6225230" lon="-120.6768550">
    <ele>738.2</ele>
    <time>2026-06-06T02:26:09Z</time>
   </trkpt>
   <trkpt lat="47.6225470" lon="-120.6768290">
    <ele>738.5</ele>
    <time>2026-06-06T02:26:10Z</time>
   </trkpt>
   <trkpt lat="47.6225560" lon="-120.6768200">
    <ele>738.5</ele>
    <time>2026-06-06T02:26:11Z</time>
   </trkpt>
   <trkpt lat="47.6225820" lon="-120.6767930">
    <ele>738.8</ele>
    <time>2026-06-06T02:26:12Z</time>
   </trkpt>
   <trkpt lat="47.6225900" lon="-120.6767830">
    <ele>738.9</ele>
    <time>2026-06-06T02:26:13Z</time>
   </trkpt>
   <trkpt lat="47.6226110" lon="-120.6767450">
    <ele>739.2</ele>
    <time>2026-06-06T02:26:14Z</time>
   </trkpt>
   <trkpt lat="47.6226160" lon="-120.6767300">
    <ele>739.3</ele>
    <time>2026-06-06T02:26:15Z</time>
   </trkpt>
   <trkpt lat="47.6226230" lon="-120.6766730">
    <ele>739.6</ele>
    <time>2026-06-06T02:26:16Z</time>
   </trkpt>
   <trkpt lat="47.6226220" lon="-120.6766530">
    <ele>739.7</ele>
    <time>2026-06-06T02:26:17Z</time>
   </trkpt>
   <trkpt lat="47.6226150" lon="-120.6765990">
    <ele>740.0</ele>
    <time>2026-06-06T02:26:18Z</time>
   </trkpt>
   <trkpt lat="47.6226130" lon="-120.6765820">
    <ele>740.1</ele>
    <time>2026-06-06T02:26:19Z</time>
   </trkpt>
   <trkpt lat="47.6226140" lon="-120.6765340">
    <ele>740.3</ele>
    <time>2026-06-06T02:26:20Z</time>
   </trkpt>
   <trkpt lat="47.6226150" lon="-120.6765170">
    <ele>740.4</ele>
    <time>2026-06-06T02:26:21Z</time>
   </trkpt>
   <trkpt lat="47.6226220" lon="-120.6764660">
    <ele>740.6</ele>
    <time>2026-06-06T02:26:22Z</time>
   </trkpt>
   <trkpt lat="47.6226250" lon="-120.6764490">
    <ele>740.7</ele>
    <time>2026-06-06T02:26:23Z</time>
   </trkpt>
   <trkpt lat="47.6226160" lon="-120.6763920">
    <ele>740.9</ele>
    <time>2026-06-06T02:26:24Z</time>
   </trkpt>
   <trkpt lat="47.6226120" lon="-120.6763740">
    <ele>740.9</ele>
    <time>2026-06-06T02:26:25Z</time>
   </trkpt>
   <trkpt lat="47.6226070" lon="-120.6763210">
    <ele>741.1</ele>
    <time>2026-06-06T02:26:26Z</time>
   </trkpt>
   <trkpt lat="47.6226040" lon="-120.6763040">
    <ele>741.2</ele>
    <time>2026-06-06T02:26:27Z</time>
   </trkpt>
   <trkpt lat="47.6225950" lon="-120.6762600">
    <ele>741.3</ele>
    <time>2026-06-06T02:26:28Z</time>
   </trkpt>
   <trkpt lat="47.6225940" lon="-120.6762470">
    <ele>741.3</ele>
    <time>2026-06-06T02:26:29Z</time>
   </trkpt>
   <trkpt lat="47.6225910" lon="-120.6762230">
    <ele>741.4</ele>
    <time>2026-06-06T02:26:30Z</time>
   </trkpt>
   <trkpt lat="47.6225900" lon="-120.6761980">
    <ele>741.5</ele>
    <time>2026-06-06T02:26:31Z</time>
   </trkpt>
   <trkpt lat="47.6225920" lon="-120.6761740">
    <ele>741.5</ele>
    <time>2026-06-06T02:26:32Z</time>
   </trkpt>
   <trkpt lat="47.6226010" lon="-120.6761520">
    <ele>741.6</ele>
    <time>2026-06-06T02:26:33Z</time>
   </trkpt>
   <trkpt lat="47.6226000" lon="-120.6761550">
    <ele>741.6</ele>
    <time>2026-06-06T02:26:34Z</time>
   </trkpt>
   <trkpt lat="47.6225990" lon="-120.6761570">
    <ele>741.6</ele>
    <time>2026-06-06T02:26:35Z</time>
   </trkpt>
   <trkpt lat="47.6225990" lon="-120.6761580">
    <ele>741.6</ele>
    <time>2026-06-06T02:26:36Z</time>
   </trkpt>
   <trkpt lat="47.6225990" lon="-120.6761610">
    <ele>741.6</ele>
    <time>2026-06-06T02:26:37Z</time>
   </trkpt>
   <trkpt lat="47.6225990" lon="-120.6761620">
    <ele>741.6</ele>
    <time>2026-06-06T02:26:38Z</time>
   </trkpt>
   <trkpt lat="47.6225980" lon="-120.6761640">
    <ele>741.6</ele>
    <time>2026-06-06T02:26:39Z</time>
   </trkpt>
   <trkpt lat="47.6226000" lon="-120.6761640">
    <ele>741.6</ele>
    <time>2026-06-06T02:26:40Z</time>
   </trkpt>
   <trkpt lat="47.6226040" lon="-120.6761640">
    <ele>741.6</ele>
    <time>2026-06-06T02:26:41Z</time>
   </trkpt>
   <trkpt lat="47.6226210" lon="-120.6761580">
    <ele>741.9</ele>
    <time>2026-06-06T02:26:42Z</time>
   </trkpt>
   <trkpt lat="47.6226370" lon="-120.6761560">
    <ele>742.2</ele>
    <time>2026-06-06T02:26:43Z</time>
   </trkpt>
   <trkpt lat="47.6226530" lon="-120.6761640">
    <ele>742.6</ele>
    <time>2026-06-06T02:26:44Z</time>
   </trkpt>
   <trkpt lat="47.6226660" lon="-120.6761760">
    <ele>743.0</ele>
    <time>2026-06-06T02:26:45Z</time>
   </trkpt>
   <trkpt lat="47.6226840" lon="-120.6761950">
    <ele>743.4</ele>
    <time>2026-06-06T02:26:46Z</time>
   </trkpt>
   <trkpt lat="47.6226910" lon="-120.6762020">
    <ele>743.6</ele>
    <time>2026-06-06T02:26:47Z</time>
   </trkpt>
   <trkpt lat="47.6226990" lon="-120.6762080">
    <ele>743.8</ele>
    <time>2026-06-06T02:26:48Z</time>
   </trkpt>
   <trkpt lat="47.6227090" lon="-120.6762160">
    <ele>744.1</ele>
    <time>2026-06-06T02:26:49Z</time>
   </trkpt>
   <trkpt lat="47.6227180" lon="-120.6762230">
    <ele>744.3</ele>
    <time>2026-06-06T02:26:50Z</time>
   </trkpt>
   <trkpt lat="47.6227260" lon="-120.6762320">
    <ele>744.5</ele>
    <time>2026-06-06T02:26:51Z</time>
   </trkpt>
   <trkpt lat="47.6227300" lon="-120.6762360">
    <ele>744.7</ele>
    <time>2026-06-06T02:26:52Z</time>
   </trkpt>
   <trkpt lat="47.6227360" lon="-120.6762460">
    <ele>744.9</ele>
    <time>2026-06-06T02:26:53Z</time>
   </trkpt>
   <trkpt lat="47.6227450" lon="-120.6762520">
    <ele>745.1</ele>
    <time>2026-06-06T02:26:54Z</time>
   </trkpt>
   <trkpt lat="47.6227520" lon="-120.6762630">
    <ele>745.3</ele>
    <time>2026-06-06T02:26:55Z</time>
   </trkpt>
   <trkpt lat="47.6227600" lon="-120.6762700">
    <ele>745.5</ele>
    <time>2026-06-06T02:26:56Z</time>
   </trkpt>
   <trkpt lat="47.6227650" lon="-120.6762780">
    <ele>745.7</ele>
    <time>2026-06-06T02:26:57Z</time>
   </trkpt>
   <trkpt lat="47.6227680" lon="-120.6762850">
    <ele>745.8</ele>
    <time>2026-06-06T02:26:58Z</time>
   </trkpt>
   <trkpt lat="47.6227750" lon="-120.6762890">
    <ele>746.0</ele>
    <time>2026-06-06T02:26:59Z</time>
   </trkpt>
   <trkpt lat="47.6227780" lon="-120.6763080">
    <ele>746.3</ele>
    <time>2026-06-06T02:27:00Z</time>
   </trkpt>
   <trkpt lat="47.6227800" lon="-120.6763210">
    <ele>746.5</ele>
    <time>2026-06-06T02:27:01Z</time>
   </trkpt>
   <trkpt lat="47.6227860" lon="-120.6763260">
    <ele>746.6</ele>
    <time>2026-06-06T02:27:02Z</time>
   </trkpt>
   <trkpt lat="47.6227810" lon="-120.6763570">
    <ele>747.1</ele>
    <time>2026-06-06T02:27:03Z</time>
   </trkpt>
   <trkpt lat="47.6227800" lon="-120.6763680">
    <ele>747.3</ele>
    <time>2026-06-06T02:27:04Z</time>
   </trkpt>
   <trkpt lat="47.6227780" lon="-120.6763780">
    <ele>747.4</ele>
    <time>2026-06-06T02:27:05Z</time>
   </trkpt>
   <trkpt lat="47.6227760" lon="-120.6763880">
    <ele>747.6</ele>
    <time>2026-06-06T02:27:06Z</time>
   </trkpt>
   <trkpt lat="47.6227690" lon="-120.6763960">
    <ele>747.7</ele>
    <time>2026-06-06T02:27:07Z</time>
   </trkpt>
   <trkpt lat="47.6227620" lon="-120.6764030">
    <ele>747.9</ele>
    <time>2026-06-06T02:27:08Z</time>
   </trkpt>
   <trkpt lat="47.6227600" lon="-120.6764120">
    <ele>748.1</ele>
    <time>2026-06-06T02:27:09Z</time>
   </trkpt>
   <trkpt lat="47.6227620" lon="-120.6764190">
    <ele>748.2</ele>
    <time>2026-06-06T02:27:10Z</time>
   </trkpt>
   <trkpt lat="47.6227600" lon="-120.6764280">
    <ele>748.3</ele>
    <time>2026-06-06T02:27:11Z</time>
   </trkpt>
   <trkpt lat="47.6227630" lon="-120.6764370">
    <ele>748.4</ele>
    <time>2026-06-06T02:27:12Z</time>
   </trkpt>
   <trkpt lat="47.6227670" lon="-120.6764420">
    <ele>748.5</ele>
    <time>2026-06-06T02:27:13Z</time>
   </trkpt>
   <trkpt lat="47.6227700" lon="-120.6764450">
    <ele>748.6</ele>
    <time>2026-06-06T02:27:14Z</time>
   </trkpt>
   <trkpt lat="47.6227740" lon="-120.6764490">
    <ele>748.7</ele>
    <time>2026-06-06T02:27:15Z</time>
   </trkpt>
   <trkpt lat="47.6227760" lon="-120.6764530">
    <ele>748.8</ele>
    <time>2026-06-06T02:27:16Z</time>
   </trkpt>
   <trkpt lat="47.6227800" lon="-120.6764560">
    <ele>748.9</ele>
    <time>2026-06-06T02:27:17Z</time>
   </trkpt>
   <trkpt lat="47.6227810" lon="-120.6764640">
    <ele>749.0</ele>
    <time>2026-06-06T02:27:18Z</time>
   </trkpt>
   <trkpt lat="47.6227820" lon="-120.6764690">
    <ele>749.1</ele>
    <time>2026-06-06T02:27:19Z</time>
   </trkpt>
   <trkpt lat="47.6227830" lon="-120.6764760">
    <ele>749.2</ele>
    <time>2026-06-06T02:27:20Z</time>
   </trkpt>
   <trkpt lat="47.6227820" lon="-120.6764870">
    <ele>749.3</ele>
    <time>2026-06-06T02:27:21Z</time>
   </trkpt>
   <trkpt lat="47.6227810" lon="-120.6764960">
    <ele>749.4</ele>
    <time>2026-06-06T02:27:22Z</time>
   </trkpt>
   <trkpt lat="47.6227790" lon="-120.6765050">
    <ele>749.6</ele>
    <time>2026-06-06T02:27:23Z</time>
   </trkpt>
   <trkpt lat="47.6227770" lon="-120.6765040">
    <ele>749.5</ele>
    <time>2026-06-06T02:27:24Z</time>
   </trkpt>
   <trkpt lat="47.6227740" lon="-120.6765030">
    <ele>749.5</ele>
    <time>2026-06-06T02:27:25Z</time>
   </trkpt>
   <trkpt lat="47.6227720" lon="-120.6765030">
    <ele>749.5</ele>
    <time>2026-06-06T02:27:26Z</time>
   </trkpt>
   <trkpt lat="47.6227690" lon="-120.6765020">
    <ele>749.4</ele>
    <time>2026-06-06T02:27:27Z</time>
   </trkpt>
   <trkpt lat="47.6227670" lon="-120.6765010">
    <ele>749.4</ele>
    <time>2026-06-06T02:27:28Z</time>
   </trkpt>
   <trkpt lat="47.6227640" lon="-120.6765000">
    <ele>749.4</ele>
    <time>2026-06-06T02:27:29Z</time>
   </trkpt>
   <trkpt lat="47.6227620" lon="-120.6764990">
    <ele>749.4</ele>
    <time>2026-06-06T02:27:30Z</time>
   </trkpt>
   <trkpt lat="47.6227590" lon="-120.6764980">
    <ele>749.3</ele>
    <time>2026-06-06T02:27:31Z</time>
   </trkpt>
   <trkpt lat="47.6227570" lon="-120.6764970">
    <ele>749.3</ele>
    <time>2026-06-06T02:27:32Z</time>
   </trkpt>
   <trkpt lat="47.6227540" lon="-120.6764960">
    <ele>749.3</ele>
    <time>2026-06-06T02:27:33Z</time>
   </trkpt>
   <trkpt lat="47.6227520" lon="-120.6764960">
    <ele>749.2</ele>
    <time>2026-06-06T02:27:34Z</time>
   </trkpt>
   <trkpt lat="47.6227490" lon="-120.6764950">
    <ele>749.2</ele>
    <time>2026-06-06T02:27:35Z</time>
   </trkpt>
   <trkpt lat="47.6227470" lon="-120.6764940">
    <ele>749.2</ele>
    <time>2026-06-06T02:27:36Z</time>
   </trkpt>
   <trkpt lat="47.6227440" lon="-120.6764930">
    <ele>749.1</ele>
    <time>2026-06-06T02:27:37Z</time>
   </trkpt>
   <trkpt lat="47.6227390" lon="-120.6764940">
    <ele>749.1</ele>
    <time>2026-06-06T02:27:38Z</time>
   </trkpt>
   <trkpt lat="47.6227380" lon="-120.6764940">
    <ele>749.1</ele>
    <time>2026-06-06T02:27:39Z</time>
   </trkpt>
   <trkpt lat="47.6227380" lon="-120.6764950">
    <ele>749.1</ele>
    <time>2026-06-06T02:27:40Z</time>
   </trkpt>
   <trkpt lat="47.6227380" lon="-120.6764950">
    <ele>749.1</ele>
    <time>2026-06-06T02:27:41Z</time>
   </trkpt>
   <trkpt lat="47.6227380" lon="-120.6764950">
    <ele>749.1</ele>
    <time>2026-06-06T02:27:42Z</time>
   </trkpt>
   <trkpt lat="47.6227400" lon="-120.6764930">
    <ele>749.0</ele>
    <time>2026-06-06T02:27:43Z</time>
   </trkpt>
   <trkpt lat="47.6227410" lon="-120.6764930">
    <ele>749.0</ele>
    <time>2026-06-06T02:27:44Z</time>
   </trkpt>
   <trkpt lat="47.6227320" lon="-120.6765020">
    <ele>748.9</ele>
    <time>2026-06-06T02:27:45Z</time>
   </trkpt>
   <trkpt lat="47.6227290" lon="-120.6765030">
    <ele>748.9</ele>
    <time>2026-06-06T02:27:46Z</time>
   </trkpt>
   <trkpt lat="47.6227290" lon="-120.6765030">
    <ele>748.9</ele>
    <time>2026-06-06T02:27:47Z</time>
   </trkpt>
   <trkpt lat="47.6227300" lon="-120.6765030">
    <ele>748.9</ele>
    <time>2026-06-06T02:27:48Z</time>
   </trkpt>
   <trkpt lat="47.6227270" lon="-120.6765050">
    <ele>748.8</ele>
    <time>2026-06-06T02:27:49Z</time>
   </trkpt>
   <trkpt lat="47.6227250" lon="-120.6765060">
    <ele>748.8</ele>
    <time>2026-06-06T02:27:50Z</time>
   </trkpt>
   <trkpt lat="47.6227250" lon="-120.6765070">
    <ele>748.8</ele>
    <time>2026-06-06T02:27:51Z</time>
   </trkpt>
   <trkpt lat="47.6227250" lon="-120.6765070">
    <ele>748.8</ele>
    <time>2026-06-06T02:27:52Z</time>
   </trkpt>
   <trkpt lat="47.6227250" lon="-120.6765070">
    <ele>748.8</ele>
    <time>2026-06-06T02:27:53Z</time>
   </trkpt>
   <trkpt lat="47.6227250" lon="-120.6765070">
    <ele>748.8</ele>
    <time>2026-06-06T02:27:54Z</time>
   </trkpt>
   <trkpt lat="47.6227250" lon="-120.6765070">
    <ele>748.8</ele>
    <time>2026-06-06T02:27:55Z</time>
   </trkpt>
   <trkpt lat="47.6227250" lon="-120.6765070">
    <ele>748.8</ele>
    <time>2026-06-06T02:27:56Z</time>
   </trkpt>
   <trkpt lat="47.6227250" lon="-120.6765070">
    <ele>748.8</ele>
    <time>2026-06-06T02:27:57Z</time>
   </trkpt>
   <trkpt lat="47.6227250" lon="-120.6765070">
    <ele>748.8</ele>
    <time>2026-06-06T02:27:58Z</time>
   </trkpt>
   <trkpt lat="47.6227250" lon="-120.6765070">
    <ele>748.8</ele>
    <time>2026-06-06T02:27:59Z</time>
   </trkpt>
   <trkpt lat="47.6227260" lon="-120.6765060">
    <ele>748.8</ele>
    <time>2026-06-06T02:28:00Z</time>
   </trkpt>
   <trkpt lat="47.6227280" lon="-120.6765060">
    <ele>748.7</ele>
    <time>2026-06-06T02:28:01Z</time>
   </trkpt>
   <trkpt lat="47.6227290" lon="-120.6765040">
    <ele>748.7</ele>
    <time>2026-06-06T02:28:02Z</time>
   </trkpt>
   <trkpt lat="47.6227320" lon="-120.6764960">
    <ele>748.7</ele>
    <time>2026-06-06T02:28:03Z</time>
   </trkpt>
   <trkpt lat="47.6227340" lon="-120.6764930">
    <ele>748.6</ele>
    <time>2026-06-06T02:28:04Z</time>
   </trkpt>
   <trkpt lat="47.6227380" lon="-120.6764930">
    <ele>748.6</ele>
    <time>2026-06-06T02:28:05Z</time>
   </trkpt>
   <trkpt lat="47.6227380" lon="-120.6764900">
    <ele>748.6</ele>
    <time>2026-06-06T02:28:06Z</time>
   </trkpt>
   <trkpt lat="47.6227380" lon="-120.6764900">
    <ele>748.6</ele>
    <time>2026-06-06T02:28:07Z</time>
   </trkpt>
   <trkpt lat="47.6227380" lon="-120.6764890">
    <ele>748.5</ele>
    <time>2026-06-06T02:28:08Z</time>
   </trkpt>
   <trkpt lat="47.6227380" lon="-120.6764890">
    <ele>748.5</ele>
    <time>2026-06-06T02:28:09Z</time>
   </trkpt>
   <trkpt lat="47.6227380" lon="-120.6764880">
    <ele>748.5</ele>
    <time>2026-06-06T02:28:10Z</time>
   </trkpt>
   <trkpt lat="47.6227380" lon="-120.6764880">
    <ele>748.5</ele>
    <time>2026-06-06T02:28:11Z</time>
   </trkpt>
   <trkpt lat="47.6227380" lon="-120.6764890">
    <ele>748.5</ele>
    <time>2026-06-06T02:28:12Z</time>
   </trkpt>
   <trkpt lat="47.6227380" lon="-120.6764890">
    <ele>748.5</ele>
    <time>2026-06-06T02:28:13Z</time>
   </trkpt>
   <trkpt lat="47.6227380" lon="-120.6764890">
    <ele>748.5</ele>
    <time>2026-06-06T02:28:14Z</time>
   </trkpt>
   <trkpt lat="47.6227370" lon="-120.6764910">
    <ele>748.5</ele>
    <time>2026-06-06T02:28:15Z</time>
   </trkpt>
   <trkpt lat="47.6227360" lon="-120.6764940">
    <ele>748.5</ele>
    <time>2026-06-06T02:28:16Z</time>
   </trkpt>
   <trkpt lat="47.6227330" lon="-120.6764930">
    <ele>748.4</ele>
    <time>2026-06-06T02:28:17Z</time>
   </trkpt>
   <trkpt lat="47.6227310" lon="-120.6764910">
    <ele>748.4</ele>
    <time>2026-06-06T02:28:18Z</time>
   </trkpt>
   <trkpt lat="47.6227300" lon="-120.6764920">
    <ele>748.4</ele>
    <time>2026-06-06T02:28:19Z</time>
   </trkpt>
   <trkpt lat="47.6227300" lon="-120.6764920">
    <ele>748.4</ele>
    <time>2026-06-06T02:28:20Z</time>
   </trkpt>
   <trkpt lat="47.6227300" lon="-120.6764920">
    <ele>748.4</ele>
    <time>2026-06-06T02:28:21Z</time>
   </trkpt>
   <trkpt lat="47.6227300" lon="-120.6764920">
    <ele>748.4</ele>
    <time>2026-06-06T02:28:22Z</time>
   </trkpt>
   <trkpt lat="47.6227300" lon="-120.6764920">
    <ele>748.4</ele>
    <time>2026-06-06T02:28:23Z</time>
   </trkpt>
   <trkpt lat="47.6227300" lon="-120.6764920">
    <ele>748.4</ele>
    <time>2026-06-06T02:28:24Z</time>
   </trkpt>
   <trkpt lat="47.6227300" lon="-120.6764920">
    <ele>748.4</ele>
    <time>2026-06-06T02:28:25Z</time>
   </trkpt>
   <trkpt lat="47.6227300" lon="-120.6764920">
    <ele>748.4</ele>
    <time>2026-06-06T02:28:26Z</time>
   </trkpt>
   <trkpt lat="47.6227300" lon="-120.6764920">
    <ele>748.4</ele>
    <time>2026-06-06T02:28:27Z</time>
   </trkpt>
   <trkpt lat="47.6227320" lon="-120.6764970">
    <ele>748.4</ele>
    <time>2026-06-06T02:28:28Z</time>
   </trkpt>
   <trkpt lat="47.6227350" lon="-120.6764970">
    <ele>748.3</ele>
    <time>2026-06-06T02:28:29Z</time>
   </trkpt>
   <trkpt lat="47.6227440" lon="-120.6765060">
    <ele>748.2</ele>
    <time>2026-06-06T02:28:30Z</time>
   </trkpt>
   <trkpt lat="47.6227320" lon="-120.6765320">
    <ele>747.9</ele>
    <time>2026-06-06T02:28:31Z</time>
   </trkpt>
   <trkpt lat="47.6227230" lon="-120.6765430">
    <ele>747.8</ele>
    <time>2026-06-06T02:28:32Z</time>
   </trkpt>
   <trkpt lat="47.6227210" lon="-120.6765460">
    <ele>747.8</ele>
    <time>2026-06-06T02:28:33Z</time>
   </trkpt>
   <trkpt lat="47.6227230" lon="-120.6765440">
    <ele>747.7</ele>
    <time>2026-06-06T02:28:34Z</time>
   </trkpt>
   <trkpt lat="47.6227240" lon="-120.6765310">
    <ele>747.6</ele>
    <time>2026-06-06T02:28:35Z</time>
   </trkpt>
   <trkpt lat="47.6227260" lon="-120.6765220">
    <ele>747.6</ele>
    <time>2026-06-06T02:28:36Z</time>
   </trkpt>
   <trkpt lat="47.6227280" lon="-120.6765140">
    <ele>747.5</ele>
    <time>2026-06-06T02:28:37Z</time>
   </trkpt>
   <trkpt lat="47.6227290" lon="-120.6765110">
    <ele>747.5</ele>
    <time>2026-06-06T02:28:38Z</time>
   </trkpt>
   <trkpt lat="47.6227290" lon="-120.6765110">
    <ele>747.5</ele>
    <time>2026-06-06T02:28:39Z</time>
   </trkpt>
   <trkpt lat="47.6227290" lon="-120.6765110">
    <ele>747.5</ele>
    <time>2026-06-06T02:28:40Z</time>
   </trkpt>
   <trkpt lat="47.6227290" lon="-120.6765110">
    <ele>747.5</ele>
    <time>2026-06-06T02:28:41Z</time>
   </trkpt>
   <trkpt lat="47.6227290" lon="-120.6765110">
    <ele>747.5</ele>
    <time>2026-06-06T02:28:42Z</time>
   </trkpt>
   <trkpt lat="47.6227290" lon="-120.6765100">
    <ele>747.5</ele>
    <time>2026-06-06T02:28:43Z</time>
   </trkpt>
   <trkpt lat="47.6227290" lon="-120.6765100">
    <ele>747.5</ele>
    <time>2026-06-06T02:28:44Z</time>
   </trkpt>
   <trkpt lat="47.6227290" lon="-120.6765100">
    <ele>747.5</ele>
    <time>2026-06-06T02:28:45Z</time>
   </trkpt>
   <trkpt lat="47.6227290" lon="-120.6765100">
    <ele>747.5</ele>
    <time>2026-06-06T02:28:46Z</time>
   </trkpt>
   <trkpt lat="47.6227290" lon="-120.6765100">
    <ele>747.5</ele>
    <time>2026-06-06T02:28:47Z</time>
   </trkpt>
   <trkpt lat="47.6227290" lon="-120.6765100">
    <ele>747.5</ele>
    <time>2026-06-06T02:28:48Z</time>
   </trkpt>
   <trkpt lat="47.6227290" lon="-120.6765100">
    <ele>747.5</ele>
    <time>2026-06-06T02:28:49Z</time>
   </trkpt>
   <trkpt lat="47.6227290" lon="-120.6765100">
    <ele>747.5</ele>
    <time>2026-06-06T02:28:50Z</time>
   </trkpt>
   <trkpt lat="47.6227290" lon="-120.6765100">
    <ele>747.5</ele>
    <time>2026-06-06T02:28:51Z</time>
   </trkpt>
   <trkpt lat="47.6227290" lon="-120.6765100">
    <ele>747.5</ele>
    <time>2026-06-06T02:28:52Z</time>
   </trkpt>
   <trkpt lat="47.6227290" lon="-120.6765100">
    <ele>747.5</ele>
    <time>2026-06-06T02:28:53Z</time>
   </trkpt>
   <trkpt lat="47.6227290" lon="-120.6765100">
    <ele>747.5</ele>
    <time>2026-06-06T02:28:54Z</time>
   </trkpt>
   <trkpt lat="47.6227290" lon="-120.6765100">
    <ele>747.5</ele>
    <time>2026-06-06T02:28:55Z</time>
   </trkpt>
   <trkpt lat="47.6227290" lon="-120.6765100">
    <ele>747.5</ele>
    <time>2026-06-06T02:28:56Z</time>
   </trkpt>
   <trkpt lat="47.6227290" lon="-120.6765100">
    <ele>747.5</ele>
    <time>2026-06-06T02:28:57Z</time>
   </trkpt>
   <trkpt lat="47.6227290" lon="-120.6765100">
    <ele>747.5</ele>
    <time>2026-06-06T02:28:58Z</time>
   </trkpt>
   <trkpt lat="47.6227290" lon="-120.6765100">
    <ele>747.5</ele>
    <time>2026-06-06T02:28:59Z</time>
   </trkpt>
   <trkpt lat="47.6227290" lon="-120.6765100">
    <ele>747.5</ele>
    <time>2026-06-06T02:29:00Z</time>
   </trkpt>
   <trkpt lat="47.6227330" lon="-120.6765080">
    <ele>747.4</ele>
    <time>2026-06-06T02:29:01Z</time>
   </trkpt>
   <trkpt lat="47.6227400" lon="-120.6764980">
    <ele>747.3</ele>
    <time>2026-06-06T02:29:02Z</time>
   </trkpt>
   <trkpt lat="47.6227420" lon="-120.6764960">
    <ele>747.3</ele>
    <time>2026-06-06T02:29:03Z</time>
   </trkpt>
   <trkpt lat="47.6227420" lon="-120.6764960">
    <ele>747.3</ele>
    <time>2026-06-06T02:29:04Z</time>
   </trkpt>
   <trkpt lat="47.6227410" lon="-120.6764980">
    <ele>747.2</ele>
    <time>2026-06-06T02:29:05Z</time>
   </trkpt>
   <trkpt lat="47.6227400" lon="-120.6764970">
    <ele>747.2</ele>
    <time>2026-06-06T02:29:06Z</time>
   </trkpt>
   <trkpt lat="47.6227410" lon="-120.6764970">
    <ele>747.2</ele>
    <time>2026-06-06T02:29:07Z</time>
   </trkpt>
   <trkpt lat="47.6227410" lon="-120.6764970">
    <ele>747.2</ele>
    <time>2026-06-06T02:29:08Z</time>
   </trkpt>
   <trkpt lat="47.6227410" lon="-120.6764970">
    <ele>747.2</ele>
    <time>2026-06-06T02:29:09Z</time>
   </trkpt>
   <trkpt lat="47.6227410" lon="-120.6764970">
    <ele>747.2</ele>
    <time>2026-06-06T02:29:10Z</time>
   </trkpt>
   <trkpt lat="47.6227410" lon="-120.6764970">
    <ele>747.2</ele>
    <time>2026-06-06T02:29:11Z</time>
   </trkpt>
   <trkpt lat="47.6227410" lon="-120.6764970">
    <ele>747.2</ele>
    <time>2026-06-06T02:29:12Z</time>
   </trkpt>
   <trkpt lat="47.6227410" lon="-120.6764970">
    <ele>747.2</ele>
    <time>2026-06-06T02:29:13Z</time>
   </trkpt>
   <trkpt lat="47.6227410" lon="-120.6764970">
    <ele>747.2</ele>
    <time>2026-06-06T02:29:14Z</time>
   </trkpt>
   <trkpt lat="47.6227410" lon="-120.6764970">
    <ele>747.2</ele>
    <time>2026-06-06T02:29:15Z</time>
   </trkpt>
   <trkpt lat="47.6227410" lon="-120.6764970">
    <ele>747.2</ele>
    <time>2026-06-06T02:29:16Z</time>
   </trkpt>
   <trkpt lat="47.6227410" lon="-120.6764970">
    <ele>747.2</ele>
    <time>2026-06-06T02:29:17Z</time>
   </trkpt>
   <trkpt lat="47.6227410" lon="-120.6764970">
    <ele>747.2</ele>
    <time>2026-06-06T02:29:18Z</time>
   </trkpt>
   <trkpt lat="47.6227410" lon="-120.6764970">
    <ele>747.2</ele>
    <time>2026-06-06T02:29:19Z</time>
   </trkpt>
   <trkpt lat="47.6227410" lon="-120.6764970">
    <ele>747.2</ele>
    <time>2026-06-06T02:29:20Z</time>
   </trkpt>
   <trkpt lat="47.6227410" lon="-120.6764970">
    <ele>747.2</ele>
    <time>2026-06-06T02:29:21Z</time>
   </trkpt>
   <trkpt lat="47.6227410" lon="-120.6764970">
    <ele>747.2</ele>
    <time>2026-06-06T02:29:22Z</time>
   </trkpt>
   <trkpt lat="47.6227410" lon="-120.6764970">
    <ele>747.2</ele>
    <time>2026-06-06T02:29:23Z</time>
   </trkpt>
   <trkpt lat="47.6227410" lon="-120.6764970">
    <ele>747.2</ele>
    <time>2026-06-06T02:29:24Z</time>
   </trkpt>
   <trkpt lat="47.6227410" lon="-120.6764970">
    <ele>747.2</ele>
    <time>2026-06-06T02:29:25Z</time>
   </trkpt>
   <trkpt lat="47.6227410" lon="-120.6764970">
    <ele>747.2</ele>
    <time>2026-06-06T02:29:26Z</time>
   </trkpt>
   <trkpt lat="47.6227410" lon="-120.6764970">
    <ele>747.2</ele>
    <time>2026-06-06T02:29:27Z</time>
   </trkpt>
   <trkpt lat="47.6227410" lon="-120.6764970">
    <ele>747.2</ele>
    <time>2026-06-06T02:29:28Z</time>
   </trkpt>
   <trkpt lat="47.6227410" lon="-120.6764970">
    <ele>747.2</ele>
    <time>2026-06-06T02:29:29Z</time>
   </trkpt>
   <trkpt lat="47.6227410" lon="-120.6764970">
    <ele>747.2</ele>
    <time>2026-06-06T02:29:30Z</time>
   </trkpt>
   <trkpt lat="47.6227410" lon="-120.6764970">
    <ele>747.2</ele>
    <time>2026-06-06T02:29:31Z</time>
   </trkpt>
   <trkpt lat="47.6227410" lon="-120.6764970">
    <ele>747.2</ele>
    <time>2026-06-06T02:29:32Z</time>
   </trkpt>
   <trkpt lat="47.6227410" lon="-120.6764970">
    <ele>747.2</ele>
    <time>2026-06-06T02:29:33Z</time>
   </trkpt>
   <trkpt lat="47.6227410" lon="-120.6764970">
    <ele>747.2</ele>
    <time>2026-06-06T02:29:34Z</time>
   </trkpt>
   <trkpt lat="47.6227410" lon="-120.6764970">
    <ele>747.2</ele>
    <time>2026-06-06T02:29:35Z</time>
   </trkpt>
   <trkpt lat="47.6227410" lon="-120.6764970">
    <ele>747.2</ele>
    <time>2026-06-06T02:29:36Z</time>
   </trkpt>
   <trkpt lat="47.6227410" lon="-120.6764970">
    <ele>747.2</ele>
    <time>2026-06-06T02:29:37Z</time>
   </trkpt>
   <trkpt lat="47.6227410" lon="-120.6764950">
    <ele>747.2</ele>
    <time>2026-06-06T02:29:38Z</time>
   </trkpt>
   <trkpt lat="47.6227420" lon="-120.6764940">
    <ele>747.2</ele>
    <time>2026-06-06T02:29:39Z</time>
   </trkpt>
   <trkpt lat="47.6227440" lon="-120.6764940">
    <ele>747.2</ele>
    <time>2026-06-06T02:29:40Z</time>
   </trkpt>
   <trkpt lat="47.6227470" lon="-120.6764900">
    <ele>747.1</ele>
    <time>2026-06-06T02:29:41Z</time>
   </trkpt>
   <trkpt lat="47.6227470" lon="-120.6764770">
    <ele>747.0</ele>
    <time>2026-06-06T02:29:42Z</time>
   </trkpt>
   <trkpt lat="47.6227470" lon="-120.6764740">
    <ele>747.0</ele>
    <time>2026-06-06T02:29:43Z</time>
   </trkpt>
   <trkpt lat="47.6227470" lon="-120.6764730">
    <ele>747.0</ele>
    <time>2026-06-06T02:29:44Z</time>
   </trkpt>
   <trkpt lat="47.6227470" lon="-120.6764720">
    <ele>747.0</ele>
    <time>2026-06-06T02:29:45Z</time>
   </trkpt>
   <trkpt lat="47.6227470" lon="-120.6764720">
    <ele>747.0</ele>
    <time>2026-06-06T02:29:46Z</time>
   </trkpt>
   <trkpt lat="47.6227470" lon="-120.6764720">
    <ele>747.0</ele>
    <time>2026-06-06T02:29:47Z</time>
   </trkpt>
   <trkpt lat="47.6227460" lon="-120.6764720">
    <ele>746.9</ele>
    <time>2026-06-06T02:29:48Z</time>
   </trkpt>
   <trkpt lat="47.6227460" lon="-120.6764720">
    <ele>746.9</ele>
    <time>2026-06-06T02:29:49Z</time>
   </trkpt>
   <trkpt lat="47.6227460" lon="-120.6764720">
    <ele>746.9</ele>
    <time>2026-06-06T02:29:50Z</time>
   </trkpt>
   <trkpt lat="47.6227460" lon="-120.6764720">
    <ele>746.9</ele>
    <time>2026-06-06T02:29:51Z</time>
   </trkpt>
   <trkpt lat="47.6227460" lon="-120.6764720">
    <ele>746.9</ele>
    <time>2026-06-06T02:29:52Z</time>
   </trkpt>
   <trkpt lat="47.6227460" lon="-120.6764720">
    <ele>746.9</ele>
    <time>2026-06-06T02:29:53Z</time>
   </trkpt>
   <trkpt lat="47.6227460" lon="-120.6764720">
    <ele>746.9</ele>
    <time>2026-06-06T02:29:54Z</time>
   </trkpt>
   <trkpt lat="47.6227460" lon="-120.6764720">
    <ele>746.9</ele>
    <time>2026-06-06T02:29:55Z</time>
   </trkpt>
   <trkpt lat="47.6227460" lon="-120.6764720">
    <ele>746.9</ele>
    <time>2026-06-06T02:29:56Z</time>
   </trkpt>
   <trkpt lat="47.6227460" lon="-120.6764720">
    <ele>746.9</ele>
    <time>2026-06-06T02:29:57Z</time>
   </trkpt>
   <trkpt lat="47.6227460" lon="-120.6764720">
    <ele>746.9</ele>
    <time>2026-06-06T02:29:58Z</time>
   </trkpt>
   <trkpt lat="47.6227460" lon="-120.6764720">
    <ele>746.9</ele>
    <time>2026-06-06T02:29:59Z</time>
   </trkpt>
   <trkpt lat="47.6227460" lon="-120.6764720">
    <ele>746.9</ele>
    <time>2026-06-06T02:30:00Z</time>
   </trkpt>
   <trkpt lat="47.6227460" lon="-120.6764720">
    <ele>746.9</ele>
    <time>2026-06-06T02:30:01Z</time>
   </trkpt>
   <trkpt lat="47.6227460" lon="-120.6764680">
    <ele>746.9</ele>
    <time>2026-06-06T02:30:02Z</time>
   </trkpt>
   <trkpt lat="47.6227470" lon="-120.6764630">
    <ele>746.9</ele>
    <time>2026-06-06T02:30:03Z</time>
   </trkpt>
   <trkpt lat="47.6227480" lon="-120.6764610">
    <ele>746.8</ele>
    <time>2026-06-06T02:30:04Z</time>
   </trkpt>
   <trkpt lat="47.6227480" lon="-120.6764610">
    <ele>746.8</ele>
    <time>2026-06-06T02:30:05Z</time>
   </trkpt>
   <trkpt lat="47.6227480" lon="-120.6764590">
    <ele>746.8</ele>
    <time>2026-06-06T02:30:06Z</time>
   </trkpt>
   <trkpt lat="47.6227490" lon="-120.6764510">
    <ele>746.8</ele>
    <time>2026-06-06T02:30:07Z</time>
   </trkpt>
   <trkpt lat="47.6227490" lon="-120.6764490">
    <ele>746.7</ele>
    <time>2026-06-06T02:30:08Z</time>
   </trkpt>
   <trkpt lat="47.6227510" lon="-120.6764480">
    <ele>746.7</ele>
    <time>2026-06-06T02:30:09Z</time>
   </trkpt>
   <trkpt lat="47.6227510" lon="-120.6764480">
    <ele>746.7</ele>
    <time>2026-06-06T02:30:10Z</time>
   </trkpt>
   <trkpt lat="47.6227510" lon="-120.6764480">
    <ele>746.7</ele>
    <time>2026-06-06T02:30:11Z</time>
   </trkpt>
   <trkpt lat="47.6227510" lon="-120.6764480">
    <ele>746.7</ele>
    <time>2026-06-06T02:30:12Z</time>
   </trkpt>
   <trkpt lat="47.6227520" lon="-120.6764480">
    <ele>746.7</ele>
    <time>2026-06-06T02:30:13Z</time>
   </trkpt>
   <trkpt lat="47.6227520" lon="-120.6764490">
    <ele>746.7</ele>
    <time>2026-06-06T02:30:14Z</time>
   </trkpt>
   <trkpt lat="47.6227520" lon="-120.6764500">
    <ele>746.7</ele>
    <time>2026-06-06T02:30:15Z</time>
   </trkpt>
   <trkpt lat="47.6227520" lon="-120.6764490">
    <ele>746.7</ele>
    <time>2026-06-06T02:30:16Z</time>
   </trkpt>
   <trkpt lat="47.6227520" lon="-120.6764490">
    <ele>746.7</ele>
    <time>2026-06-06T02:30:17Z</time>
   </trkpt>
   <trkpt lat="47.6227500" lon="-120.6764460">
    <ele>746.6</ele>
    <time>2026-06-06T02:30:18Z</time>
   </trkpt>
   <trkpt lat="47.6227510" lon="-120.6764450">
    <ele>746.6</ele>
    <time>2026-06-06T02:30:19Z</time>
   </trkpt>
   <trkpt lat="47.6227510" lon="-120.6764440">
    <ele>746.6</ele>
    <time>2026-06-06T02:30:20Z</time>
   </trkpt>
   <trkpt lat="47.6227510" lon="-120.6764440">
    <ele>746.6</ele>
    <time>2026-06-06T02:30:21Z</time>
   </trkpt>
   <trkpt lat="47.6227510" lon="-120.6764440">
    <ele>746.6</ele>
    <time>2026-06-06T02:30:22Z</time>
   </trkpt>
   <trkpt lat="47.6227510" lon="-120.6764440">
    <ele>746.6</ele>
    <time>2026-06-06T02:30:23Z</time>
   </trkpt>
   <trkpt lat="47.6227510" lon="-120.6764440">
    <ele>746.6</ele>
    <time>2026-06-06T02:30:24Z</time>
   </trkpt>
   <trkpt lat="47.6227510" lon="-120.6764440">
    <ele>746.6</ele>
    <time>2026-06-06T02:30:25Z</time>
   </trkpt>
   <trkpt lat="47.6227510" lon="-120.6764440">
    <ele>746.6</ele>
    <time>2026-06-06T02:30:26Z</time>
   </trkpt>
   <trkpt lat="47.6227510" lon="-120.6764440">
    <ele>746.6</ele>
    <time>2026-06-06T02:30:27Z</time>
   </trkpt>
   <trkpt lat="47.6227510" lon="-120.6764440">
    <ele>746.6</ele>
    <time>2026-06-06T02:30:28Z</time>
   </trkpt>
   <trkpt lat="47.6227510" lon="-120.6764440">
    <ele>746.6</ele>
    <time>2026-06-06T02:30:29Z</time>
   </trkpt>
   <trkpt lat="47.6227510" lon="-120.6764440">
    <ele>746.6</ele>
    <time>2026-06-06T02:30:30Z</time>
   </trkpt>
   <trkpt lat="47.6227510" lon="-120.6764440">
    <ele>746.6</ele>
    <time>2026-06-06T02:30:31Z</time>
   </trkpt>
   <trkpt lat="47.6227510" lon="-120.6764430">
    <ele>746.6</ele>
    <time>2026-06-06T02:30:32Z</time>
   </trkpt>
   <trkpt lat="47.6227510" lon="-120.6764430">
    <ele>746.6</ele>
    <time>2026-06-06T02:30:33Z</time>
   </trkpt>
   <trkpt lat="47.6227510" lon="-120.6764430">
    <ele>746.6</ele>
    <time>2026-06-06T02:30:34Z</time>
   </trkpt>
   <trkpt lat="47.6227510" lon="-120.6764430">
    <ele>746.6</ele>
    <time>2026-06-06T02:30:35Z</time>
   </trkpt>
   <trkpt lat="47.6227510" lon="-120.6764430">
    <ele>746.6</ele>
    <time>2026-06-06T02:30:36Z</time>
   </trkpt>
   <trkpt lat="47.6227510" lon="-120.6764440">
    <ele>746.6</ele>
    <time>2026-06-06T02:30:37Z</time>
   </trkpt>
   <trkpt lat="47.6227510" lon="-120.6764430">
    <ele>746.6</ele>
    <time>2026-06-06T02:30:38Z</time>
   </trkpt>
   <trkpt lat="47.6227510" lon="-120.6764430">
    <ele>746.6</ele>
    <time>2026-06-06T02:30:39Z</time>
   </trkpt>
   <trkpt lat="47.6227510" lon="-120.6764430">
    <ele>746.6</ele>
    <time>2026-06-06T02:30:40Z</time>
   </trkpt>
   <trkpt lat="47.6227510" lon="-120.6764420">
    <ele>746.6</ele>
    <time>2026-06-06T02:30:41Z</time>
   </trkpt>
   <trkpt lat="47.6227520" lon="-120.6764420">
    <ele>746.6</ele>
    <time>2026-06-06T02:30:42Z</time>
   </trkpt>
   <trkpt lat="47.6227520" lon="-120.6764410">
    <ele>746.6</ele>
    <time>2026-06-06T02:30:43Z</time>
   </trkpt>
   <trkpt lat="47.6227520" lon="-120.6764400">
    <ele>746.5</ele>
    <time>2026-06-06T02:30:44Z</time>
   </trkpt>
   <trkpt lat="47.6227520" lon="-120.6764400">
    <ele>746.5</ele>
    <time>2026-06-06T02:30:45Z</time>
   </trkpt>
   <trkpt lat="47.6227520" lon="-120.6764400">
    <ele>746.5</ele>
    <time>2026-06-06T02:30:46Z</time>
   </trkpt>
   <trkpt lat="47.6227520" lon="-120.6764400">
    <ele>746.5</ele>
    <time>2026-06-06T02:30:47Z</time>
   </trkpt>
   <trkpt lat="47.6227520" lon="-120.6764400">
    <ele>746.5</ele>
    <time>2026-06-06T02:30:48Z</time>
   </trkpt>
   <trkpt lat="47.6227520" lon="-120.6764400">
    <ele>746.5</ele>
    <time>2026-06-06T02:30:49Z</time>
   </trkpt>
   <trkpt lat="47.6227520" lon="-120.6764400">
    <ele>746.5</ele>
    <time>2026-06-06T02:30:50Z</time>
   </trkpt>
   <trkpt lat="47.6227520" lon="-120.6764410">
    <ele>746.5</ele>
    <time>2026-06-06T02:30:51Z</time>
   </trkpt>
   <trkpt lat="47.6227510" lon="-120.6764400">
    <ele>746.5</ele>
    <time>2026-06-06T02:30:52Z</time>
   </trkpt>
   <trkpt lat="47.6227500" lon="-120.6764420">
    <ele>746.5</ele>
    <time>2026-06-06T02:30:53Z</time>
   </trkpt>
   <trkpt lat="47.6227500" lon="-120.6764430">
    <ele>746.5</ele>
    <time>2026-06-06T02:30:54Z</time>
   </trkpt>
   <trkpt lat="47.6227500" lon="-120.6764430">
    <ele>746.5</ele>
    <time>2026-06-06T02:30:55Z</time>
   </trkpt>
   <trkpt lat="47.6227500" lon="-120.6764440">
    <ele>746.5</ele>
    <time>2026-06-06T02:30:56Z</time>
   </trkpt>
   <trkpt lat="47.6227500" lon="-120.6764440">
    <ele>746.5</ele>
    <time>2026-06-06T02:30:57Z</time>
   </trkpt>
   <trkpt lat="47.6227500" lon="-120.6764440">
    <ele>746.5</ele>
    <time>2026-06-06T02:30:58Z</time>
   </trkpt>
   <trkpt lat="47.6227500" lon="-120.6764440">
    <ele>746.5</ele>
    <time>2026-06-06T02:30:59Z</time>
   </trkpt>
   <trkpt lat="47.6227500" lon="-120.6764440">
    <ele>746.5</ele>
    <time>2026-06-06T02:31:00Z</time>
   </trkpt>
   <trkpt lat="47.6227500" lon="-120.6764440">
    <ele>746.5</ele>
    <time>2026-06-06T02:31:01Z</time>
   </trkpt>
   <trkpt lat="47.6227500" lon="-120.6764440">
    <ele>746.5</ele>
    <time>2026-06-06T02:31:02Z</time>
   </trkpt>
   <trkpt lat="47.6227490" lon="-120.6764440">
    <ele>746.5</ele>
    <time>2026-06-06T02:31:03Z</time>
   </trkpt>
   <trkpt lat="47.6227490" lon="-120.6764440">
    <ele>746.5</ele>
    <time>2026-06-06T02:31:04Z</time>
   </trkpt>
   <trkpt lat="47.6227490" lon="-120.6764440">
    <ele>746.5</ele>
    <time>2026-06-06T02:31:05Z</time>
   </trkpt>
   <trkpt lat="47.6227430" lon="-120.6764450">
    <ele>746.4</ele>
    <time>2026-06-06T02:31:06Z</time>
   </trkpt>
   <trkpt lat="47.6227400" lon="-120.6764440">
    <ele>746.4</ele>
    <time>2026-06-06T02:31:07Z</time>
   </trkpt>
   <trkpt lat="47.6227420" lon="-120.6764460">
    <ele>746.3</ele>
    <time>2026-06-06T02:31:08Z</time>
   </trkpt>
   <trkpt lat="47.6227430" lon="-120.6764490">
    <ele>746.3</ele>
    <time>2026-06-06T02:31:09Z</time>
   </trkpt>
   <trkpt lat="47.6227440" lon="-120.6764510">
    <ele>746.3</ele>
    <time>2026-06-06T02:31:10Z</time>
   </trkpt>
   <trkpt lat="47.6227450" lon="-120.6764460">
    <ele>746.2</ele>
    <time>2026-06-06T02:31:11Z</time>
   </trkpt>
   <trkpt lat="47.6227460" lon="-120.6764410">
    <ele>746.2</ele>
    <time>2026-06-06T02:31:12Z</time>
   </trkpt>
   <trkpt lat="47.6227470" lon="-120.6764380">
    <ele>746.2</ele>
    <time>2026-06-06T02:31:13Z</time>
   </trkpt>
   <trkpt lat="47.6227460" lon="-120.6764350">
    <ele>746.1</ele>
    <time>2026-06-06T02:31:14Z</time>
   </trkpt>
   <trkpt lat="47.6227440" lon="-120.6764300">
    <ele>746.1</ele>
    <time>2026-06-06T02:31:15Z</time>
   </trkpt>
   <trkpt lat="47.6227440" lon="-120.6764260">
    <ele>746.0</ele>
    <time>2026-06-06T02:31:16Z</time>
   </trkpt>
   <trkpt lat="47.6227430" lon="-120.6764230">
    <ele>746.0</ele>
    <time>2026-06-06T02:31:17Z</time>
   </trkpt>
   <trkpt lat="47.6227420" lon="-120.6764220">
    <ele>746.0</ele>
    <time>2026-06-06T02:31:18Z</time>
   </trkpt>
   <trkpt lat="47.6227420" lon="-120.6764220">
    <ele>746.0</ele>
    <time>2026-06-06T02:31:19Z</time>
   </trkpt>
   <trkpt lat="47.6227420" lon="-120.6764220">
    <ele>746.0</ele>
    <time>2026-06-06T02:31:20Z</time>
   </trkpt>
   <trkpt lat="47.6227420" lon="-120.6764220">
    <ele>746.0</ele>
    <time>2026-06-06T02:31:21Z</time>
   </trkpt>
   <trkpt lat="47.6227420" lon="-120.6764220">
    <ele>746.0</ele>
    <time>2026-06-06T02:31:22Z</time>
   </trkpt>
   <trkpt lat="47.6227420" lon="-120.6764220">
    <ele>746.0</ele>
    <time>2026-06-06T02:31:23Z</time>
   </trkpt>
   <trkpt lat="47.6227420" lon="-120.6764220">
    <ele>746.0</ele>
    <time>2026-06-06T02:31:24Z</time>
   </trkpt>
   <trkpt lat="47.6227420" lon="-120.6764220">
    <ele>746.0</ele>
    <time>2026-06-06T02:31:25Z</time>
   </trkpt>
   <trkpt lat="47.6227420" lon="-120.6764220">
    <ele>746.0</ele>
    <time>2026-06-06T02:31:26Z</time>
   </trkpt>
   <trkpt lat="47.6227420" lon="-120.6764220">
    <ele>746.0</ele>
    <time>2026-06-06T02:31:27Z</time>
   </trkpt>
   <trkpt lat="47.6227420" lon="-120.6764220">
    <ele>746.0</ele>
    <time>2026-06-06T02:31:28Z</time>
   </trkpt>
   <trkpt lat="47.6227420" lon="-120.6764220">
    <ele>746.0</ele>
    <time>2026-06-06T02:31:29Z</time>
   </trkpt>
   <trkpt lat="47.6227420" lon="-120.6764220">
    <ele>746.0</ele>
    <time>2026-06-06T02:31:30Z</time>
   </trkpt>
   <trkpt lat="47.6227420" lon="-120.6764220">
    <ele>746.0</ele>
    <time>2026-06-06T02:31:31Z</time>
   </trkpt>
   <trkpt lat="47.6227420" lon="-120.6764220">
    <ele>746.0</ele>
    <time>2026-06-06T02:31:32Z</time>
   </trkpt>
   <trkpt lat="47.6227420" lon="-120.6764220">
    <ele>746.0</ele>
    <time>2026-06-06T02:31:33Z</time>
   </trkpt>
   <trkpt lat="47.6227420" lon="-120.6764220">
    <ele>746.0</ele>
    <time>2026-06-06T02:31:34Z</time>
   </trkpt>
   <trkpt lat="47.6227420" lon="-120.6764220">
    <ele>746.0</ele>
    <time>2026-06-06T02:31:35Z</time>
   </trkpt>
   <trkpt lat="47.6227420" lon="-120.6764220">
    <ele>746.0</ele>
    <time>2026-06-06T02:31:36Z</time>
   </trkpt>
   <trkpt lat="47.6227420" lon="-120.6764220">
    <ele>746.0</ele>
    <time>2026-06-06T02:31:37Z</time>
   </trkpt>
   <trkpt lat="47.6227420" lon="-120.6764220">
    <ele>746.0</ele>
    <time>2026-06-06T02:31:38Z</time>
   </trkpt>
   <trkpt lat="47.6227420" lon="-120.6764220">
    <ele>746.0</ele>
    <time>2026-06-06T02:31:39Z</time>
   </trkpt>
   <trkpt lat="47.6227420" lon="-120.6764220">
    <ele>746.0</ele>
    <time>2026-06-06T02:31:40Z</time>
   </trkpt>
   <trkpt lat="47.6227430" lon="-120.6764220">
    <ele>746.0</ele>
    <time>2026-06-06T02:31:41Z</time>
   </trkpt>
   <trkpt lat="47.6227470" lon="-120.6764220">
    <ele>745.9</ele>
    <time>2026-06-06T02:31:42Z</time>
   </trkpt>
   <trkpt lat="47.6227500" lon="-120.6764240">
    <ele>745.9</ele>
    <time>2026-06-06T02:31:43Z</time>
   </trkpt>
   <trkpt lat="47.6227500" lon="-120.6764240">
    <ele>745.9</ele>
    <time>2026-06-06T02:31:44Z</time>
   </trkpt>
   <trkpt lat="47.6227510" lon="-120.6764270">
    <ele>745.9</ele>
    <time>2026-06-06T02:31:45Z</time>
   </trkpt>
   <trkpt lat="47.6227510" lon="-120.6764280">
    <ele>745.9</ele>
    <time>2026-06-06T02:31:46Z</time>
   </trkpt>
   <trkpt lat="47.6227510" lon="-120.6764280">
    <ele>745.9</ele>
    <time>2026-06-06T02:31:47Z</time>
   </trkpt>
   <trkpt lat="47.6227510" lon="-120.6764280">
    <ele>745.9</ele>
    <time>2026-06-06T02:31:48Z</time>
   </trkpt>
   <trkpt lat="47.6227510" lon="-120.6764280">
    <ele>745.9</ele>
    <time>2026-06-06T02:31:49Z</time>
   </trkpt>
   <trkpt lat="47.6227510" lon="-120.6764280">
    <ele>745.9</ele>
    <time>2026-06-06T02:31:50Z</time>
   </trkpt>
   <trkpt lat="47.6227510" lon="-120.6764300">
    <ele>745.8</ele>
    <time>2026-06-06T02:31:51Z</time>
   </trkpt>
   <trkpt lat="47.6227510" lon="-120.6764310">
    <ele>745.8</ele>
    <time>2026-06-06T02:31:52Z</time>
   </trkpt>
   <trkpt lat="47.6227460" lon="-120.6764290">
    <ele>745.8</ele>
    <time>2026-06-06T02:31:53Z</time>
   </trkpt>
   <trkpt lat="47.6227410" lon="-120.6764260">
    <ele>745.7</ele>
    <time>2026-06-06T02:31:54Z</time>
   </trkpt>
   <trkpt lat="47.6227310" lon="-120.6764040">
    <ele>745.5</ele>
    <time>2026-06-06T02:31:55Z</time>
   </trkpt>
   <trkpt lat="47.6227110" lon="-120.6763590">
    <ele>745.0</ele>
    <time>2026-06-06T02:31:56Z</time>
   </trkpt>
   <trkpt lat="47.6227020" lon="-120.6763410">
    <ele>744.8</ele>
    <time>2026-06-06T02:31:57Z</time>
   </trkpt>
   <trkpt lat="47.6226800" lon="-120.6763170">
    <ele>744.5</ele>
    <time>2026-06-06T02:31:58Z</time>
   </trkpt>
   <trkpt lat="47.6226710" lon="-120.6763030">
    <ele>744.3</ele>
    <time>2026-06-06T02:31:59Z</time>
   </trkpt>
   <trkpt lat="47.6226470" lon="-120.6762650">
    <ele>743.9</ele>
    <time>2026-06-06T02:32:00Z</time>
   </trkpt>
   <trkpt lat="47.6226050" lon="-120.6761780">
    <ele>743.0</ele>
    <time>2026-06-06T02:32:01Z</time>
   </trkpt>
   <trkpt lat="47.6225710" lon="-120.6759870">
    <ele>740.3</ele>
    <time>2026-06-06T02:32:02Z</time>
   </trkpt>
   <trkpt lat="47.6225200" lon="-120.6758970">
    <ele>739.4</ele>
    <time>2026-06-06T02:32:03Z</time>
   </trkpt>
   <trkpt lat="47.6224810" lon="-120.6758260">
    <ele>738.6</ele>
    <time>2026-06-06T02:32:04Z</time>
   </trkpt>
   <trkpt lat="47.6224510" lon="-120.6757470">
    <ele>738.0</ele>
    <time>2026-06-06T02:32:05Z</time>
   </trkpt>
   <trkpt lat="47.6224210" lon="-120.6756530">
    <ele>737.3</ele>
    <time>2026-06-06T02:32:06Z</time>
   </trkpt>
   <trkpt lat="47.6224050" lon="-120.6755700">
    <ele>736.8</ele>
    <time>2026-06-06T02:32:07Z</time>
   </trkpt>
   <trkpt lat="47.6223840" lon="-120.6754890">
    <ele>736.4</ele>
    <time>2026-06-06T02:32:08Z</time>
   </trkpt>
   <trkpt lat="47.6223680" lon="-120.6753960">
    <ele>736.0</ele>
    <time>2026-06-06T02:32:09Z</time>
   </trkpt>
   <trkpt lat="47.6223440" lon="-120.6753070">
    <ele>735.8</ele>
    <time>2026-06-06T02:32:10Z</time>
   </trkpt>
   <trkpt lat="47.6223270" lon="-120.6752300">
    <ele>735.7</ele>
    <time>2026-06-06T02:32:11Z</time>
   </trkpt>
   <trkpt lat="47.6223020" lon="-120.6751580">
    <ele>735.8</ele>
    <time>2026-06-06T02:32:12Z</time>
   </trkpt>
   <trkpt lat="47.6222760" lon="-120.6750870">
    <ele>736.1</ele>
    <time>2026-06-06T02:32:13Z</time>
   </trkpt>
   <trkpt lat="47.6222370" lon="-120.6750300">
    <ele>736.5</ele>
    <time>2026-06-06T02:32:14Z</time>
   </trkpt>
   <trkpt lat="47.6221920" lon="-120.6749680">
    <ele>737.2</ele>
    <time>2026-06-06T02:32:15Z</time>
   </trkpt>
   <trkpt lat="47.6221550" lon="-120.6749600">
    <ele>737.6</ele>
    <time>2026-06-06T02:32:16Z</time>
   </trkpt>
   <trkpt lat="47.6221160" lon="-120.6749170">
    <ele>738.2</ele>
    <time>2026-06-06T02:32:17Z</time>
   </trkpt>
   <trkpt lat="47.6221350" lon="-120.6748850">
    <ele>738.5</ele>
    <time>2026-06-06T02:32:18Z</time>
   </trkpt>
   <trkpt lat="47.6221190" lon="-120.6748450">
    <ele>738.8</ele>
    <time>2026-06-06T02:32:19Z</time>
   </trkpt>
   <trkpt lat="47.6221090" lon="-120.6748030">
    <ele>739.1</ele>
    <time>2026-06-06T02:32:20Z</time>
   </trkpt>
   <trkpt lat="47.6221060" lon="-120.6747900">
    <ele>739.2</ele>
    <time>2026-06-06T02:32:21Z</time>
   </trkpt>
   <trkpt lat="47.6221000" lon="-120.6747500">
    <ele>739.3</ele>
    <time>2026-06-06T02:32:22Z</time>
   </trkpt>
   <trkpt lat="47.6220940" lon="-120.6747010">
    <ele>739.4</ele>
    <time>2026-06-06T02:32:23Z</time>
   </trkpt>
   <trkpt lat="47.6220810" lon="-120.6746450">
    <ele>739.5</ele>
    <time>2026-06-06T02:32:24Z</time>
   </trkpt>
   <trkpt lat="47.6220650" lon="-120.6745930">
    <ele>739.4</ele>
    <time>2026-06-06T02:32:25Z</time>
   </trkpt>
   <trkpt lat="47.6220400" lon="-120.6745410">
    <ele>739.2</ele>
    <time>2026-06-06T02:32:26Z</time>
   </trkpt>
   <trkpt lat="47.6220000" lon="-120.6744720">
    <ele>738.7</ele>
    <time>2026-06-06T02:32:27Z</time>
   </trkpt>
   <trkpt lat="47.6219830" lon="-120.6743870">
    <ele>738.1</ele>
    <time>2026-06-06T02:32:28Z</time>
   </trkpt>
   <trkpt lat="47.6219510" lon="-120.6742940">
    <ele>737.3</ele>
    <time>2026-06-06T02:32:29Z</time>
   </trkpt>
   <trkpt lat="47.6219140" lon="-120.6741940">
    <ele>736.6</ele>
    <time>2026-06-06T02:32:30Z</time>
   </trkpt>
   <trkpt lat="47.6218960" lon="-120.6740890">
    <ele>736.2</ele>
    <time>2026-06-06T02:32:31Z</time>
   </trkpt>
   <trkpt lat="47.6218790" lon="-120.6739900">
    <ele>736.3</ele>
    <time>2026-06-06T02:32:32Z</time>
   </trkpt>
   <trkpt lat="47.6218700" lon="-120.6739090">
    <ele>736.7</ele>
    <time>2026-06-06T02:32:33Z</time>
   </trkpt>
   <trkpt lat="47.6218550" lon="-120.6738390">
    <ele>737.1</ele>
    <time>2026-06-06T02:32:34Z</time>
   </trkpt>
   <trkpt lat="47.6218340" lon="-120.6738120">
    <ele>737.4</ele>
    <time>2026-06-06T02:32:35Z</time>
   </trkpt>
   <trkpt lat="47.6218450" lon="-120.6737650">
    <ele>737.8</ele>
    <time>2026-06-06T02:32:36Z</time>
   </trkpt>
   <trkpt lat="47.6218550" lon="-120.6737550">
    <ele>737.9</ele>
    <time>2026-06-06T02:32:37Z</time>
   </trkpt>
   <trkpt lat="47.6218630" lon="-120.6737070">
    <ele>738.3</ele>
    <time>2026-06-06T02:32:38Z</time>
   </trkpt>
   <trkpt lat="47.6218420" lon="-120.6736650">
    <ele>738.6</ele>
    <time>2026-06-06T02:32:39Z</time>
   </trkpt>
   <trkpt lat="47.6218310" lon="-120.6736260">
    <ele>738.7</ele>
    <time>2026-06-06T02:32:40Z</time>
   </trkpt>
   <trkpt lat="47.6218200" lon="-120.6735780">
    <ele>738.9</ele>
    <time>2026-06-06T02:32:41Z</time>
   </trkpt>
   <trkpt lat="47.6218160" lon="-120.6735250">
    <ele>739.0</ele>
    <time>2026-06-06T02:32:42Z</time>
   </trkpt>
   <trkpt lat="47.6218140" lon="-120.6735060">
    <ele>739.0</ele>
    <time>2026-06-06T02:32:43Z</time>
   </trkpt>
   <trkpt lat="47.6218150" lon="-120.6734580">
    <ele>738.9</ele>
    <time>2026-06-06T02:32:44Z</time>
   </trkpt>
   <trkpt lat="47.6218180" lon="-120.6733780">
    <ele>738.7</ele>
    <time>2026-06-06T02:32:45Z</time>
   </trkpt>
   <trkpt lat="47.6218180" lon="-120.6732980">
    <ele>738.1</ele>
    <time>2026-06-06T02:32:46Z</time>
   </trkpt>
   <trkpt lat="47.6218410" lon="-120.6732220">
    <ele>737.4</ele>
    <time>2026-06-06T02:32:47Z</time>
   </trkpt>
   <trkpt lat="47.6218560" lon="-120.6731450">
    <ele>736.5</ele>
    <time>2026-06-06T02:32:48Z</time>
   </trkpt>
   <trkpt lat="47.6218800" lon="-120.6730910">
    <ele>735.7</ele>
    <time>2026-06-06T02:32:49Z</time>
   </trkpt>
   <trkpt lat="47.6218810" lon="-120.6730510">
    <ele>735.2</ele>
    <time>2026-06-06T02:32:50Z</time>
   </trkpt>
   <trkpt lat="47.6218970" lon="-120.6729980">
    <ele>734.4</ele>
    <time>2026-06-06T02:32:51Z</time>
   </trkpt>
   <trkpt lat="47.6218950" lon="-120.6729750">
    <ele>734.0</ele>
    <time>2026-06-06T02:32:52Z</time>
   </trkpt>
   <trkpt lat="47.6218990" lon="-120.6729240">
    <ele>733.3</ele>
    <time>2026-06-06T02:32:53Z</time>
   </trkpt>
   <trkpt lat="47.6218880" lon="-120.6728370">
    <ele>732.1</ele>
    <time>2026-06-06T02:32:54Z</time>
   </trkpt>
   <trkpt lat="47.6218750" lon="-120.6727570">
    <ele>730.9</ele>
    <time>2026-06-06T02:32:55Z</time>
   </trkpt>
   <trkpt lat="47.6218680" lon="-120.6726640">
    <ele>729.5</ele>
    <time>2026-06-06T02:32:56Z</time>
   </trkpt>
   <trkpt lat="47.6218540" lon="-120.6725590">
    <ele>727.8</ele>
    <time>2026-06-06T02:32:57Z</time>
   </trkpt>
   <trkpt lat="47.6218240" lon="-120.6724610">
    <ele>726.1</ele>
    <time>2026-06-06T02:32:58Z</time>
   </trkpt>
   <trkpt lat="47.6217740" lon="-120.6723740">
    <ele>724.3</ele>
    <time>2026-06-06T02:32:59Z</time>
   </trkpt>
   <trkpt lat="47.6217360" lon="-120.6722780">
    <ele>722.6</ele>
    <time>2026-06-06T02:33:00Z</time>
   </trkpt>
   <trkpt lat="47.6217100" lon="-120.6721970">
    <ele>721.3</ele>
    <time>2026-06-06T02:33:01Z</time>
   </trkpt>
   <trkpt lat="47.6216890" lon="-120.6720930">
    <ele>719.7</ele>
    <time>2026-06-06T02:33:02Z</time>
   </trkpt>
   <trkpt lat="47.6216780" lon="-120.6719910">
    <ele>718.3</ele>
    <time>2026-06-06T02:33:03Z</time>
   </trkpt>
   <trkpt lat="47.6216320" lon="-120.6718930">
    <ele>716.8</ele>
    <time>2026-06-06T02:33:04Z</time>
   </trkpt>
   <trkpt lat="47.6215610" lon="-120.6718200">
    <ele>715.5</ele>
    <time>2026-06-06T02:33:05Z</time>
   </trkpt>
   <trkpt lat="47.6215290" lon="-120.6717230">
    <ele>714.5</ele>
    <time>2026-06-06T02:33:06Z</time>
   </trkpt>
   <trkpt lat="47.6215120" lon="-120.6716080">
    <ele>713.6</ele>
    <time>2026-06-06T02:33:07Z</time>
   </trkpt>
   <trkpt lat="47.6214990" lon="-120.6714970">
    <ele>712.9</ele>
    <time>2026-06-06T02:33:08Z</time>
   </trkpt>
   <trkpt lat="47.6214950" lon="-120.6713660">
    <ele>712.3</ele>
    <time>2026-06-06T02:33:09Z</time>
   </trkpt>
   <trkpt lat="47.6215030" lon="-120.6712780">
    <ele>712.0</ele>
    <time>2026-06-06T02:33:10Z</time>
   </trkpt>
   <trkpt lat="47.6215080" lon="-120.6712170">
    <ele>711.8</ele>
    <time>2026-06-06T02:33:11Z</time>
   </trkpt>
   <trkpt lat="47.6215200" lon="-120.6711330">
    <ele>711.4</ele>
    <time>2026-06-06T02:33:12Z</time>
   </trkpt>
   <trkpt lat="47.6215220" lon="-120.6710610">
    <ele>711.1</ele>
    <time>2026-06-06T02:33:13Z</time>
   </trkpt>
   <trkpt lat="47.6215160" lon="-120.6709790">
    <ele>710.6</ele>
    <time>2026-06-06T02:33:14Z</time>
   </trkpt>
   <trkpt lat="47.6215050" lon="-120.6709030">
    <ele>710.0</ele>
    <time>2026-06-06T02:33:15Z</time>
   </trkpt>
   <trkpt lat="47.6214800" lon="-120.6708180">
    <ele>709.2</ele>
    <time>2026-06-06T02:33:16Z</time>
   </trkpt>
   <trkpt lat="47.6214730" lon="-120.6707140">
    <ele>708.1</ele>
    <time>2026-06-06T02:33:17Z</time>
   </trkpt>
   <trkpt lat="47.6214640" lon="-120.6706250">
    <ele>707.1</ele>
    <time>2026-06-06T02:33:18Z</time>
   </trkpt>
   <trkpt lat="47.6214990" lon="-120.6705380">
    <ele>706.0</ele>
    <time>2026-06-06T02:33:19Z</time>
   </trkpt>
   <trkpt lat="47.6215150" lon="-120.6704540">
    <ele>705.0</ele>
    <time>2026-06-06T02:33:20Z</time>
   </trkpt>
   <trkpt lat="47.6215200" lon="-120.6703740">
    <ele>704.1</ele>
    <time>2026-06-06T02:33:21Z</time>
   </trkpt>
   <trkpt lat="47.6215390" lon="-120.6703030">
    <ele>703.2</ele>
    <time>2026-06-06T02:33:22Z</time>
   </trkpt>
   <trkpt lat="47.6215310" lon="-120.6702160">
    <ele>702.3</ele>
    <time>2026-06-06T02:33:23Z</time>
   </trkpt>
   <trkpt lat="47.6215380" lon="-120.6701090">
    <ele>701.3</ele>
    <time>2026-06-06T02:33:24Z</time>
   </trkpt>
   <trkpt lat="47.6215470" lon="-120.6700000">
    <ele>700.7</ele>
    <time>2026-06-06T02:33:25Z</time>
   </trkpt>
   <trkpt lat="47.6215290" lon="-120.6698890">
    <ele>700.4</ele>
    <time>2026-06-06T02:33:26Z</time>
   </trkpt>
   <trkpt lat="47.6214810" lon="-120.6698040">
    <ele>700.6</ele>
    <time>2026-06-06T02:33:27Z</time>
   </trkpt>
   <trkpt lat="47.6214730" lon="-120.6697440">
    <ele>700.9</ele>
    <time>2026-06-06T02:33:28Z</time>
   </trkpt>
   <trkpt lat="47.6214530" lon="-120.6696910">
    <ele>701.2</ele>
    <time>2026-06-06T02:33:29Z</time>
   </trkpt>
   <trkpt lat="47.6214470" lon="-120.6696350">
    <ele>701.5</ele>
    <time>2026-06-06T02:33:30Z</time>
   </trkpt>
   <trkpt lat="47.6214430" lon="-120.6696150">
    <ele>701.6</ele>
    <time>2026-06-06T02:33:31Z</time>
   </trkpt>
   <trkpt lat="47.6214310" lon="-120.6695780">
    <ele>701.8</ele>
    <time>2026-06-06T02:33:32Z</time>
   </trkpt>
   <trkpt lat="47.6214130" lon="-120.6695450">
    <ele>702.1</ele>
    <time>2026-06-06T02:33:33Z</time>
   </trkpt>
   <trkpt lat="47.6213950" lon="-120.6695110">
    <ele>702.3</ele>
    <time>2026-06-06T02:33:34Z</time>
   </trkpt>
   <trkpt lat="47.6213680" lon="-120.6694650">
    <ele>702.7</ele>
    <time>2026-06-06T02:33:35Z</time>
   </trkpt>
   <trkpt lat="47.6213580" lon="-120.6694510">
    <ele>702.9</ele>
    <time>2026-06-06T02:33:36Z</time>
   </trkpt>
   <trkpt lat="47.6213360" lon="-120.6694180">
    <ele>703.2</ele>
    <time>2026-06-06T02:33:37Z</time>
   </trkpt>
   <trkpt lat="47.6213320" lon="-120.6694090">
    <ele>703.3</ele>
    <time>2026-06-06T02:33:38Z</time>
   </trkpt>
   <trkpt lat="47.6213180" lon="-120.6693680">
    <ele>703.6</ele>
    <time>2026-06-06T02:33:39Z</time>
   </trkpt>
   <trkpt lat="47.6213120" lon="-120.6693550">
    <ele>703.7</ele>
    <time>2026-06-06T02:33:40Z</time>
   </trkpt>
   <trkpt lat="47.6212910" lon="-120.6693150">
    <ele>704.1</ele>
    <time>2026-06-06T02:33:41Z</time>
   </trkpt>
   <trkpt lat="47.6212830" lon="-120.6693020">
    <ele>704.2</ele>
    <time>2026-06-06T02:33:42Z</time>
   </trkpt>
   <trkpt lat="47.6212580" lon="-120.6692650">
    <ele>704.6</ele>
    <time>2026-06-06T02:33:43Z</time>
   </trkpt>
   <trkpt lat="47.6212490" lon="-120.6692540">
    <ele>704.7</ele>
    <time>2026-06-06T02:33:44Z</time>
   </trkpt>
   <trkpt lat="47.6212250" lon="-120.6692200">
    <ele>705.1</ele>
    <time>2026-06-06T02:33:45Z</time>
   </trkpt>
   <trkpt lat="47.6212180" lon="-120.6692090">
    <ele>705.2</ele>
    <time>2026-06-06T02:33:46Z</time>
   </trkpt>
   <trkpt lat="47.6212060" lon="-120.6691690">
    <ele>705.5</ele>
    <time>2026-06-06T02:33:47Z</time>
   </trkpt>
   <trkpt lat="47.6212020" lon="-120.6691550">
    <ele>705.6</ele>
    <time>2026-06-06T02:33:48Z</time>
   </trkpt>
   <trkpt lat="47.6211910" lon="-120.6691140">
    <ele>705.9</ele>
    <time>2026-06-06T02:33:49Z</time>
   </trkpt>
   <trkpt lat="47.6211880" lon="-120.6691000">
    <ele>706.0</ele>
    <time>2026-06-06T02:33:50Z</time>
   </trkpt>
   <trkpt lat="47.6211930" lon="-120.6690560">
    <ele>706.3</ele>
    <time>2026-06-06T02:33:51Z</time>
   </trkpt>
   <trkpt lat="47.6211950" lon="-120.6690410">
    <ele>706.5</ele>
    <time>2026-06-06T02:33:52Z</time>
   </trkpt>
   <trkpt lat="47.6211870" lon="-120.6690000">
    <ele>706.8</ele>
    <time>2026-06-06T02:33:53Z</time>
   </trkpt>
   <trkpt lat="47.6211800" lon="-120.6689890">
    <ele>706.9</ele>
    <time>2026-06-06T02:33:54Z</time>
   </trkpt>
   <trkpt lat="47.6211530" lon="-120.6689710">
    <ele>707.2</ele>
    <time>2026-06-06T02:33:55Z</time>
   </trkpt>
   <trkpt lat="47.6211440" lon="-120.6689640">
    <ele>707.3</ele>
    <time>2026-06-06T02:33:56Z</time>
   </trkpt>
   <trkpt lat="47.6211180" lon="-120.6689410">
    <ele>707.7</ele>
    <time>2026-06-06T02:33:57Z</time>
   </trkpt>
   <trkpt lat="47.6211090" lon="-120.6689330">
    <ele>707.8</ele>
    <time>2026-06-06T02:33:58Z</time>
   </trkpt>
   <trkpt lat="47.6210820" lon="-120.6689080">
    <ele>708.1</ele>
    <time>2026-06-06T02:33:59Z</time>
   </trkpt>
   <trkpt lat="47.6210740" lon="-120.6688990">
    <ele>708.2</ele>
    <time>2026-06-06T02:34:00Z</time>
   </trkpt>
   <trkpt lat="47.6210500" lon="-120.6688690">
    <ele>708.5</ele>
    <time>2026-06-06T02:34:01Z</time>
   </trkpt>
   <trkpt lat="47.6210420" lon="-120.6688590">
    <ele>708.6</ele>
    <time>2026-06-06T02:34:02Z</time>
   </trkpt>
   <trkpt lat="47.6210200" lon="-120.6688300">
    <ele>708.9</ele>
    <time>2026-06-06T02:34:03Z</time>
   </trkpt>
   <trkpt lat="47.6210120" lon="-120.6688210">
    <ele>709.0</ele>
    <time>2026-06-06T02:34:04Z</time>
   </trkpt>
   <trkpt lat="47.6209870" lon="-120.6687970">
    <ele>709.2</ele>
    <time>2026-06-06T02:34:05Z</time>
   </trkpt>
   <trkpt lat="47.6209770" lon="-120.6687920">
    <ele>709.3</ele>
    <time>2026-06-06T02:34:06Z</time>
   </trkpt>
   <trkpt lat="47.6209500" lon="-120.6687670">
    <ele>709.5</ele>
    <time>2026-06-06T02:34:07Z</time>
   </trkpt>
   <trkpt lat="47.6209390" lon="-120.6687580">
    <ele>709.6</ele>
    <time>2026-06-06T02:34:08Z</time>
   </trkpt>
   <trkpt lat="47.6209100" lon="-120.6687300">
    <ele>709.8</ele>
    <time>2026-06-06T02:34:09Z</time>
   </trkpt>
   <trkpt lat="47.6208980" lon="-120.6687210">
    <ele>709.9</ele>
    <time>2026-06-06T02:34:10Z</time>
   </trkpt>
   <trkpt lat="47.6208640" lon="-120.6686960">
    <ele>710.1</ele>
    <time>2026-06-06T02:34:11Z</time>
   </trkpt>
   <trkpt lat="47.6208530" lon="-120.6686880">
    <ele>710.2</ele>
    <time>2026-06-06T02:34:12Z</time>
   </trkpt>
   <trkpt lat="47.6208260" lon="-120.6686670">
    <ele>710.5</ele>
    <time>2026-06-06T02:34:13Z</time>
   </trkpt>
   <trkpt lat="47.6208180" lon="-120.6686600">
    <ele>710.6</ele>
    <time>2026-06-06T02:34:14Z</time>
   </trkpt>
   <trkpt lat="47.6207850" lon="-120.6686430">
    <ele>710.9</ele>
    <time>2026-06-06T02:34:15Z</time>
   </trkpt>
   <trkpt lat="47.6207740" lon="-120.6686370">
    <ele>711.0</ele>
    <time>2026-06-06T02:34:16Z</time>
   </trkpt>
   <trkpt lat="47.6207400" lon="-120.6686160">
    <ele>711.4</ele>
    <time>2026-06-06T02:34:17Z</time>
   </trkpt>
   <trkpt lat="47.6207290" lon="-120.6686090">
    <ele>711.6</ele>
    <time>2026-06-06T02:34:18Z</time>
   </trkpt>
   <trkpt lat="47.6206980" lon="-120.6685880">
    <ele>712.0</ele>
    <time>2026-06-06T02:34:19Z</time>
   </trkpt>
   <trkpt lat="47.6206870" lon="-120.6685820">
    <ele>712.2</ele>
    <time>2026-06-06T02:34:20Z</time>
   </trkpt>
   <trkpt lat="47.6206550" lon="-120.6685670">
    <ele>712.6</ele>
    <time>2026-06-06T02:34:21Z</time>
   </trkpt>
   <trkpt lat="47.6206450" lon="-120.6685630">
    <ele>712.8</ele>
    <time>2026-06-06T02:34:22Z</time>
   </trkpt>
   <trkpt lat="47.6206150" lon="-120.6685530">
    <ele>713.2</ele>
    <time>2026-06-06T02:34:23Z</time>
   </trkpt>
   <trkpt lat="47.6206050" lon="-120.6685490">
    <ele>713.3</ele>
    <time>2026-06-06T02:34:24Z</time>
   </trkpt>
   <trkpt lat="47.6205800" lon="-120.6685280">
    <ele>713.7</ele>
    <time>2026-06-06T02:34:25Z</time>
   </trkpt>
   <trkpt lat="47.6205730" lon="-120.6685210">
    <ele>713.8</ele>
    <time>2026-06-06T02:34:26Z</time>
   </trkpt>
   <trkpt lat="47.6205580" lon="-120.6685070">
    <ele>714.0</ele>
    <time>2026-06-06T02:34:27Z</time>
   </trkpt>
   <trkpt lat="47.6205480" lon="-120.6684920">
    <ele>714.2</ele>
    <time>2026-06-06T02:34:28Z</time>
   </trkpt>
   <trkpt lat="47.6205380" lon="-120.6684740">
    <ele>714.3</ele>
    <time>2026-06-06T02:34:29Z</time>
   </trkpt>
   <trkpt lat="47.6205330" lon="-120.6684530">
    <ele>714.5</ele>
    <time>2026-06-06T02:34:30Z</time>
   </trkpt>
   <trkpt lat="47.6205320" lon="-120.6684310">
    <ele>714.6</ele>
    <time>2026-06-06T02:34:31Z</time>
   </trkpt>
   <trkpt lat="47.6205490" lon="-120.6684330">
    <ele>714.8</ele>
    <time>2026-06-06T02:34:32Z</time>
   </trkpt>
   <trkpt lat="47.6205600" lon="-120.6684320">
    <ele>714.9</ele>
    <time>2026-06-06T02:34:33Z</time>
   </trkpt>
   <trkpt lat="47.6205600" lon="-120.6684340">
    <ele>714.9</ele>
    <time>2026-06-06T02:34:34Z</time>
   </trkpt>
   <trkpt lat="47.6205580" lon="-120.6684370">
    <ele>714.9</ele>
    <time>2026-06-06T02:34:35Z</time>
   </trkpt>
   <trkpt lat="47.6205560" lon="-120.6684400">
    <ele>714.9</ele>
    <time>2026-06-06T02:34:36Z</time>
   </trkpt>
   <trkpt lat="47.6205550" lon="-120.6684430">
    <ele>715.0</ele>
    <time>2026-06-06T02:34:37Z</time>
   </trkpt>
   <trkpt lat="47.6205530" lon="-120.6684460">
    <ele>715.0</ele>
    <time>2026-06-06T02:34:38Z</time>
   </trkpt>
   <trkpt lat="47.6205510" lon="-120.6684490">
    <ele>715.0</ele>
    <time>2026-06-06T02:34:39Z</time>
   </trkpt>
   <trkpt lat="47.6205490" lon="-120.6684520">
    <ele>715.0</ele>
    <time>2026-06-06T02:34:40Z</time>
   </trkpt>
   <trkpt lat="47.6205470" lon="-120.6684550">
    <ele>715.0</ele>
    <time>2026-06-06T02:34:41Z</time>
   </trkpt>
   <trkpt lat="47.6205450" lon="-120.6684580">
    <ele>715.1</ele>
    <time>2026-06-06T02:34:42Z</time>
   </trkpt>
   <trkpt lat="47.6205430" lon="-120.6684610">
    <ele>715.1</ele>
    <time>2026-06-06T02:34:43Z</time>
   </trkpt>
   <trkpt lat="47.6205410" lon="-120.6684640">
    <ele>715.1</ele>
    <time>2026-06-06T02:34:44Z</time>
   </trkpt>
   <trkpt lat="47.6205400" lon="-120.6684670">
    <ele>715.1</ele>
    <time>2026-06-06T02:34:45Z</time>
   </trkpt>
   <trkpt lat="47.6205380" lon="-120.6684690">
    <ele>715.1</ele>
    <time>2026-06-06T02:34:46Z</time>
   </trkpt>
   <trkpt lat="47.6205360" lon="-120.6684720">
    <ele>715.2</ele>
    <time>2026-06-06T02:34:47Z</time>
   </trkpt>
   <trkpt lat="47.6205340" lon="-120.6684750">
    <ele>715.2</ele>
    <time>2026-06-06T02:34:48Z</time>
   </trkpt>
   <trkpt lat="47.6205320" lon="-120.6684780">
    <ele>715.2</ele>
    <time>2026-06-06T02:34:49Z</time>
   </trkpt>
   <trkpt lat="47.6205300" lon="-120.6684810">
    <ele>715.2</ele>
    <time>2026-06-06T02:34:50Z</time>
   </trkpt>
   <trkpt lat="47.6205280" lon="-120.6684840">
    <ele>715.2</ele>
    <time>2026-06-06T02:34:51Z</time>
   </trkpt>
   <trkpt lat="47.6205260" lon="-120.6684870">
    <ele>715.2</ele>
    <time>2026-06-06T02:34:52Z</time>
   </trkpt>
   <trkpt lat="47.6205250" lon="-120.6684900">
    <ele>715.3</ele>
    <time>2026-06-06T02:34:53Z</time>
   </trkpt>
   <trkpt lat="47.6205230" lon="-120.6684930">
    <ele>715.3</ele>
    <time>2026-06-06T02:34:54Z</time>
   </trkpt>
   <trkpt lat="47.6205210" lon="-120.6684960">
    <ele>715.3</ele>
    <time>2026-06-06T02:34:55Z</time>
   </trkpt>
   <trkpt lat="47.6205190" lon="-120.6684990">
    <ele>715.3</ele>
    <time>2026-06-06T02:34:56Z</time>
   </trkpt>
   <trkpt lat="47.6205170" lon="-120.6685020">
    <ele>715.3</ele>
    <time>2026-06-06T02:34:57Z</time>
   </trkpt>
   <trkpt lat="47.6204880" lon="-120.6684810">
    <ele>715.4</ele>
    <time>2026-06-06T02:34:58Z</time>
   </trkpt>
   <trkpt lat="47.6204960" lon="-120.6684660">
    <ele>715.3</ele>
    <time>2026-06-06T02:34:59Z</time>
   </trkpt>
   <trkpt lat="47.6205050" lon="-120.6684640">
    <ele>715.3</ele>
    <time>2026-06-06T02:35:00Z</time>
   </trkpt>
   <trkpt lat="47.6205130" lon="-120.6684630">
    <ele>715.3</ele>
    <time>2026-06-06T02:35:01Z</time>
   </trkpt>
   <trkpt lat="47.6205220" lon="-120.6684610">
    <ele>715.2</ele>
    <time>2026-06-06T02:35:02Z</time>
   </trkpt>
   <trkpt lat="47.6205520" lon="-120.6684730">
    <ele>715.1</ele>
    <time>2026-06-06T02:35:03Z</time>
   </trkpt>
   <trkpt lat="47.6205630" lon="-120.6684740">
    <ele>715.1</ele>
    <time>2026-06-06T02:35:04Z</time>
   </trkpt>
   <trkpt lat="47.6205940" lon="-120.6684650">
    <ele>714.9</ele>
    <time>2026-06-06T02:35:05Z</time>
   </trkpt>
   <trkpt lat="47.6206060" lon="-120.6684610">
    <ele>714.9</ele>
    <time>2026-06-06T02:35:06Z</time>
   </trkpt>
   <trkpt lat="47.6206170" lon="-120.6684690">
    <ele>714.8</ele>
    <time>2026-06-06T02:35:07Z</time>
   </trkpt>
   <trkpt lat="47.6206260" lon="-120.6684760">
    <ele>714.8</ele>
    <time>2026-06-06T02:35:08Z</time>
   </trkpt>
   <trkpt lat="47.6206320" lon="-120.6684820">
    <ele>714.8</ele>
    <time>2026-06-06T02:35:09Z</time>
   </trkpt>
   <trkpt lat="47.6206420" lon="-120.6684890">
    <ele>714.7</ele>
    <time>2026-06-06T02:35:10Z</time>
   </trkpt>
   <trkpt lat="47.6206530" lon="-120.6684960">
    <ele>714.7</ele>
    <time>2026-06-06T02:35:11Z</time>
   </trkpt>
   <trkpt lat="47.6206590" lon="-120.6685020">
    <ele>714.6</ele>
    <time>2026-06-06T02:35:12Z</time>
   </trkpt>
   <trkpt lat="47.6206660" lon="-120.6685130">
    <ele>714.6</ele>
    <time>2026-06-06T02:35:13Z</time>
   </trkpt>
   <trkpt lat="47.6206690" lon="-120.6685180">
    <ele>714.5</ele>
    <time>2026-06-06T02:35:14Z</time>
   </trkpt>
   <trkpt lat="47.6206730" lon="-120.6685230">
    <ele>714.5</ele>
    <time>2026-06-06T02:35:15Z</time>
   </trkpt>
   <trkpt lat="47.6206790" lon="-120.6685340">
    <ele>714.5</ele>
    <time>2026-06-06T02:35:16Z</time>
   </trkpt>
   <trkpt lat="47.6206840" lon="-120.6685510">
    <ele>714.4</ele>
    <time>2026-06-06T02:35:17Z</time>
   </trkpt>
   <trkpt lat="47.6206870" lon="-120.6685750">
    <ele>714.3</ele>
    <time>2026-06-06T02:35:18Z</time>
   </trkpt>
   <trkpt lat="47.6206940" lon="-120.6686020">
    <ele>714.2</ele>
    <time>2026-06-06T02:35:19Z</time>
   </trkpt>
   <trkpt lat="47.6207080" lon="-120.6686170">
    <ele>714.1</ele>
    <time>2026-06-06T02:35:20Z</time>
   </trkpt>
   <trkpt lat="47.6207240" lon="-120.6686260">
    <ele>714.0</ele>
    <time>2026-06-06T02:35:21Z</time>
   </trkpt>
   <trkpt lat="47.6207390" lon="-120.6686340">
    <ele>713.9</ele>
    <time>2026-06-06T02:35:22Z</time>
   </trkpt>
   <trkpt lat="47.6207550" lon="-120.6686440">
    <ele>713.8</ele>
    <time>2026-06-06T02:35:23Z</time>
   </trkpt>
   <trkpt lat="47.6207620" lon="-120.6686540">
    <ele>713.7</ele>
    <time>2026-06-06T02:35:24Z</time>
   </trkpt>
   <trkpt lat="47.6207750" lon="-120.6686740">
    <ele>713.6</ele>
    <time>2026-06-06T02:35:25Z</time>
   </trkpt>
   <trkpt lat="47.6207830" lon="-120.6686820">
    <ele>713.5</ele>
    <time>2026-06-06T02:35:26Z</time>
   </trkpt>
   <trkpt lat="47.6207900" lon="-120.6686910">
    <ele>713.4</ele>
    <time>2026-06-06T02:35:27Z</time>
   </trkpt>
   <trkpt lat="47.6208010" lon="-120.6687110">
    <ele>713.3</ele>
    <time>2026-06-06T02:35:28Z</time>
   </trkpt>
   <trkpt lat="47.6208100" lon="-120.6687270">
    <ele>713.2</ele>
    <time>2026-06-06T02:35:29Z</time>
   </trkpt>
   <trkpt lat="47.6208300" lon="-120.6687380">
    <ele>713.0</ele>
    <time>2026-06-06T02:35:30Z</time>
   </trkpt>
   <trkpt lat="47.6208360" lon="-120.6687460">
    <ele>713.0</ele>
    <time>2026-06-06T02:35:31Z</time>
   </trkpt>
   <trkpt lat="47.6208430" lon="-120.6687550">
    <ele>712.9</ele>
    <time>2026-06-06T02:35:32Z</time>
   </trkpt>
   <trkpt lat="47.6208530" lon="-120.6687700">
    <ele>712.8</ele>
    <time>2026-06-06T02:35:33Z</time>
   </trkpt>
   <trkpt lat="47.6208630" lon="-120.6687740">
    <ele>712.7</ele>
    <time>2026-06-06T02:35:34Z</time>
   </trkpt>
   <trkpt lat="47.6208720" lon="-120.6687780">
    <ele>712.7</ele>
    <time>2026-06-06T02:35:35Z</time>
   </trkpt>
   <trkpt lat="47.6208860" lon="-120.6687850">
    <ele>712.6</ele>
    <time>2026-06-06T02:35:36Z</time>
   </trkpt>
   <trkpt lat="47.6208940" lon="-120.6687880">
    <ele>712.5</ele>
    <time>2026-06-06T02:35:37Z</time>
   </trkpt>
   <trkpt lat="47.6209040" lon="-120.6687860">
    <ele>712.4</ele>
    <time>2026-06-06T02:35:38Z</time>
   </trkpt>
   <trkpt lat="47.6209240" lon="-120.6687770">
    <ele>712.3</ele>
    <time>2026-06-06T02:35:39Z</time>
   </trkpt>
   <trkpt lat="47.6209360" lon="-120.6687780">
    <ele>712.2</ele>
    <time>2026-06-06T02:35:40Z</time>
   </trkpt>
   <trkpt lat="47.6209480" lon="-120.6687800">
    <ele>712.1</ele>
    <time>2026-06-06T02:35:41Z</time>
   </trkpt>
   <trkpt lat="47.6209590" lon="-120.6687820">
    <ele>712.0</ele>
    <time>2026-06-06T02:35:42Z</time>
   </trkpt>
   <trkpt lat="47.6209610" lon="-120.6687820">
    <ele>712.0</ele>
    <time>2026-06-06T02:35:43Z</time>
   </trkpt>
   <trkpt lat="47.6209620" lon="-120.6687850">
    <ele>712.0</ele>
    <time>2026-06-06T02:35:44Z</time>
   </trkpt>
   <trkpt lat="47.6209650" lon="-120.6687890">
    <ele>712.0</ele>
    <time>2026-06-06T02:35:45Z</time>
   </trkpt>
   <trkpt lat="47.6209690" lon="-120.6687900">
    <ele>711.9</ele>
    <time>2026-06-06T02:35:46Z</time>
   </trkpt>
   <trkpt lat="47.6209710" lon="-120.6687930">
    <ele>711.9</ele>
    <time>2026-06-06T02:35:47Z</time>
   </trkpt>
   <trkpt lat="47.6209730" lon="-120.6687940">
    <ele>711.9</ele>
    <time>2026-06-06T02:35:48Z</time>
   </trkpt>
   <trkpt lat="47.6209740" lon="-120.6687950">
    <ele>711.9</ele>
    <time>2026-06-06T02:35:49Z</time>
   </trkpt>
   <trkpt lat="47.6209740" lon="-120.6687960">
    <ele>711.9</ele>
    <time>2026-06-06T02:35:50Z</time>
   </trkpt>
   <trkpt lat="47.6209740" lon="-120.6687960">
    <ele>711.9</ele>
    <time>2026-06-06T02:35:51Z</time>
   </trkpt>
   <trkpt lat="47.6209760" lon="-120.6687950">
    <ele>711.9</ele>
    <time>2026-06-06T02:35:52Z</time>
   </trkpt>
   <trkpt lat="47.6209760" lon="-120.6687950">
    <ele>711.9</ele>
    <time>2026-06-06T02:35:53Z</time>
   </trkpt>
   <trkpt lat="47.6209760" lon="-120.6687970">
    <ele>711.9</ele>
    <time>2026-06-06T02:35:54Z</time>
   </trkpt>
   <trkpt lat="47.6209780" lon="-120.6687980">
    <ele>711.8</ele>
    <time>2026-06-06T02:35:55Z</time>
   </trkpt>
   <trkpt lat="47.6209800" lon="-120.6687950">
    <ele>711.8</ele>
    <time>2026-06-06T02:35:56Z</time>
   </trkpt>
   <trkpt lat="47.6209790" lon="-120.6687930">
    <ele>711.8</ele>
    <time>2026-06-06T02:35:57Z</time>
   </trkpt>
   <trkpt lat="47.6209790" lon="-120.6687920">
    <ele>711.8</ele>
    <time>2026-06-06T02:35:58Z</time>
   </trkpt>
   <trkpt lat="47.6209790" lon="-120.6687920">
    <ele>711.8</ele>
    <time>2026-06-06T02:35:59Z</time>
   </trkpt>
   <trkpt lat="47.6209790" lon="-120.6687920">
    <ele>711.8</ele>
    <time>2026-06-06T02:36:00Z</time>
   </trkpt>
   <trkpt lat="47.6209790" lon="-120.6687920">
    <ele>711.8</ele>
    <time>2026-06-06T02:36:01Z</time>
   </trkpt>
   <trkpt lat="47.6209790" lon="-120.6687920">
    <ele>711.8</ele>
    <time>2026-06-06T02:36:02Z</time>
   </trkpt>
   <trkpt lat="47.6209790" lon="-120.6687920">
    <ele>711.8</ele>
    <time>2026-06-06T02:36:03Z</time>
   </trkpt>
   <trkpt lat="47.6209790" lon="-120.6687920">
    <ele>711.8</ele>
    <time>2026-06-06T02:36:04Z</time>
   </trkpt>
   <trkpt lat="47.6209790" lon="-120.6687920">
    <ele>711.8</ele>
    <time>2026-06-06T02:36:05Z</time>
   </trkpt>
   <trkpt lat="47.6209790" lon="-120.6687920">
    <ele>711.8</ele>
    <time>2026-06-06T02:36:06Z</time>
   </trkpt>
   <trkpt lat="47.6209790" lon="-120.6687920">
    <ele>711.8</ele>
    <time>2026-06-06T02:36:07Z</time>
   </trkpt>
   <trkpt lat="47.6209790" lon="-120.6687920">
    <ele>711.8</ele>
    <time>2026-06-06T02:36:08Z</time>
   </trkpt>
   <trkpt lat="47.6209790" lon="-120.6687920">
    <ele>711.8</ele>
    <time>2026-06-06T02:36:09Z</time>
   </trkpt>
   <trkpt lat="47.6209790" lon="-120.6687920">
    <ele>711.8</ele>
    <time>2026-06-06T02:36:10Z</time>
   </trkpt>
   <trkpt lat="47.6209790" lon="-120.6687920">
    <ele>711.8</ele>
    <time>2026-06-06T02:36:11Z</time>
   </trkpt>
   <trkpt lat="47.6209790" lon="-120.6687920">
    <ele>711.8</ele>
    <time>2026-06-06T02:36:12Z</time>
   </trkpt>
   <trkpt lat="47.6209790" lon="-120.6687930">
    <ele>711.8</ele>
    <time>2026-06-06T02:36:13Z</time>
   </trkpt>
   <trkpt lat="47.6209800" lon="-120.6688010">
    <ele>711.8</ele>
    <time>2026-06-06T02:36:14Z</time>
   </trkpt>
   <trkpt lat="47.6209750" lon="-120.6688080">
    <ele>711.7</ele>
    <time>2026-06-06T02:36:15Z</time>
   </trkpt>
   <trkpt lat="47.6209710" lon="-120.6688050">
    <ele>711.7</ele>
    <time>2026-06-06T02:36:16Z</time>
   </trkpt>
   <trkpt lat="47.6209690" lon="-120.6688070">
    <ele>711.7</ele>
    <time>2026-06-06T02:36:17Z</time>
   </trkpt>
   <trkpt lat="47.6209710" lon="-120.6688110">
    <ele>711.7</ele>
    <time>2026-06-06T02:36:18Z</time>
   </trkpt>
   <trkpt lat="47.6209720" lon="-120.6688120">
    <ele>711.6</ele>
    <time>2026-06-06T02:36:19Z</time>
   </trkpt>
   <trkpt lat="47.6209720" lon="-120.6688120">
    <ele>711.6</ele>
    <time>2026-06-06T02:36:20Z</time>
   </trkpt>
   <trkpt lat="47.6209730" lon="-120.6688120">
    <ele>711.6</ele>
    <time>2026-06-06T02:36:21Z</time>
   </trkpt>
   <trkpt lat="47.6209730" lon="-120.6688120">
    <ele>711.6</ele>
    <time>2026-06-06T02:36:22Z</time>
   </trkpt>
   <trkpt lat="47.6209730" lon="-120.6688120">
    <ele>711.6</ele>
    <time>2026-06-06T02:36:23Z</time>
   </trkpt>
   <trkpt lat="47.6209730" lon="-120.6688120">
    <ele>711.6</ele>
    <time>2026-06-06T02:36:24Z</time>
   </trkpt>
   <trkpt lat="47.6209730" lon="-120.6688120">
    <ele>711.6</ele>
    <time>2026-06-06T02:36:25Z</time>
   </trkpt>
   <trkpt lat="47.6209720" lon="-120.6688130">
    <ele>711.6</ele>
    <time>2026-06-06T02:36:26Z</time>
   </trkpt>
   <trkpt lat="47.6209720" lon="-120.6688120">
    <ele>711.6</ele>
    <time>2026-06-06T02:36:27Z</time>
   </trkpt>
   <trkpt lat="47.6209710" lon="-120.6688130">
    <ele>711.6</ele>
    <time>2026-06-06T02:36:28Z</time>
   </trkpt>
   <trkpt lat="47.6209710" lon="-120.6688130">
    <ele>711.6</ele>
    <time>2026-06-06T02:36:29Z</time>
   </trkpt>
   <trkpt lat="47.6209700" lon="-120.6688190">
    <ele>711.6</ele>
    <time>2026-06-06T02:36:30Z</time>
   </trkpt>
   <trkpt lat="47.6209760" lon="-120.6688180">
    <ele>711.6</ele>
    <time>2026-06-06T02:36:31Z</time>
   </trkpt>
   <trkpt lat="47.6209820" lon="-120.6688180">
    <ele>711.5</ele>
    <time>2026-06-06T02:36:32Z</time>
   </trkpt>
   <trkpt lat="47.6209840" lon="-120.6688170">
    <ele>711.5</ele>
    <time>2026-06-06T02:36:33Z</time>
   </trkpt>
   <trkpt lat="47.6209850" lon="-120.6688170">
    <ele>711.5</ele>
    <time>2026-06-06T02:36:34Z</time>
   </trkpt>
   <trkpt lat="47.6209850" lon="-120.6688170">
    <ele>711.5</ele>
    <time>2026-06-06T02:36:35Z</time>
   </trkpt>
   <trkpt lat="47.6209850" lon="-120.6688170">
    <ele>711.5</ele>
    <time>2026-06-06T02:36:36Z</time>
   </trkpt>
   <trkpt lat="47.6209850" lon="-120.6688170">
    <ele>711.5</ele>
    <time>2026-06-06T02:36:37Z</time>
   </trkpt>
   <trkpt lat="47.6209850" lon="-120.6688170">
    <ele>711.5</ele>
    <time>2026-06-06T02:36:38Z</time>
   </trkpt>
   <trkpt lat="47.6209850" lon="-120.6688170">
    <ele>711.5</ele>
    <time>2026-06-06T02:36:39Z</time>
   </trkpt>
   <trkpt lat="47.6209850" lon="-120.6688170">
    <ele>711.5</ele>
    <time>2026-06-06T02:36:40Z</time>
   </trkpt>
   <trkpt lat="47.6209850" lon="-120.6688170">
    <ele>711.5</ele>
    <time>2026-06-06T02:36:41Z</time>
   </trkpt>
   <trkpt lat="47.6209850" lon="-120.6688170">
    <ele>711.5</ele>
    <time>2026-06-06T02:36:42Z</time>
   </trkpt>
   <trkpt lat="47.6209850" lon="-120.6688170">
    <ele>711.5</ele>
    <time>2026-06-06T02:36:43Z</time>
   </trkpt>
   <trkpt lat="47.6209850" lon="-120.6688170">
    <ele>711.5</ele>
    <time>2026-06-06T02:36:44Z</time>
   </trkpt>
   <trkpt lat="47.6209850" lon="-120.6688170">
    <ele>711.5</ele>
    <time>2026-06-06T02:36:45Z</time>
   </trkpt>
   <trkpt lat="47.6209850" lon="-120.6688170">
    <ele>711.5</ele>
    <time>2026-06-06T02:36:46Z</time>
   </trkpt>
   <trkpt lat="47.6209850" lon="-120.6688170">
    <ele>711.5</ele>
    <time>2026-06-06T02:36:47Z</time>
   </trkpt>
   <trkpt lat="47.6209850" lon="-120.6688170">
    <ele>711.5</ele>
    <time>2026-06-06T02:36:48Z</time>
   </trkpt>
   <trkpt lat="47.6209850" lon="-120.6688170">
    <ele>711.5</ele>
    <time>2026-06-06T02:36:49Z</time>
   </trkpt>
   <trkpt lat="47.6209850" lon="-120.6688170">
    <ele>711.5</ele>
    <time>2026-06-06T02:36:50Z</time>
   </trkpt>
   <trkpt lat="47.6209850" lon="-120.6688170">
    <ele>711.5</ele>
    <time>2026-06-06T02:36:51Z</time>
   </trkpt>
   <trkpt lat="47.6209860" lon="-120.6688160">
    <ele>711.5</ele>
    <time>2026-06-06T02:36:52Z</time>
   </trkpt>
   <trkpt lat="47.6209850" lon="-120.6688180">
    <ele>711.5</ele>
    <time>2026-06-06T02:36:53Z</time>
   </trkpt>
   <trkpt lat="47.6209800" lon="-120.6688130">
    <ele>711.4</ele>
    <time>2026-06-06T02:36:54Z</time>
   </trkpt>
   <trkpt lat="47.6209780" lon="-120.6688130">
    <ele>711.4</ele>
    <time>2026-06-06T02:36:55Z</time>
   </trkpt>
   <trkpt lat="47.6209770" lon="-120.6688120">
    <ele>711.4</ele>
    <time>2026-06-06T02:36:56Z</time>
   </trkpt>
   <trkpt lat="47.6209770" lon="-120.6688120">
    <ele>711.4</ele>
    <time>2026-06-06T02:36:57Z</time>
   </trkpt>
   <trkpt lat="47.6209770" lon="-120.6688120">
    <ele>711.4</ele>
    <time>2026-06-06T02:36:58Z</time>
   </trkpt>
   <trkpt lat="47.6209780" lon="-120.6688120">
    <ele>711.4</ele>
    <time>2026-06-06T02:36:59Z</time>
   </trkpt>
   <trkpt lat="47.6209780" lon="-120.6688120">
    <ele>711.4</ele>
    <time>2026-06-06T02:37:00Z</time>
   </trkpt>
   <trkpt lat="47.6209770" lon="-120.6688170">
    <ele>711.4</ele>
    <time>2026-06-06T02:37:01Z</time>
   </trkpt>
   <trkpt lat="47.6209770" lon="-120.6688180">
    <ele>711.4</ele>
    <time>2026-06-06T02:37:02Z</time>
   </trkpt>
   <trkpt lat="47.6209770" lon="-120.6688180">
    <ele>711.4</ele>
    <time>2026-06-06T02:37:03Z</time>
   </trkpt>
   <trkpt lat="47.6209770" lon="-120.6688180">
    <ele>711.4</ele>
    <time>2026-06-06T02:37:04Z</time>
   </trkpt>
   <trkpt lat="47.6209770" lon="-120.6688180">
    <ele>711.4</ele>
    <time>2026-06-06T02:37:05Z</time>
   </trkpt>
   <trkpt lat="47.6209770" lon="-120.6688180">
    <ele>711.4</ele>
    <time>2026-06-06T02:37:06Z</time>
   </trkpt>
   <trkpt lat="47.6209770" lon="-120.6688180">
    <ele>711.4</ele>
    <time>2026-06-06T02:37:07Z</time>
   </trkpt>
   <trkpt lat="47.6209770" lon="-120.6688170">
    <ele>711.4</ele>
    <time>2026-06-06T02:37:08Z</time>
   </trkpt>
   <trkpt lat="47.6209770" lon="-120.6688170">
    <ele>711.4</ele>
    <time>2026-06-06T02:37:09Z</time>
   </trkpt>
   <trkpt lat="47.6209760" lon="-120.6688170">
    <ele>711.4</ele>
    <time>2026-06-06T02:37:10Z</time>
   </trkpt>
   <trkpt lat="47.6209760" lon="-120.6688170">
    <ele>711.4</ele>
    <time>2026-06-06T02:37:11Z</time>
   </trkpt>
   <trkpt lat="47.6209760" lon="-120.6688170">
    <ele>711.4</ele>
    <time>2026-06-06T02:37:12Z</time>
   </trkpt>
   <trkpt lat="47.6209760" lon="-120.6688170">
    <ele>711.4</ele>
    <time>2026-06-06T02:37:13Z</time>
   </trkpt>
   <trkpt lat="47.6209760" lon="-120.6688170">
    <ele>711.4</ele>
    <time>2026-06-06T02:37:14Z</time>
   </trkpt>
   <trkpt lat="47.6209760" lon="-120.6688170">
    <ele>711.4</ele>
    <time>2026-06-06T02:37:15Z</time>
   </trkpt>
   <trkpt lat="47.6209760" lon="-120.6688170">
    <ele>711.4</ele>
    <time>2026-06-06T02:37:16Z</time>
   </trkpt>
   <trkpt lat="47.6209760" lon="-120.6688170">
    <ele>711.4</ele>
    <time>2026-06-06T02:37:17Z</time>
   </trkpt>
   <trkpt lat="47.6209760" lon="-120.6688170">
    <ele>711.4</ele>
    <time>2026-06-06T02:37:18Z</time>
   </trkpt>
   <trkpt lat="47.6209760" lon="-120.6688170">
    <ele>711.4</ele>
    <time>2026-06-06T02:37:19Z</time>
   </trkpt>
   <trkpt lat="47.6209760" lon="-120.6688160">
    <ele>711.4</ele>
    <time>2026-06-06T02:37:20Z</time>
   </trkpt>
   <trkpt lat="47.6209760" lon="-120.6688160">
    <ele>711.4</ele>
    <time>2026-06-06T02:37:21Z</time>
   </trkpt>
   <trkpt lat="47.6209760" lon="-120.6688150">
    <ele>711.4</ele>
    <time>2026-06-06T02:37:22Z</time>
   </trkpt>
   <trkpt lat="47.6209760" lon="-120.6688150">
    <ele>711.4</ele>
    <time>2026-06-06T02:37:23Z</time>
   </trkpt>
   <trkpt lat="47.6209760" lon="-120.6688150">
    <ele>711.4</ele>
    <time>2026-06-06T02:37:24Z</time>
   </trkpt>
   <trkpt lat="47.6209760" lon="-120.6688150">
    <ele>711.4</ele>
    <time>2026-06-06T02:37:25Z</time>
   </trkpt>
   <trkpt lat="47.6209760" lon="-120.6688150">
    <ele>711.4</ele>
    <time>2026-06-06T02:37:26Z</time>
   </trkpt>
   <trkpt lat="47.6209760" lon="-120.6688140">
    <ele>711.4</ele>
    <time>2026-06-06T02:37:27Z</time>
   </trkpt>
   <trkpt lat="47.6209760" lon="-120.6688140">
    <ele>711.4</ele>
    <time>2026-06-06T02:37:28Z</time>
   </trkpt>
   <trkpt lat="47.6209760" lon="-120.6688140">
    <ele>711.4</ele>
    <time>2026-06-06T02:37:29Z</time>
   </trkpt>
   <trkpt lat="47.6209760" lon="-120.6688130">
    <ele>711.4</ele>
    <time>2026-06-06T02:37:30Z</time>
   </trkpt>
   <trkpt lat="47.6209760" lon="-120.6688130">
    <ele>711.4</ele>
    <time>2026-06-06T02:37:31Z</time>
   </trkpt>
   <trkpt lat="47.6209760" lon="-120.6688130">
    <ele>711.4</ele>
    <time>2026-06-06T02:37:32Z</time>
   </trkpt>
   <trkpt lat="47.6209760" lon="-120.6688130">
    <ele>711.4</ele>
    <time>2026-06-06T02:37:33Z</time>
   </trkpt>
   <trkpt lat="47.6209760" lon="-120.6688130">
    <ele>711.4</ele>
    <time>2026-06-06T02:37:34Z</time>
   </trkpt>
   <trkpt lat="47.6209750" lon="-120.6688130">
    <ele>711.4</ele>
    <time>2026-06-06T02:37:35Z</time>
   </trkpt>
   <trkpt lat="47.6209750" lon="-120.6688130">
    <ele>711.4</ele>
    <time>2026-06-06T02:37:36Z</time>
   </trkpt>
   <trkpt lat="47.6209760" lon="-120.6688130">
    <ele>711.3</ele>
    <time>2026-06-06T02:37:37Z</time>
   </trkpt>
   <trkpt lat="47.6209760" lon="-120.6688130">
    <ele>711.3</ele>
    <time>2026-06-06T02:37:38Z</time>
   </trkpt>
   <trkpt lat="47.6209760" lon="-120.6688140">
    <ele>711.3</ele>
    <time>2026-06-06T02:37:39Z</time>
   </trkpt>
   <trkpt lat="47.6209760" lon="-120.6688140">
    <ele>711.3</ele>
    <time>2026-06-06T02:37:40Z</time>
   </trkpt>
   <trkpt lat="47.6209760" lon="-120.6688140">
    <ele>711.3</ele>
    <time>2026-06-06T02:37:41Z</time>
   </trkpt>
   <trkpt lat="47.6209760" lon="-120.6688140">
    <ele>711.3</ele>
    <time>2026-06-06T02:37:42Z</time>
   </trkpt>
   <trkpt lat="47.6209760" lon="-120.6688150">
    <ele>711.3</ele>
    <time>2026-06-06T02:37:43Z</time>
   </trkpt>
   <trkpt lat="47.6209760" lon="-120.6688160">
    <ele>711.3</ele>
    <time>2026-06-06T02:37:44Z</time>
   </trkpt>
   <trkpt lat="47.6209760" lon="-120.6688160">
    <ele>711.3</ele>
    <time>2026-06-06T02:37:45Z</time>
   </trkpt>
   <trkpt lat="47.6209760" lon="-120.6688170">
    <ele>711.3</ele>
    <time>2026-06-06T02:37:46Z</time>
   </trkpt>
   <trkpt lat="47.6209760" lon="-120.6688170">
    <ele>711.3</ele>
    <time>2026-06-06T02:37:47Z</time>
   </trkpt>
   <trkpt lat="47.6209760" lon="-120.6688170">
    <ele>711.3</ele>
    <time>2026-06-06T02:37:48Z</time>
   </trkpt>
   <trkpt lat="47.6209760" lon="-120.6688180">
    <ele>711.3</ele>
    <time>2026-06-06T02:37:49Z</time>
   </trkpt>
   <trkpt lat="47.6209760" lon="-120.6688180">
    <ele>711.3</ele>
    <time>2026-06-06T02:37:50Z</time>
   </trkpt>
   <trkpt lat="47.6209760" lon="-120.6688180">
    <ele>711.3</ele>
    <time>2026-06-06T02:37:51Z</time>
   </trkpt>
   <trkpt lat="47.6209760" lon="-120.6688180">
    <ele>711.3</ele>
    <time>2026-06-06T02:37:52Z</time>
   </trkpt>
   <trkpt lat="47.6209720" lon="-120.6688130">
    <ele>711.3</ele>
    <time>2026-06-06T02:37:53Z</time>
   </trkpt>
   <trkpt lat="47.6209710" lon="-120.6688090">
    <ele>711.3</ele>
    <time>2026-06-06T02:37:54Z</time>
   </trkpt>
   <trkpt lat="47.6209700" lon="-120.6688040">
    <ele>711.2</ele>
    <time>2026-06-06T02:37:55Z</time>
   </trkpt>
   <trkpt lat="47.6209730" lon="-120.6688020">
    <ele>711.2</ele>
    <time>2026-06-06T02:37:56Z</time>
   </trkpt>
   <trkpt lat="47.6209730" lon="-120.6688000">
    <ele>711.2</ele>
    <time>2026-06-06T02:37:57Z</time>
   </trkpt>
   <trkpt lat="47.6209710" lon="-120.6688020">
    <ele>711.2</ele>
    <time>2026-06-06T02:37:58Z</time>
   </trkpt>
   <trkpt lat="47.6209620" lon="-120.6688060">
    <ele>711.2</ele>
    <time>2026-06-06T02:37:59Z</time>
   </trkpt>
   <trkpt lat="47.6209530" lon="-120.6688170">
    <ele>711.1</ele>
    <time>2026-06-06T02:38:00Z</time>
   </trkpt>
   <trkpt lat="47.6209490" lon="-120.6688180">
    <ele>711.1</ele>
    <time>2026-06-06T02:38:01Z</time>
   </trkpt>
   <trkpt lat="47.6209360" lon="-120.6688110">
    <ele>711.0</ele>
    <time>2026-06-06T02:38:02Z</time>
   </trkpt>
   <trkpt lat="47.6209340" lon="-120.6688110">
    <ele>711.0</ele>
    <time>2026-06-06T02:38:03Z</time>
   </trkpt>
   <trkpt lat="47.6209380" lon="-120.6688140">
    <ele>711.0</ele>
    <time>2026-06-06T02:38:04Z</time>
   </trkpt>
   <trkpt lat="47.6209400" lon="-120.6688150">
    <ele>710.9</ele>
    <time>2026-06-06T02:38:05Z</time>
   </trkpt>
   <trkpt lat="47.6209400" lon="-120.6688160">
    <ele>710.9</ele>
    <time>2026-06-06T02:38:06Z</time>
   </trkpt>
   <trkpt lat="47.6209400" lon="-120.6688160">
    <ele>710.9</ele>
    <time>2026-06-06T02:38:07Z</time>
   </trkpt>
   <trkpt lat="47.6209400" lon="-120.6688160">
    <ele>710.9</ele>
    <time>2026-06-06T02:38:08Z</time>
   </trkpt>
   <trkpt lat="47.6209410" lon="-120.6688160">
    <ele>710.9</ele>
    <time>2026-06-06T02:38:09Z</time>
   </trkpt>
   <trkpt lat="47.6209410" lon="-120.6688160">
    <ele>710.9</ele>
    <time>2026-06-06T02:38:10Z</time>
   </trkpt>
   <trkpt lat="47.6209410" lon="-120.6688160">
    <ele>710.9</ele>
    <time>2026-06-06T02:38:11Z</time>
   </trkpt>
   <trkpt lat="47.6209410" lon="-120.6688160">
    <ele>710.9</ele>
    <time>2026-06-06T02:38:12Z</time>
   </trkpt>
   <trkpt lat="47.6209410" lon="-120.6688160">
    <ele>710.9</ele>
    <time>2026-06-06T02:38:13Z</time>
   </trkpt>
   <trkpt lat="47.6209410" lon="-120.6688170">
    <ele>710.9</ele>
    <time>2026-06-06T02:38:14Z</time>
   </trkpt>
   <trkpt lat="47.6209420" lon="-120.6688170">
    <ele>710.9</ele>
    <time>2026-06-06T02:38:15Z</time>
   </trkpt>
   <trkpt lat="47.6209420" lon="-120.6688170">
    <ele>710.9</ele>
    <time>2026-06-06T02:38:16Z</time>
   </trkpt>
   <trkpt lat="47.6209420" lon="-120.6688170">
    <ele>710.9</ele>
    <time>2026-06-06T02:38:17Z</time>
   </trkpt>
   <trkpt lat="47.6209420" lon="-120.6688180">
    <ele>710.9</ele>
    <time>2026-06-06T02:38:18Z</time>
   </trkpt>
   <trkpt lat="47.6209410" lon="-120.6688180">
    <ele>710.9</ele>
    <time>2026-06-06T02:38:19Z</time>
   </trkpt>
   <trkpt lat="47.6209400" lon="-120.6688170">
    <ele>710.9</ele>
    <time>2026-06-06T02:38:20Z</time>
   </trkpt>
   <trkpt lat="47.6209400" lon="-120.6688210">
    <ele>710.9</ele>
    <time>2026-06-06T02:38:21Z</time>
   </trkpt>
   <trkpt lat="47.6209390" lon="-120.6688230">
    <ele>710.9</ele>
    <time>2026-06-06T02:38:22Z</time>
   </trkpt>
   <trkpt lat="47.6209420" lon="-120.6688240">
    <ele>710.9</ele>
    <time>2026-06-06T02:38:23Z</time>
   </trkpt>
   <trkpt lat="47.6209410" lon="-120.6688250">
    <ele>710.9</ele>
    <time>2026-06-06T02:38:24Z</time>
   </trkpt>
   <trkpt lat="47.6209420" lon="-120.6688230">
    <ele>710.8</ele>
    <time>2026-06-06T02:38:25Z</time>
   </trkpt>
   <trkpt lat="47.6209400" lon="-120.6688160">
    <ele>710.8</ele>
    <time>2026-06-06T02:38:26Z</time>
   </trkpt>
   <trkpt lat="47.6209370" lon="-120.6688070">
    <ele>710.8</ele>
    <time>2026-06-06T02:38:27Z</time>
   </trkpt>
   <trkpt lat="47.6209380" lon="-120.6688030">
    <ele>710.8</ele>
    <time>2026-06-06T02:38:28Z</time>
   </trkpt>
   <trkpt lat="47.6209410" lon="-120.6688070">
    <ele>710.7</ele>
    <time>2026-06-06T02:38:29Z</time>
   </trkpt>
   <trkpt lat="47.6209490" lon="-120.6688110">
    <ele>710.7</ele>
    <time>2026-06-06T02:38:30Z</time>
   </trkpt>
   <trkpt lat="47.6209550" lon="-120.6688160">
    <ele>710.7</ele>
    <time>2026-06-06T02:38:31Z</time>
   </trkpt>
   <trkpt lat="47.6209550" lon="-120.6688190">
    <ele>710.7</ele>
    <time>2026-06-06T02:38:32Z</time>
   </trkpt>
   <trkpt lat="47.6209540" lon="-120.6688230">
    <ele>710.6</ele>
    <time>2026-06-06T02:38:33Z</time>
   </trkpt>
   <trkpt lat="47.6209520" lon="-120.6688290">
    <ele>710.6</ele>
    <time>2026-06-06T02:38:34Z</time>
   </trkpt>
   <trkpt lat="47.6209530" lon="-120.6688310">
    <ele>710.6</ele>
    <time>2026-06-06T02:38:35Z</time>
   </trkpt>
   <trkpt lat="47.6209530" lon="-120.6688310">
    <ele>710.6</ele>
    <time>2026-06-06T02:38:36Z</time>
   </trkpt>
   <trkpt lat="47.6209540" lon="-120.6688310">
    <ele>710.6</ele>
    <time>2026-06-06T02:38:37Z</time>
   </trkpt>
   <trkpt lat="47.6209540" lon="-120.6688310">
    <ele>710.6</ele>
    <time>2026-06-06T02:38:38Z</time>
   </trkpt>
   <trkpt lat="47.6209540" lon="-120.6688310">
    <ele>710.6</ele>
    <time>2026-06-06T02:38:39Z</time>
   </trkpt>
   <trkpt lat="47.6209540" lon="-120.6688320">
    <ele>710.6</ele>
    <time>2026-06-06T02:38:40Z</time>
   </trkpt>
   <trkpt lat="47.6209540" lon="-120.6688310">
    <ele>710.6</ele>
    <time>2026-06-06T02:38:41Z</time>
   </trkpt>
   <trkpt lat="47.6209540" lon="-120.6688280">
    <ele>710.6</ele>
    <time>2026-06-06T02:38:42Z</time>
   </trkpt>
   <trkpt lat="47.6209580" lon="-120.6688320">
    <ele>710.6</ele>
    <time>2026-06-06T02:38:43Z</time>
   </trkpt>
   <trkpt lat="47.6209600" lon="-120.6688340">
    <ele>710.6</ele>
    <time>2026-06-06T02:38:44Z</time>
   </trkpt>
   <trkpt lat="47.6209600" lon="-120.6688340">
    <ele>710.6</ele>
    <time>2026-06-06T02:38:45Z</time>
   </trkpt>
   <trkpt lat="47.6209630" lon="-120.6688320">
    <ele>710.5</ele>
    <time>2026-06-06T02:38:46Z</time>
   </trkpt>
   <trkpt lat="47.6209630" lon="-120.6688330">
    <ele>710.5</ele>
    <time>2026-06-06T02:38:47Z</time>
   </trkpt>
   <trkpt lat="47.6209610" lon="-120.6688330">
    <ele>710.5</ele>
    <time>2026-06-06T02:38:48Z</time>
   </trkpt>
   <trkpt lat="47.6209590" lon="-120.6688270">
    <ele>710.5</ele>
    <time>2026-06-06T02:38:49Z</time>
   </trkpt>
   <trkpt lat="47.6209580" lon="-120.6688180">
    <ele>710.5</ele>
    <time>2026-06-06T02:38:50Z</time>
   </trkpt>
   <trkpt lat="47.6209580" lon="-120.6688150">
    <ele>710.5</ele>
    <time>2026-06-06T02:38:51Z</time>
   </trkpt>
   <trkpt lat="47.6209580" lon="-120.6688140">
    <ele>710.5</ele>
    <time>2026-06-06T02:38:52Z</time>
   </trkpt>
   <trkpt lat="47.6209570" lon="-120.6688140">
    <ele>710.5</ele>
    <time>2026-06-06T02:38:53Z</time>
   </trkpt>
   <trkpt lat="47.6209570" lon="-120.6688140">
    <ele>710.5</ele>
    <time>2026-06-06T02:38:54Z</time>
   </trkpt>
   <trkpt lat="47.6209570" lon="-120.6688140">
    <ele>710.5</ele>
    <time>2026-06-06T02:38:55Z</time>
   </trkpt>
   <trkpt lat="47.6209570" lon="-120.6688140">
    <ele>710.5</ele>
    <time>2026-06-06T02:38:56Z</time>
   </trkpt>
   <trkpt lat="47.6209570" lon="-120.6688140">
    <ele>710.5</ele>
    <time>2026-06-06T02:38:57Z</time>
   </trkpt>
   <trkpt lat="47.6209570" lon="-120.6688140">
    <ele>710.5</ele>
    <time>2026-06-06T02:38:58Z</time>
   </trkpt>
   <trkpt lat="47.6209570" lon="-120.6688140">
    <ele>710.5</ele>
    <time>2026-06-06T02:38:59Z</time>
   </trkpt>
   <trkpt lat="47.6209570" lon="-120.6688140">
    <ele>710.5</ele>
    <time>2026-06-06T02:39:00Z</time>
   </trkpt>
   <trkpt lat="47.6209570" lon="-120.6688140">
    <ele>710.5</ele>
    <time>2026-06-06T02:39:01Z</time>
   </trkpt>
   <trkpt lat="47.6209570" lon="-120.6688140">
    <ele>710.5</ele>
    <time>2026-06-06T02:39:02Z</time>
   </trkpt>
   <trkpt lat="47.6209570" lon="-120.6688140">
    <ele>710.5</ele>
    <time>2026-06-06T02:39:03Z</time>
   </trkpt>
   <trkpt lat="47.6209570" lon="-120.6688150">
    <ele>710.5</ele>
    <time>2026-06-06T02:39:04Z</time>
   </trkpt>
   <trkpt lat="47.6209570" lon="-120.6688150">
    <ele>710.5</ele>
    <time>2026-06-06T02:39:05Z</time>
   </trkpt>
   <trkpt lat="47.6209570" lon="-120.6688150">
    <ele>710.5</ele>
    <time>2026-06-06T02:39:06Z</time>
   </trkpt>
   <trkpt lat="47.6209570" lon="-120.6688150">
    <ele>710.5</ele>
    <time>2026-06-06T02:39:07Z</time>
   </trkpt>
   <trkpt lat="47.6209570" lon="-120.6688160">
    <ele>710.5</ele>
    <time>2026-06-06T02:39:08Z</time>
   </trkpt>
   <trkpt lat="47.6209570" lon="-120.6688160">
    <ele>710.5</ele>
    <time>2026-06-06T02:39:09Z</time>
   </trkpt>
   <trkpt lat="47.6209570" lon="-120.6688160">
    <ele>710.5</ele>
    <time>2026-06-06T02:39:10Z</time>
   </trkpt>
   <trkpt lat="47.6209570" lon="-120.6688160">
    <ele>710.5</ele>
    <time>2026-06-06T02:39:11Z</time>
   </trkpt>
   <trkpt lat="47.6209570" lon="-120.6688160">
    <ele>710.5</ele>
    <time>2026-06-06T02:39:12Z</time>
   </trkpt>
   <trkpt lat="47.6209580" lon="-120.6688160">
    <ele>710.5</ele>
    <time>2026-06-06T02:39:13Z</time>
   </trkpt>
   <trkpt lat="47.6209590" lon="-120.6688170">
    <ele>710.5</ele>
    <time>2026-06-06T02:39:14Z</time>
   </trkpt>
   <trkpt lat="47.6209600" lon="-120.6688170">
    <ele>710.4</ele>
    <time>2026-06-06T02:39:15Z</time>
   </trkpt>
   <trkpt lat="47.6209600" lon="-120.6688170">
    <ele>710.4</ele>
    <time>2026-06-06T02:39:16Z</time>
   </trkpt>
   <trkpt lat="47.6209600" lon="-120.6688170">
    <ele>710.4</ele>
    <time>2026-06-06T02:39:17Z</time>
   </trkpt>
   <trkpt lat="47.6209610" lon="-120.6688160">
    <ele>710.4</ele>
    <time>2026-06-06T02:39:18Z</time>
   </trkpt>
   <trkpt lat="47.6209640" lon="-120.6688160">
    <ele>710.4</ele>
    <time>2026-06-06T02:39:19Z</time>
   </trkpt>
   <trkpt lat="47.6209650" lon="-120.6688150">
    <ele>710.4</ele>
    <time>2026-06-06T02:39:20Z</time>
   </trkpt>
   <trkpt lat="47.6209650" lon="-120.6688150">
    <ele>710.4</ele>
    <time>2026-06-06T02:39:21Z</time>
   </trkpt>
   <trkpt lat="47.6209650" lon="-120.6688150">
    <ele>710.4</ele>
    <time>2026-06-06T02:39:22Z</time>
   </trkpt>
   <trkpt lat="47.6209650" lon="-120.6688150">
    <ele>710.4</ele>
    <time>2026-06-06T02:39:23Z</time>
   </trkpt>
   <trkpt lat="47.6209650" lon="-120.6688150">
    <ele>710.4</ele>
    <time>2026-06-06T02:39:24Z</time>
   </trkpt>
   <trkpt lat="47.6209650" lon="-120.6688150">
    <ele>710.4</ele>
    <time>2026-06-06T02:39:25Z</time>
   </trkpt>
   <trkpt lat="47.6209650" lon="-120.6688150">
    <ele>710.4</ele>
    <time>2026-06-06T02:39:26Z</time>
   </trkpt>
   <trkpt lat="47.6209650" lon="-120.6688150">
    <ele>710.4</ele>
    <time>2026-06-06T02:39:27Z</time>
   </trkpt>
   <trkpt lat="47.6209650" lon="-120.6688150">
    <ele>710.4</ele>
    <time>2026-06-06T02:39:28Z</time>
   </trkpt>
   <trkpt lat="47.6209650" lon="-120.6688160">
    <ele>710.4</ele>
    <time>2026-06-06T02:39:29Z</time>
   </trkpt>
   <trkpt lat="47.6209650" lon="-120.6688160">
    <ele>710.4</ele>
    <time>2026-06-06T02:39:30Z</time>
   </trkpt>
   <trkpt lat="47.6209650" lon="-120.6688160">
    <ele>710.4</ele>
    <time>2026-06-06T02:39:31Z</time>
   </trkpt>
   <trkpt lat="47.6209650" lon="-120.6688160">
    <ele>710.4</ele>
    <time>2026-06-06T02:39:32Z</time>
   </trkpt>
   <trkpt lat="47.6209650" lon="-120.6688170">
    <ele>710.4</ele>
    <time>2026-06-06T02:39:33Z</time>
   </trkpt>
   <trkpt lat="47.6209650" lon="-120.6688170">
    <ele>710.4</ele>
    <time>2026-06-06T02:39:34Z</time>
   </trkpt>
   <trkpt lat="47.6209650" lon="-120.6688170">
    <ele>710.4</ele>
    <time>2026-06-06T02:39:35Z</time>
   </trkpt>
   <trkpt lat="47.6209650" lon="-120.6688170">
    <ele>710.4</ele>
    <time>2026-06-06T02:39:36Z</time>
   </trkpt>
   <trkpt lat="47.6209700" lon="-120.6688190">
    <ele>710.4</ele>
    <time>2026-06-06T02:39:37Z</time>
   </trkpt>
   <trkpt lat="47.6209690" lon="-120.6688200">
    <ele>710.4</ele>
    <time>2026-06-06T02:39:38Z</time>
   </trkpt>
   <trkpt lat="47.6209680" lon="-120.6688210">
    <ele>710.4</ele>
    <time>2026-06-06T02:39:39Z</time>
   </trkpt>
   <trkpt lat="47.6209710" lon="-120.6688190">
    <ele>710.4</ele>
    <time>2026-06-06T02:39:40Z</time>
   </trkpt>
   <trkpt lat="47.6209710" lon="-120.6688190">
    <ele>710.4</ele>
    <time>2026-06-06T02:39:41Z</time>
   </trkpt>
   <trkpt lat="47.6209710" lon="-120.6688190">
    <ele>710.4</ele>
    <time>2026-06-06T02:39:42Z</time>
   </trkpt>
   <trkpt lat="47.6209710" lon="-120.6688190">
    <ele>710.4</ele>
    <time>2026-06-06T02:39:43Z</time>
   </trkpt>
   <trkpt lat="47.6209710" lon="-120.6688220">
    <ele>710.4</ele>
    <time>2026-06-06T02:39:44Z</time>
   </trkpt>
   <trkpt lat="47.6209690" lon="-120.6688230">
    <ele>710.3</ele>
    <time>2026-06-06T02:39:45Z</time>
   </trkpt>
   <trkpt lat="47.6209690" lon="-120.6688230">
    <ele>710.3</ele>
    <time>2026-06-06T02:39:46Z</time>
   </trkpt>
   <trkpt lat="47.6209680" lon="-120.6688250">
    <ele>710.3</ele>
    <time>2026-06-06T02:39:47Z</time>
   </trkpt>
   <trkpt lat="47.6209690" lon="-120.6688240">
    <ele>710.3</ele>
    <time>2026-06-06T02:39:48Z</time>
   </trkpt>
   <trkpt lat="47.6209690" lon="-120.6688240">
    <ele>710.3</ele>
    <time>2026-06-06T02:39:49Z</time>
   </trkpt>
   <trkpt lat="47.6209700" lon="-120.6688250">
    <ele>710.3</ele>
    <time>2026-06-06T02:39:50Z</time>
   </trkpt>
   <trkpt lat="47.6209710" lon="-120.6688260">
    <ele>710.3</ele>
    <time>2026-06-06T02:39:51Z</time>
   </trkpt>
   <trkpt lat="47.6209720" lon="-120.6688260">
    <ele>710.3</ele>
    <time>2026-06-06T02:39:52Z</time>
   </trkpt>
   <trkpt lat="47.6209720" lon="-120.6688260">
    <ele>710.3</ele>
    <time>2026-06-06T02:39:53Z</time>
   </trkpt>
   <trkpt lat="47.6209720" lon="-120.6688280">
    <ele>710.3</ele>
    <time>2026-06-06T02:39:54Z</time>
   </trkpt>
   <trkpt lat="47.6209710" lon="-120.6688280">
    <ele>710.3</ele>
    <time>2026-06-06T02:39:55Z</time>
   </trkpt>
   <trkpt lat="47.6209700" lon="-120.6688280">
    <ele>710.3</ele>
    <time>2026-06-06T02:39:56Z</time>
   </trkpt>
   <trkpt lat="47.6209700" lon="-120.6688280">
    <ele>710.3</ele>
    <time>2026-06-06T02:39:57Z</time>
   </trkpt>
   <trkpt lat="47.6209700" lon="-120.6688290">
    <ele>710.3</ele>
    <time>2026-06-06T02:39:58Z</time>
   </trkpt>
   <trkpt lat="47.6209700" lon="-120.6688290">
    <ele>710.3</ele>
    <time>2026-06-06T02:39:59Z</time>
   </trkpt>
   <trkpt lat="47.6209710" lon="-120.6688290">
    <ele>710.3</ele>
    <time>2026-06-06T02:40:00Z</time>
   </trkpt>
   <trkpt lat="47.6209710" lon="-120.6688290">
    <ele>710.3</ele>
    <time>2026-06-06T02:40:01Z</time>
   </trkpt>
   <trkpt lat="47.6209710" lon="-120.6688290">
    <ele>710.3</ele>
    <time>2026-06-06T02:40:02Z</time>
   </trkpt>
   <trkpt lat="47.6209710" lon="-120.6688290">
    <ele>710.3</ele>
    <time>2026-06-06T02:40:03Z</time>
   </trkpt>
   <trkpt lat="47.6209710" lon="-120.6688290">
    <ele>710.3</ele>
    <time>2026-06-06T02:40:04Z</time>
   </trkpt>
   <trkpt lat="47.6209710" lon="-120.6688290">
    <ele>710.3</ele>
    <time>2026-06-06T02:40:05Z</time>
   </trkpt>
   <trkpt lat="47.6209700" lon="-120.6688290">
    <ele>710.3</ele>
    <time>2026-06-06T02:40:06Z</time>
   </trkpt>
   <trkpt lat="47.6209700" lon="-120.6688290">
    <ele>710.3</ele>
    <time>2026-06-06T02:40:07Z</time>
   </trkpt>
   <trkpt lat="47.6209700" lon="-120.6688290">
    <ele>710.3</ele>
    <time>2026-06-06T02:40:08Z</time>
   </trkpt>
   <trkpt lat="47.6209700" lon="-120.6688280">
    <ele>710.3</ele>
    <time>2026-06-06T02:40:09Z</time>
   </trkpt>
   <trkpt lat="47.6209700" lon="-120.6688280">
    <ele>710.3</ele>
    <time>2026-06-06T02:40:10Z</time>
   </trkpt>
   <trkpt lat="47.6209700" lon="-120.6688280">
    <ele>710.3</ele>
    <time>2026-06-06T02:40:11Z</time>
   </trkpt>
   <trkpt lat="47.6209700" lon="-120.6688280">
    <ele>710.3</ele>
    <time>2026-06-06T02:40:12Z</time>
   </trkpt>
   <trkpt lat="47.6209700" lon="-120.6688280">
    <ele>710.3</ele>
    <time>2026-06-06T02:40:13Z</time>
   </trkpt>
   <trkpt lat="47.6209700" lon="-120.6688290">
    <ele>710.3</ele>
    <time>2026-06-06T02:40:14Z</time>
   </trkpt>
   <trkpt lat="47.6209700" lon="-120.6688290">
    <ele>710.3</ele>
    <time>2026-06-06T02:40:15Z</time>
   </trkpt>
   <trkpt lat="47.6209700" lon="-120.6688290">
    <ele>710.3</ele>
    <time>2026-06-06T02:40:16Z</time>
   </trkpt>
   <trkpt lat="47.6209700" lon="-120.6688320">
    <ele>710.3</ele>
    <time>2026-06-06T02:40:17Z</time>
   </trkpt>
   <trkpt lat="47.6209720" lon="-120.6688340">
    <ele>710.3</ele>
    <time>2026-06-06T02:40:18Z</time>
   </trkpt>
   <trkpt lat="47.6209720" lon="-120.6688340">
    <ele>710.3</ele>
    <time>2026-06-06T02:40:19Z</time>
   </trkpt>
   <trkpt lat="47.6209720" lon="-120.6688330">
    <ele>710.3</ele>
    <time>2026-06-06T02:40:20Z</time>
   </trkpt>
   <trkpt lat="47.6209720" lon="-120.6688340">
    <ele>710.3</ele>
    <time>2026-06-06T02:40:21Z</time>
   </trkpt>
   <trkpt lat="47.6209720" lon="-120.6688340">
    <ele>710.3</ele>
    <time>2026-06-06T02:40:22Z</time>
   </trkpt>
   <trkpt lat="47.6209720" lon="-120.6688330">
    <ele>710.3</ele>
    <time>2026-06-06T02:40:23Z</time>
   </trkpt>
   <trkpt lat="47.6209720" lon="-120.6688330">
    <ele>710.3</ele>
    <time>2026-06-06T02:40:24Z</time>
   </trkpt>
   <trkpt lat="47.6209710" lon="-120.6688330">
    <ele>710.3</ele>
    <time>2026-06-06T02:40:25Z</time>
   </trkpt>
   <trkpt lat="47.6209710" lon="-120.6688330">
    <ele>710.3</ele>
    <time>2026-06-06T02:40:26Z</time>
   </trkpt>
   <trkpt lat="47.6209710" lon="-120.6688330">
    <ele>710.3</ele>
    <time>2026-06-06T02:40:27Z</time>
   </trkpt>
   <trkpt lat="47.6209710" lon="-120.6688330">
    <ele>710.3</ele>
    <time>2026-06-06T02:40:28Z</time>
   </trkpt>
   <trkpt lat="47.6209700" lon="-120.6688320">
    <ele>710.3</ele>
    <time>2026-06-06T02:40:29Z</time>
   </trkpt>
   <trkpt lat="47.6209700" lon="-120.6688320">
    <ele>710.3</ele>
    <time>2026-06-06T02:40:30Z</time>
   </trkpt>
   <trkpt lat="47.6209690" lon="-120.6688320">
    <ele>710.3</ele>
    <time>2026-06-06T02:40:31Z</time>
   </trkpt>
   <trkpt lat="47.6209690" lon="-120.6688310">
    <ele>710.3</ele>
    <time>2026-06-06T02:40:32Z</time>
   </trkpt>
   <trkpt lat="47.6209690" lon="-120.6688310">
    <ele>710.3</ele>
    <time>2026-06-06T02:40:33Z</time>
   </trkpt>
   <trkpt lat="47.6209700" lon="-120.6688310">
    <ele>710.2</ele>
    <time>2026-06-06T02:40:34Z</time>
   </trkpt>
   <trkpt lat="47.6209700" lon="-120.6688330">
    <ele>710.2</ele>
    <time>2026-06-06T02:40:35Z</time>
   </trkpt>
   <trkpt lat="47.6209700" lon="-120.6688340">
    <ele>710.2</ele>
    <time>2026-06-06T02:40:36Z</time>
   </trkpt>
   <trkpt lat="47.6209700" lon="-120.6688340">
    <ele>710.2</ele>
    <time>2026-06-06T02:40:37Z</time>
   </trkpt>
   <trkpt lat="47.6209700" lon="-120.6688340">
    <ele>710.2</ele>
    <time>2026-06-06T02:40:38Z</time>
   </trkpt>
   <trkpt lat="47.6209700" lon="-120.6688340">
    <ele>710.2</ele>
    <time>2026-06-06T02:40:39Z</time>
   </trkpt>
   <trkpt lat="47.6209700" lon="-120.6688340">
    <ele>710.2</ele>
    <time>2026-06-06T02:40:40Z</time>
   </trkpt>
   <trkpt lat="47.6209700" lon="-120.6688350">
    <ele>710.2</ele>
    <time>2026-06-06T02:40:41Z</time>
   </trkpt>
   <trkpt lat="47.6209700" lon="-120.6688340">
    <ele>710.2</ele>
    <time>2026-06-06T02:40:42Z</time>
   </trkpt>
   <trkpt lat="47.6209700" lon="-120.6688340">
    <ele>710.2</ele>
    <time>2026-06-06T02:40:43Z</time>
   </trkpt>
   <trkpt lat="47.6209700" lon="-120.6688340">
    <ele>710.2</ele>
    <time>2026-06-06T02:40:44Z</time>
   </trkpt>
   <trkpt lat="47.6209700" lon="-120.6688340">
    <ele>710.2</ele>
    <time>2026-06-06T02:40:45Z</time>
   </trkpt>
   <trkpt lat="47.6209700" lon="-120.6688350">
    <ele>710.2</ele>
    <time>2026-06-06T02:40:46Z</time>
   </trkpt>
   <trkpt lat="47.6209700" lon="-120.6688350">
    <ele>710.2</ele>
    <time>2026-06-06T02:40:47Z</time>
   </trkpt>
   <trkpt lat="47.6209700" lon="-120.6688350">
    <ele>710.2</ele>
    <time>2026-06-06T02:40:48Z</time>
   </trkpt>
   <trkpt lat="47.6209700" lon="-120.6688350">
    <ele>710.2</ele>
    <time>2026-06-06T02:40:49Z</time>
   </trkpt>
   <trkpt lat="47.6209700" lon="-120.6688350">
    <ele>710.2</ele>
    <time>2026-06-06T02:40:50Z</time>
   </trkpt>
   <trkpt lat="47.6209690" lon="-120.6688340">
    <ele>710.2</ele>
    <time>2026-06-06T02:40:51Z</time>
   </trkpt>
   <trkpt lat="47.6209690" lon="-120.6688330">
    <ele>710.2</ele>
    <time>2026-06-06T02:40:52Z</time>
   </trkpt>
   <trkpt lat="47.6209690" lon="-120.6688330">
    <ele>710.2</ele>
    <time>2026-06-06T02:40:53Z</time>
   </trkpt>
   <trkpt lat="47.6209690" lon="-120.6688330">
    <ele>710.2</ele>
    <time>2026-06-06T02:40:54Z</time>
   </trkpt>
   <trkpt lat="47.6209690" lon="-120.6688330">
    <ele>710.2</ele>
    <time>2026-06-06T02:40:55Z</time>
   </trkpt>
   <trkpt lat="47.6209690" lon="-120.6688330">
    <ele>710.2</ele>
    <time>2026-06-06T02:40:56Z</time>
   </trkpt>
   <trkpt lat="47.6209700" lon="-120.6688330">
    <ele>710.2</ele>
    <time>2026-06-06T02:40:57Z</time>
   </trkpt>
   <trkpt lat="47.6209690" lon="-120.6688280">
    <ele>710.2</ele>
    <time>2026-06-06T02:40:58Z</time>
   </trkpt>
   <trkpt lat="47.6209700" lon="-120.6688240">
    <ele>710.2</ele>
    <time>2026-06-06T02:40:59Z</time>
   </trkpt>
   <trkpt lat="47.6209710" lon="-120.6687990">
    <ele>710.1</ele>
    <time>2026-06-06T02:41:00Z</time>
   </trkpt>
   <trkpt lat="47.6209720" lon="-120.6687960">
    <ele>710.1</ele>
    <time>2026-06-06T02:41:01Z</time>
   </trkpt>
   <trkpt lat="47.6209720" lon="-120.6688020">
    <ele>710.1</ele>
    <time>2026-06-06T02:41:02Z</time>
   </trkpt>
   <trkpt lat="47.6209720" lon="-120.6688240">
    <ele>710.0</ele>
    <time>2026-06-06T02:41:03Z</time>
   </trkpt>
   <trkpt lat="47.6209740" lon="-120.6688280">
    <ele>710.0</ele>
    <time>2026-06-06T02:41:04Z</time>
   </trkpt>
   <trkpt lat="47.6209750" lon="-120.6688250">
    <ele>710.0</ele>
    <time>2026-06-06T02:41:05Z</time>
   </trkpt>
   <trkpt lat="47.6209760" lon="-120.6688230">
    <ele>710.0</ele>
    <time>2026-06-06T02:41:06Z</time>
   </trkpt>
   <trkpt lat="47.6209800" lon="-120.6688240">
    <ele>710.0</ele>
    <time>2026-06-06T02:41:07Z</time>
   </trkpt>
   <trkpt lat="47.6209810" lon="-120.6688230">
    <ele>710.0</ele>
    <time>2026-06-06T02:41:08Z</time>
   </trkpt>
   <trkpt lat="47.6209810" lon="-120.6688230">
    <ele>710.0</ele>
    <time>2026-06-06T02:41:09Z</time>
   </trkpt>
   <trkpt lat="47.6209810" lon="-120.6688230">
    <ele>710.0</ele>
    <time>2026-06-06T02:41:10Z</time>
   </trkpt>
   <trkpt lat="47.6209810" lon="-120.6688230">
    <ele>710.0</ele>
    <time>2026-06-06T02:41:11Z</time>
   </trkpt>
   <trkpt lat="47.6209800" lon="-120.6688230">
    <ele>710.0</ele>
    <time>2026-06-06T02:41:12Z</time>
   </trkpt>
   <trkpt lat="47.6209750" lon="-120.6688430">
    <ele>709.9</ele>
    <time>2026-06-06T02:41:13Z</time>
   </trkpt>
   <trkpt lat="47.6209720" lon="-120.6688470">
    <ele>709.9</ele>
    <time>2026-06-06T02:41:14Z</time>
   </trkpt>
   <trkpt lat="47.6209690" lon="-120.6688450">
    <ele>709.9</ele>
    <time>2026-06-06T02:41:15Z</time>
   </trkpt>
   <trkpt lat="47.6209700" lon="-120.6688440">
    <ele>709.9</ele>
    <time>2026-06-06T02:41:16Z</time>
   </trkpt>
   <trkpt lat="47.6209700" lon="-120.6688440">
    <ele>709.9</ele>
    <time>2026-06-06T02:41:17Z</time>
   </trkpt>
   <trkpt lat="47.6209710" lon="-120.6688410">
    <ele>709.9</ele>
    <time>2026-06-06T02:41:18Z</time>
   </trkpt>
   <trkpt lat="47.6209710" lon="-120.6688400">
    <ele>709.9</ele>
    <time>2026-06-06T02:41:19Z</time>
   </trkpt>
   <trkpt lat="47.6209710" lon="-120.6688390">
    <ele>709.9</ele>
    <time>2026-06-06T02:41:20Z</time>
   </trkpt>
   <trkpt lat="47.6209710" lon="-120.6688390">
    <ele>709.9</ele>
    <time>2026-06-06T02:41:21Z</time>
   </trkpt>
   <trkpt lat="47.6209710" lon="-120.6688390">
    <ele>709.9</ele>
    <time>2026-06-06T02:41:22Z</time>
   </trkpt>
   <trkpt lat="47.6209720" lon="-120.6688380">
    <ele>709.9</ele>
    <time>2026-06-06T02:41:23Z</time>
   </trkpt>
   <trkpt lat="47.6209720" lon="-120.6688380">
    <ele>709.9</ele>
    <time>2026-06-06T02:41:24Z</time>
   </trkpt>
   <trkpt lat="47.6209730" lon="-120.6688370">
    <ele>709.9</ele>
    <time>2026-06-06T02:41:25Z</time>
   </trkpt>
   <trkpt lat="47.6209730" lon="-120.6688370">
    <ele>709.9</ele>
    <time>2026-06-06T02:41:26Z</time>
   </trkpt>
   <trkpt lat="47.6209730" lon="-120.6688370">
    <ele>709.9</ele>
    <time>2026-06-06T02:41:27Z</time>
   </trkpt>
   <trkpt lat="47.6209730" lon="-120.6688370">
    <ele>709.9</ele>
    <time>2026-06-06T02:41:28Z</time>
   </trkpt>
   <trkpt lat="47.6209730" lon="-120.6688360">
    <ele>709.9</ele>
    <time>2026-06-06T02:41:29Z</time>
   </trkpt>
   <trkpt lat="47.6209730" lon="-120.6688360">
    <ele>709.9</ele>
    <time>2026-06-06T02:41:30Z</time>
   </trkpt>
   <trkpt lat="47.6209740" lon="-120.6688370">
    <ele>709.9</ele>
    <time>2026-06-06T02:41:31Z</time>
   </trkpt>
   <trkpt lat="47.6209740" lon="-120.6688370">
    <ele>709.9</ele>
    <time>2026-06-06T02:41:32Z</time>
   </trkpt>
   <trkpt lat="47.6209740" lon="-120.6688380">
    <ele>709.9</ele>
    <time>2026-06-06T02:41:33Z</time>
   </trkpt>
   <trkpt lat="47.6209740" lon="-120.6688380">
    <ele>709.9</ele>
    <time>2026-06-06T02:41:34Z</time>
   </trkpt>
   <trkpt lat="47.6209750" lon="-120.6688370">
    <ele>709.9</ele>
    <time>2026-06-06T02:41:35Z</time>
   </trkpt>
   <trkpt lat="47.6209750" lon="-120.6688380">
    <ele>709.9</ele>
    <time>2026-06-06T02:41:36Z</time>
   </trkpt>
   <trkpt lat="47.6209750" lon="-120.6688410">
    <ele>709.9</ele>
    <time>2026-06-06T02:41:37Z</time>
   </trkpt>
   <trkpt lat="47.6209750" lon="-120.6688410">
    <ele>709.9</ele>
    <time>2026-06-06T02:41:38Z</time>
   </trkpt>
   <trkpt lat="47.6209750" lon="-120.6688410">
    <ele>709.9</ele>
    <time>2026-06-06T02:41:39Z</time>
   </trkpt>
   <trkpt lat="47.6209750" lon="-120.6688410">
    <ele>709.9</ele>
    <time>2026-06-06T02:41:40Z</time>
   </trkpt>
   <trkpt lat="47.6209760" lon="-120.6688410">
    <ele>709.9</ele>
    <time>2026-06-06T02:41:41Z</time>
   </trkpt>
   <trkpt lat="47.6209760" lon="-120.6688410">
    <ele>709.9</ele>
    <time>2026-06-06T02:41:42Z</time>
   </trkpt>
   <trkpt lat="47.6209760" lon="-120.6688420">
    <ele>709.9</ele>
    <time>2026-06-06T02:41:43Z</time>
   </trkpt>
   <trkpt lat="47.6209760" lon="-120.6688420">
    <ele>709.9</ele>
    <time>2026-06-06T02:41:44Z</time>
   </trkpt>
   <trkpt lat="47.6209760" lon="-120.6688420">
    <ele>709.9</ele>
    <time>2026-06-06T02:41:45Z</time>
   </trkpt>
   <trkpt lat="47.6209760" lon="-120.6688420">
    <ele>709.9</ele>
    <time>2026-06-06T02:41:46Z</time>
   </trkpt>
   <trkpt lat="47.6209760" lon="-120.6688420">
    <ele>709.9</ele>
    <time>2026-06-06T02:41:47Z</time>
   </trkpt>
   <trkpt lat="47.6209760" lon="-120.6688420">
    <ele>709.9</ele>
    <time>2026-06-06T02:41:48Z</time>
   </trkpt>
   <trkpt lat="47.6209760" lon="-120.6688420">
    <ele>709.9</ele>
    <time>2026-06-06T02:41:49Z</time>
   </trkpt>
   <trkpt lat="47.6209770" lon="-120.6688420">
    <ele>709.9</ele>
    <time>2026-06-06T02:41:50Z</time>
   </trkpt>
   <trkpt lat="47.6209770" lon="-120.6688420">
    <ele>709.9</ele>
    <time>2026-06-06T02:41:51Z</time>
   </trkpt>
   <trkpt lat="47.6209770" lon="-120.6688420">
    <ele>709.9</ele>
    <time>2026-06-06T02:41:52Z</time>
   </trkpt>
   <trkpt lat="47.6209770" lon="-120.6688420">
    <ele>709.9</ele>
    <time>2026-06-06T02:41:53Z</time>
   </trkpt>
   <trkpt lat="47.6209770" lon="-120.6688420">
    <ele>709.9</ele>
    <time>2026-06-06T02:41:54Z</time>
   </trkpt>
   <trkpt lat="47.6209770" lon="-120.6688420">
    <ele>709.9</ele>
    <time>2026-06-06T02:41:55Z</time>
   </trkpt>
   <trkpt lat="47.6209770" lon="-120.6688420">
    <ele>709.9</ele>
    <time>2026-06-06T02:41:56Z</time>
   </trkpt>
   <trkpt lat="47.6209770" lon="-120.6688420">
    <ele>709.9</ele>
    <time>2026-06-06T02:41:57Z</time>
   </trkpt>
   <trkpt lat="47.6209770" lon="-120.6688420">
    <ele>709.9</ele>
    <time>2026-06-06T02:41:58Z</time>
   </trkpt>
   <trkpt lat="47.6209770" lon="-120.6688410">
    <ele>709.9</ele>
    <time>2026-06-06T02:41:59Z</time>
   </trkpt>
   <trkpt lat="47.6209770" lon="-120.6688410">
    <ele>709.9</ele>
    <time>2026-06-06T02:42:00Z</time>
   </trkpt>
   <trkpt lat="47.6209770" lon="-120.6688410">
    <ele>709.9</ele>
    <time>2026-06-06T02:42:01Z</time>
   </trkpt>
   <trkpt lat="47.6209770" lon="-120.6688410">
    <ele>709.9</ele>
    <time>2026-06-06T02:42:02Z</time>
   </trkpt>
   <trkpt lat="47.6209770" lon="-120.6688400">
    <ele>709.9</ele>
    <time>2026-06-06T02:42:03Z</time>
   </trkpt>
   <trkpt lat="47.6209770" lon="-120.6688400">
    <ele>709.9</ele>
    <time>2026-06-06T02:42:04Z</time>
   </trkpt>
   <trkpt lat="47.6209780" lon="-120.6688400">
    <ele>709.9</ele>
    <time>2026-06-06T02:42:05Z</time>
   </trkpt>
   <trkpt lat="47.6209780" lon="-120.6688390">
    <ele>709.9</ele>
    <time>2026-06-06T02:42:06Z</time>
   </trkpt>
   <trkpt lat="47.6209780" lon="-120.6688390">
    <ele>709.9</ele>
    <time>2026-06-06T02:42:07Z</time>
   </trkpt>
   <trkpt lat="47.6209780" lon="-120.6688390">
    <ele>709.9</ele>
    <time>2026-06-06T02:42:08Z</time>
   </trkpt>
   <trkpt lat="47.6209780" lon="-120.6688380">
    <ele>709.9</ele>
    <time>2026-06-06T02:42:09Z</time>
   </trkpt>
   <trkpt lat="47.6209780" lon="-120.6688380">
    <ele>709.9</ele>
    <time>2026-06-06T02:42:10Z</time>
   </trkpt>
   <trkpt lat="47.6209780" lon="-120.6688380">
    <ele>709.9</ele>
    <time>2026-06-06T02:42:11Z</time>
   </trkpt>
   <trkpt lat="47.6209780" lon="-120.6688370">
    <ele>709.8</ele>
    <time>2026-06-06T02:42:12Z</time>
   </trkpt>
   <trkpt lat="47.6209780" lon="-120.6688370">
    <ele>709.8</ele>
    <time>2026-06-06T02:42:13Z</time>
   </trkpt>
   <trkpt lat="47.6209790" lon="-120.6688370">
    <ele>709.8</ele>
    <time>2026-06-06T02:42:14Z</time>
   </trkpt>
   <trkpt lat="47.6209790" lon="-120.6688370">
    <ele>709.8</ele>
    <time>2026-06-06T02:42:15Z</time>
   </trkpt>
   <trkpt lat="47.6209790" lon="-120.6688370">
    <ele>709.8</ele>
    <time>2026-06-06T02:42:16Z</time>
   </trkpt>
   <trkpt lat="47.6209790" lon="-120.6688360">
    <ele>709.8</ele>
    <time>2026-06-06T02:42:17Z</time>
   </trkpt>
   <trkpt lat="47.6209790" lon="-120.6688360">
    <ele>709.8</ele>
    <time>2026-06-06T02:42:18Z</time>
   </trkpt>
   <trkpt lat="47.6209790" lon="-120.6688360">
    <ele>709.8</ele>
    <time>2026-06-06T02:42:19Z</time>
   </trkpt>
   <trkpt lat="47.6209790" lon="-120.6688360">
    <ele>709.8</ele>
    <time>2026-06-06T02:42:20Z</time>
   </trkpt>
   <trkpt lat="47.6209790" lon="-120.6688350">
    <ele>709.8</ele>
    <time>2026-06-06T02:42:21Z</time>
   </trkpt>
   <trkpt lat="47.6209790" lon="-120.6688350">
    <ele>709.8</ele>
    <time>2026-06-06T02:42:22Z</time>
   </trkpt>
   <trkpt lat="47.6209790" lon="-120.6688350">
    <ele>709.8</ele>
    <time>2026-06-06T02:42:23Z</time>
   </trkpt>
   <trkpt lat="47.6209790" lon="-120.6688350">
    <ele>709.8</ele>
    <time>2026-06-06T02:42:24Z</time>
   </trkpt>
   <trkpt lat="47.6209790" lon="-120.6688350">
    <ele>709.8</ele>
    <time>2026-06-06T02:42:25Z</time>
   </trkpt>
   <trkpt lat="47.6209790" lon="-120.6688340">
    <ele>709.8</ele>
    <time>2026-06-06T02:42:26Z</time>
   </trkpt>
   <trkpt lat="47.6209790" lon="-120.6688340">
    <ele>709.8</ele>
    <time>2026-06-06T02:42:27Z</time>
   </trkpt>
   <trkpt lat="47.6209790" lon="-120.6688340">
    <ele>709.8</ele>
    <time>2026-06-06T02:42:28Z</time>
   </trkpt>
   <trkpt lat="47.6209790" lon="-120.6688340">
    <ele>709.8</ele>
    <time>2026-06-06T02:42:29Z</time>
   </trkpt>
   <trkpt lat="47.6209790" lon="-120.6688340">
    <ele>709.8</ele>
    <time>2026-06-06T02:42:30Z</time>
   </trkpt>
   <trkpt lat="47.6209790" lon="-120.6688340">
    <ele>709.8</ele>
    <time>2026-06-06T02:42:31Z</time>
   </trkpt>
   <trkpt lat="47.6209790" lon="-120.6688340">
    <ele>709.8</ele>
    <time>2026-06-06T02:42:32Z</time>
   </trkpt>
   <trkpt lat="47.6209790" lon="-120.6688340">
    <ele>709.8</ele>
    <time>2026-06-06T02:42:33Z</time>
   </trkpt>
   <trkpt lat="47.6209790" lon="-120.6688330">
    <ele>709.8</ele>
    <time>2026-06-06T02:42:34Z</time>
   </trkpt>
   <trkpt lat="47.6209790" lon="-120.6688330">
    <ele>709.8</ele>
    <time>2026-06-06T02:42:35Z</time>
   </trkpt>
   <trkpt lat="47.6209790" lon="-120.6688330">
    <ele>709.8</ele>
    <time>2026-06-06T02:42:36Z</time>
   </trkpt>
   <trkpt lat="47.6209790" lon="-120.6688330">
    <ele>709.8</ele>
    <time>2026-06-06T02:42:37Z</time>
   </trkpt>
   <trkpt lat="47.6209790" lon="-120.6688330">
    <ele>709.8</ele>
    <time>2026-06-06T02:42:38Z</time>
   </trkpt>
   <trkpt lat="47.6209790" lon="-120.6688330">
    <ele>709.8</ele>
    <time>2026-06-06T02:42:39Z</time>
   </trkpt>
   <trkpt lat="47.6209790" lon="-120.6688330">
    <ele>709.8</ele>
    <time>2026-06-06T02:42:40Z</time>
   </trkpt>
   <trkpt lat="47.6209790" lon="-120.6688330">
    <ele>709.8</ele>
    <time>2026-06-06T02:42:41Z</time>
   </trkpt>
   <trkpt lat="47.6209790" lon="-120.6688330">
    <ele>709.8</ele>
    <time>2026-06-06T02:42:42Z</time>
   </trkpt>
   <trkpt lat="47.6209790" lon="-120.6688320">
    <ele>709.8</ele>
    <time>2026-06-06T02:42:43Z</time>
   </trkpt>
   <trkpt lat="47.6209790" lon="-120.6688320">
    <ele>709.8</ele>
    <time>2026-06-06T02:42:44Z</time>
   </trkpt>
   <trkpt lat="47.6209790" lon="-120.6688320">
    <ele>709.8</ele>
    <time>2026-06-06T02:42:45Z</time>
   </trkpt>
   <trkpt lat="47.6209790" lon="-120.6688320">
    <ele>709.8</ele>
    <time>2026-06-06T02:42:46Z</time>
   </trkpt>
   <trkpt lat="47.6209790" lon="-120.6688320">
    <ele>709.8</ele>
    <time>2026-06-06T02:42:47Z</time>
   </trkpt>
   <trkpt lat="47.6209790" lon="-120.6688320">
    <ele>709.8</ele>
    <time>2026-06-06T02:42:48Z</time>
   </trkpt>
   <trkpt lat="47.6209790" lon="-120.6688320">
    <ele>709.8</ele>
    <time>2026-06-06T02:42:49Z</time>
   </trkpt>
   <trkpt lat="47.6209790" lon="-120.6688320">
    <ele>709.8</ele>
    <time>2026-06-06T02:42:50Z</time>
   </trkpt>
   <trkpt lat="47.6209790" lon="-120.6688320">
    <ele>709.8</ele>
    <time>2026-06-06T02:42:51Z</time>
   </trkpt>
   <trkpt lat="47.6209790" lon="-120.6688320">
    <ele>709.8</ele>
    <time>2026-06-06T02:42:52Z</time>
   </trkpt>
   <trkpt lat="47.6209790" lon="-120.6688310">
    <ele>709.8</ele>
    <time>2026-06-06T02:42:53Z</time>
   </trkpt>
   <trkpt lat="47.6209790" lon="-120.6688310">
    <ele>709.8</ele>
    <time>2026-06-06T02:42:54Z</time>
   </trkpt>
   <trkpt lat="47.6209790" lon="-120.6688310">
    <ele>709.8</ele>
    <time>2026-06-06T02:42:55Z</time>
   </trkpt>
   <trkpt lat="47.6209790" lon="-120.6688310">
    <ele>709.8</ele>
    <time>2026-06-06T02:42:56Z</time>
   </trkpt>
   <trkpt lat="47.6209790" lon="-120.6688310">
    <ele>709.8</ele>
    <time>2026-06-06T02:42:57Z</time>
   </trkpt>
   <trkpt lat="47.6209790" lon="-120.6688300">
    <ele>709.8</ele>
    <time>2026-06-06T02:42:58Z</time>
   </trkpt>
   <trkpt lat="47.6209790" lon="-120.6688300">
    <ele>709.8</ele>
    <time>2026-06-06T02:42:59Z</time>
   </trkpt>
   <trkpt lat="47.6209790" lon="-120.6688300">
    <ele>709.8</ele>
    <time>2026-06-06T02:43:00Z</time>
   </trkpt>
   <trkpt lat="47.6209790" lon="-120.6688300">
    <ele>709.8</ele>
    <time>2026-06-06T02:43:01Z</time>
   </trkpt>
   <trkpt lat="47.6209790" lon="-120.6688290">
    <ele>709.8</ele>
    <time>2026-06-06T02:43:02Z</time>
   </trkpt>
   <trkpt lat="47.6209790" lon="-120.6688290">
    <ele>709.8</ele>
    <time>2026-06-06T02:43:03Z</time>
   </trkpt>
   <trkpt lat="47.6209790" lon="-120.6688290">
    <ele>709.8</ele>
    <time>2026-06-06T02:43:04Z</time>
   </trkpt>
   <trkpt lat="47.6209790" lon="-120.6688290">
    <ele>709.8</ele>
    <time>2026-06-06T02:43:05Z</time>
   </trkpt>
   <trkpt lat="47.6209790" lon="-120.6688290">
    <ele>709.8</ele>
    <time>2026-06-06T02:43:06Z</time>
   </trkpt>
   <trkpt lat="47.6209790" lon="-120.6688280">
    <ele>709.8</ele>
    <time>2026-06-06T02:43:07Z</time>
   </trkpt>
   <trkpt lat="47.6209790" lon="-120.6688280">
    <ele>709.8</ele>
    <time>2026-06-06T02:43:08Z</time>
   </trkpt>
   <trkpt lat="47.6209790" lon="-120.6688280">
    <ele>709.8</ele>
    <time>2026-06-06T02:43:09Z</time>
   </trkpt>
   <trkpt lat="47.6209790" lon="-120.6688280">
    <ele>709.8</ele>
    <time>2026-06-06T02:43:10Z</time>
   </trkpt>
   <trkpt lat="47.6209790" lon="-120.6688280">
    <ele>709.8</ele>
    <time>2026-06-06T02:43:11Z</time>
   </trkpt>
   <trkpt lat="47.6209790" lon="-120.6688280">
    <ele>709.8</ele>
    <time>2026-06-06T02:43:12Z</time>
   </trkpt>
   <trkpt lat="47.6209790" lon="-120.6688280">
    <ele>709.8</ele>
    <time>2026-06-06T02:43:13Z</time>
   </trkpt>
   <trkpt lat="47.6209790" lon="-120.6688270">
    <ele>709.8</ele>
    <time>2026-06-06T02:43:14Z</time>
   </trkpt>
   <trkpt lat="47.6209800" lon="-120.6688270">
    <ele>709.8</ele>
    <time>2026-06-06T02:43:15Z</time>
   </trkpt>
   <trkpt lat="47.6209800" lon="-120.6688270">
    <ele>709.8</ele>
    <time>2026-06-06T02:43:16Z</time>
   </trkpt>
   <trkpt lat="47.6209800" lon="-120.6688270">
    <ele>709.8</ele>
    <time>2026-06-06T02:43:17Z</time>
   </trkpt>
   <trkpt lat="47.6209800" lon="-120.6688270">
    <ele>709.8</ele>
    <time>2026-06-06T02:43:18Z</time>
   </trkpt>
   <trkpt lat="47.6209800" lon="-120.6688270">
    <ele>709.8</ele>
    <time>2026-06-06T02:43:19Z</time>
   </trkpt>
   <trkpt lat="47.6209810" lon="-120.6688260">
    <ele>709.8</ele>
    <time>2026-06-06T02:43:20Z</time>
   </trkpt>
   <trkpt lat="47.6209810" lon="-120.6688260">
    <ele>709.8</ele>
    <time>2026-06-06T02:43:21Z</time>
   </trkpt>
   <trkpt lat="47.6209810" lon="-120.6688260">
    <ele>709.8</ele>
    <time>2026-06-06T02:43:22Z</time>
   </trkpt>
   <trkpt lat="47.6209810" lon="-120.6688260">
    <ele>709.8</ele>
    <time>2026-06-06T02:43:23Z</time>
   </trkpt>
   <trkpt lat="47.6209810" lon="-120.6688260">
    <ele>709.8</ele>
    <time>2026-06-06T02:43:24Z</time>
   </trkpt>
   <trkpt lat="47.6209810" lon="-120.6688260">
    <ele>709.8</ele>
    <time>2026-06-06T02:43:25Z</time>
   </trkpt>
   <trkpt lat="47.6209820" lon="-120.6688260">
    <ele>709.8</ele>
    <time>2026-06-06T02:43:26Z</time>
   </trkpt>
   <trkpt lat="47.6209820" lon="-120.6688260">
    <ele>709.8</ele>
    <time>2026-06-06T02:43:27Z</time>
   </trkpt>
   <trkpt lat="47.6209820" lon="-120.6688260">
    <ele>709.8</ele>
    <time>2026-06-06T02:43:28Z</time>
   </trkpt>
   <trkpt lat="47.6209820" lon="-120.6688260">
    <ele>709.8</ele>
    <time>2026-06-06T02:43:29Z</time>
   </trkpt>
   <trkpt lat="47.6209820" lon="-120.6688250">
    <ele>709.8</ele>
    <time>2026-06-06T02:43:30Z</time>
   </trkpt>
   <trkpt lat="47.6209820" lon="-120.6688250">
    <ele>709.8</ele>
    <time>2026-06-06T02:43:31Z</time>
   </trkpt>
   <trkpt lat="47.6209820" lon="-120.6688250">
    <ele>709.8</ele>
    <time>2026-06-06T02:43:32Z</time>
   </trkpt>
   <trkpt lat="47.6209820" lon="-120.6688250">
    <ele>709.8</ele>
    <time>2026-06-06T02:43:33Z</time>
   </trkpt>
   <trkpt lat="47.6209820" lon="-120.6688250">
    <ele>709.8</ele>
    <time>2026-06-06T02:43:34Z</time>
   </trkpt>
   <trkpt lat="47.6209820" lon="-120.6688250">
    <ele>709.8</ele>
    <time>2026-06-06T02:43:35Z</time>
   </trkpt>
   <trkpt lat="47.6209820" lon="-120.6688250">
    <ele>709.8</ele>
    <time>2026-06-06T02:43:36Z</time>
   </trkpt>
   <trkpt lat="47.6209820" lon="-120.6688250">
    <ele>709.8</ele>
    <time>2026-06-06T02:43:37Z</time>
   </trkpt>
   <trkpt lat="47.6209820" lon="-120.6688240">
    <ele>709.8</ele>
    <time>2026-06-06T02:43:38Z</time>
   </trkpt>
   <trkpt lat="47.6209820" lon="-120.6688240">
    <ele>709.8</ele>
    <time>2026-06-06T02:43:39Z</time>
   </trkpt>
   <trkpt lat="47.6209820" lon="-120.6688240">
    <ele>709.8</ele>
    <time>2026-06-06T02:43:40Z</time>
   </trkpt>
   <trkpt lat="47.6209820" lon="-120.6688240">
    <ele>709.8</ele>
    <time>2026-06-06T02:43:41Z</time>
   </trkpt>
   <trkpt lat="47.6209820" lon="-120.6688240">
    <ele>709.8</ele>
    <time>2026-06-06T02:43:42Z</time>
   </trkpt>
   <trkpt lat="47.6209820" lon="-120.6688240">
    <ele>709.8</ele>
    <time>2026-06-06T02:43:43Z</time>
   </trkpt>
   <trkpt lat="47.6209820" lon="-120.6688240">
    <ele>709.8</ele>
    <time>2026-06-06T02:43:44Z</time>
   </trkpt>
   <trkpt lat="47.6209830" lon="-120.6688240">
    <ele>709.8</ele>
    <time>2026-06-06T02:43:45Z</time>
   </trkpt>
   <trkpt lat="47.6209830" lon="-120.6688240">
    <ele>709.8</ele>
    <time>2026-06-06T02:43:46Z</time>
   </trkpt>
   <trkpt lat="47.6209830" lon="-120.6688240">
    <ele>709.8</ele>
    <time>2026-06-06T02:43:47Z</time>
   </trkpt>
   <trkpt lat="47.6209830" lon="-120.6688240">
    <ele>709.8</ele>
    <time>2026-06-06T02:43:48Z</time>
   </trkpt>
   <trkpt lat="47.6209810" lon="-120.6688240">
    <ele>709.8</ele>
    <time>2026-06-06T02:43:49Z</time>
   </trkpt>
   <trkpt lat="47.6209780" lon="-120.6688220">
    <ele>709.8</ele>
    <time>2026-06-06T02:43:50Z</time>
   </trkpt>
   <trkpt lat="47.6209740" lon="-120.6688190">
    <ele>709.9</ele>
    <time>2026-06-06T02:43:51Z</time>
   </trkpt>
   <trkpt lat="47.6209690" lon="-120.6688140">
    <ele>709.9</ele>
    <time>2026-06-06T02:43:52Z</time>
   </trkpt>
   <trkpt lat="47.6209670" lon="-120.6688110">
    <ele>709.9</ele>
    <time>2026-06-06T02:43:53Z</time>
   </trkpt>
   <trkpt lat="47.6209660" lon="-120.6688090">
    <ele>709.9</ele>
    <time>2026-06-06T02:43:54Z</time>
   </trkpt>
   <trkpt lat="47.6209650" lon="-120.6688080">
    <ele>709.9</ele>
    <time>2026-06-06T02:43:55Z</time>
   </trkpt>
   <trkpt lat="47.6209650" lon="-120.6688080">
    <ele>709.9</ele>
    <time>2026-06-06T02:43:56Z</time>
   </trkpt>
   <trkpt lat="47.6209650" lon="-120.6688070">
    <ele>709.9</ele>
    <time>2026-06-06T02:43:57Z</time>
   </trkpt>
   <trkpt lat="47.6209640" lon="-120.6688070">
    <ele>709.9</ele>
    <time>2026-06-06T02:43:58Z</time>
   </trkpt>
   <trkpt lat="47.6209640" lon="-120.6688070">
    <ele>709.9</ele>
    <time>2026-06-06T02:43:59Z</time>
   </trkpt>
   <trkpt lat="47.6209640" lon="-120.6688070">
    <ele>709.9</ele>
    <time>2026-06-06T02:44:00Z</time>
   </trkpt>
   <trkpt lat="47.6209640" lon="-120.6688060">
    <ele>709.9</ele>
    <time>2026-06-06T02:44:01Z</time>
   </trkpt>
   <trkpt lat="47.6209630" lon="-120.6688060">
    <ele>709.9</ele>
    <time>2026-06-06T02:44:02Z</time>
   </trkpt>
   <trkpt lat="47.6209630" lon="-120.6688060">
    <ele>709.9</ele>
    <time>2026-06-06T02:44:03Z</time>
   </trkpt>
   <trkpt lat="47.6209630" lon="-120.6688060">
    <ele>709.9</ele>
    <time>2026-06-06T02:44:04Z</time>
   </trkpt>
   <trkpt lat="47.6209630" lon="-120.6688060">
    <ele>709.9</ele>
    <time>2026-06-06T02:44:05Z</time>
   </trkpt>
   <trkpt lat="47.6209640" lon="-120.6688050">
    <ele>709.9</ele>
    <time>2026-06-06T02:44:06Z</time>
   </trkpt>
   <trkpt lat="47.6209630" lon="-120.6688000">
    <ele>709.9</ele>
    <time>2026-06-06T02:44:07Z</time>
   </trkpt>
   <trkpt lat="47.6209580" lon="-120.6687900">
    <ele>710.0</ele>
    <time>2026-06-06T02:44:08Z</time>
   </trkpt>
   <trkpt lat="47.6209530" lon="-120.6687800">
    <ele>710.0</ele>
    <time>2026-06-06T02:44:09Z</time>
   </trkpt>
   <trkpt lat="47.6209500" lon="-120.6687790">
    <ele>710.0</ele>
    <time>2026-06-06T02:44:10Z</time>
   </trkpt>
   <trkpt lat="47.6209500" lon="-120.6687790">
    <ele>710.0</ele>
    <time>2026-06-06T02:44:11Z</time>
   </trkpt>
   <trkpt lat="47.6209520" lon="-120.6687810">
    <ele>710.1</ele>
    <time>2026-06-06T02:44:12Z</time>
   </trkpt>
   <trkpt lat="47.6209550" lon="-120.6687850">
    <ele>710.1</ele>
    <time>2026-06-06T02:44:13Z</time>
   </trkpt>
   <trkpt lat="47.6209570" lon="-120.6687870">
    <ele>710.1</ele>
    <time>2026-06-06T02:44:14Z</time>
   </trkpt>
   <trkpt lat="47.6209590" lon="-120.6687890">
    <ele>710.1</ele>
    <time>2026-06-06T02:44:15Z</time>
   </trkpt>
   <trkpt lat="47.6209610" lon="-120.6687900">
    <ele>710.1</ele>
    <time>2026-06-06T02:44:16Z</time>
   </trkpt>
   <trkpt lat="47.6209620" lon="-120.6687920">
    <ele>710.1</ele>
    <time>2026-06-06T02:44:17Z</time>
   </trkpt>
   <trkpt lat="47.6209640" lon="-120.6687930">
    <ele>710.1</ele>
    <time>2026-06-06T02:44:18Z</time>
   </trkpt>
   <trkpt lat="47.6209650" lon="-120.6687940">
    <ele>710.1</ele>
    <time>2026-06-06T02:44:19Z</time>
   </trkpt>
   <trkpt lat="47.6209650" lon="-120.6687950">
    <ele>710.1</ele>
    <time>2026-06-06T02:44:20Z</time>
   </trkpt>
   <trkpt lat="47.6209670" lon="-120.6687950">
    <ele>710.2</ele>
    <time>2026-06-06T02:44:21Z</time>
   </trkpt>
   <trkpt lat="47.6209680" lon="-120.6687960">
    <ele>710.2</ele>
    <time>2026-06-06T02:44:22Z</time>
   </trkpt>
   <trkpt lat="47.6209680" lon="-120.6687970">
    <ele>710.2</ele>
    <time>2026-06-06T02:44:23Z</time>
   </trkpt>
   <trkpt lat="47.6209690" lon="-120.6687980">
    <ele>710.2</ele>
    <time>2026-06-06T02:44:24Z</time>
   </trkpt>
   <trkpt lat="47.6209700" lon="-120.6687980">
    <ele>710.2</ele>
    <time>2026-06-06T02:44:25Z</time>
   </trkpt>
   <trkpt lat="47.6209700" lon="-120.6687990">
    <ele>710.2</ele>
    <time>2026-06-06T02:44:26Z</time>
   </trkpt>
   <trkpt lat="47.6209700" lon="-120.6688000">
    <ele>710.2</ele>
    <time>2026-06-06T02:44:27Z</time>
   </trkpt>
   <trkpt lat="47.6209700" lon="-120.6688000">
    <ele>710.2</ele>
    <time>2026-06-06T02:44:28Z</time>
   </trkpt>
   <trkpt lat="47.6209700" lon="-120.6688000">
    <ele>710.2</ele>
    <time>2026-06-06T02:44:29Z</time>
   </trkpt>
   <trkpt lat="47.6209700" lon="-120.6688010">
    <ele>710.2</ele>
    <time>2026-06-06T02:44:30Z</time>
   </trkpt>
   <trkpt lat="47.6209700" lon="-120.6688010">
    <ele>710.2</ele>
    <time>2026-06-06T02:44:31Z</time>
   </trkpt>
   <trkpt lat="47.6209700" lon="-120.6688010">
    <ele>710.2</ele>
    <time>2026-06-06T02:44:32Z</time>
   </trkpt>
   <trkpt lat="47.6209700" lon="-120.6688020">
    <ele>710.2</ele>
    <time>2026-06-06T02:44:33Z</time>
   </trkpt>
   <trkpt lat="47.6209700" lon="-120.6688020">
    <ele>710.2</ele>
    <time>2026-06-06T02:44:34Z</time>
   </trkpt>
   <trkpt lat="47.6209700" lon="-120.6688020">
    <ele>710.2</ele>
    <time>2026-06-06T02:44:35Z</time>
   </trkpt>
   <trkpt lat="47.6209700" lon="-120.6688030">
    <ele>710.2</ele>
    <time>2026-06-06T02:44:36Z</time>
   </trkpt>
   <trkpt lat="47.6209700" lon="-120.6688030">
    <ele>710.2</ele>
    <time>2026-06-06T02:44:37Z</time>
   </trkpt>
   <trkpt lat="47.6209700" lon="-120.6688040">
    <ele>710.2</ele>
    <time>2026-06-06T02:44:38Z</time>
   </trkpt>
   <trkpt lat="47.6209700" lon="-120.6688060">
    <ele>710.2</ele>
    <time>2026-06-06T02:44:39Z</time>
   </trkpt>
   <trkpt lat="47.6209700" lon="-120.6688060">
    <ele>710.2</ele>
    <time>2026-06-06T02:44:40Z</time>
   </trkpt>
   <trkpt lat="47.6209710" lon="-120.6688060">
    <ele>710.2</ele>
    <time>2026-06-06T02:44:41Z</time>
   </trkpt>
   <trkpt lat="47.6209710" lon="-120.6688070">
    <ele>710.2</ele>
    <time>2026-06-06T02:44:42Z</time>
   </trkpt>
   <trkpt lat="47.6209710" lon="-120.6688070">
    <ele>710.2</ele>
    <time>2026-06-06T02:44:43Z</time>
   </trkpt>
   <trkpt lat="47.6209720" lon="-120.6688070">
    <ele>710.2</ele>
    <time>2026-06-06T02:44:44Z</time>
   </trkpt>
   <trkpt lat="47.6209730" lon="-120.6688080">
    <ele>710.2</ele>
    <time>2026-06-06T02:44:45Z</time>
   </trkpt>
   <trkpt lat="47.6209720" lon="-120.6688100">
    <ele>710.2</ele>
    <time>2026-06-06T02:44:46Z</time>
   </trkpt>
   <trkpt lat="47.6209670" lon="-120.6688180">
    <ele>710.3</ele>
    <time>2026-06-06T02:44:47Z</time>
   </trkpt>
   <trkpt lat="47.6209670" lon="-120.6688180">
    <ele>710.3</ele>
    <time>2026-06-06T02:44:48Z</time>
   </trkpt>
   <trkpt lat="47.6209660" lon="-120.6688190">
    <ele>710.3</ele>
    <time>2026-06-06T02:44:49Z</time>
   </trkpt>
   <trkpt lat="47.6209590" lon="-120.6688280">
    <ele>710.3</ele>
    <time>2026-06-06T02:44:50Z</time>
   </trkpt>
   <trkpt lat="47.6209560" lon="-120.6688290">
    <ele>710.3</ele>
    <time>2026-06-06T02:44:51Z</time>
   </trkpt>
   <trkpt lat="47.6209550" lon="-120.6688300">
    <ele>710.4</ele>
    <time>2026-06-06T02:44:52Z</time>
   </trkpt>
   <trkpt lat="47.6209540" lon="-120.6688280">
    <ele>710.4</ele>
    <time>2026-06-06T02:44:53Z</time>
   </trkpt>
   <trkpt lat="47.6209530" lon="-120.6688280">
    <ele>710.4</ele>
    <time>2026-06-06T02:44:54Z</time>
   </trkpt>
   <trkpt lat="47.6209530" lon="-120.6688270">
    <ele>710.4</ele>
    <time>2026-06-06T02:44:55Z</time>
   </trkpt>
   <trkpt lat="47.6209520" lon="-120.6688260">
    <ele>710.4</ele>
    <time>2026-06-06T02:44:56Z</time>
   </trkpt>
   <trkpt lat="47.6209520" lon="-120.6688250">
    <ele>710.4</ele>
    <time>2026-06-06T02:44:57Z</time>
   </trkpt>
   <trkpt lat="47.6209510" lon="-120.6688250">
    <ele>710.4</ele>
    <time>2026-06-06T02:44:58Z</time>
   </trkpt>
   <trkpt lat="47.6209510" lon="-120.6688240">
    <ele>710.4</ele>
    <time>2026-06-06T02:44:59Z</time>
   </trkpt>
   <trkpt lat="47.6209510" lon="-120.6688230">
    <ele>710.4</ele>
    <time>2026-06-06T02:45:00Z</time>
   </trkpt>
   <trkpt lat="47.6209500" lon="-120.6688220">
    <ele>710.4</ele>
    <time>2026-06-06T02:45:01Z</time>
   </trkpt>
   <trkpt lat="47.6209500" lon="-120.6688220">
    <ele>710.4</ele>
    <time>2026-06-06T02:45:02Z</time>
   </trkpt>
   <trkpt lat="47.6209490" lon="-120.6688210">
    <ele>710.4</ele>
    <time>2026-06-06T02:45:03Z</time>
   </trkpt>
   <trkpt lat="47.6209490" lon="-120.6688200">
    <ele>710.4</ele>
    <time>2026-06-06T02:45:04Z</time>
   </trkpt>
   <trkpt lat="47.6209490" lon="-120.6688190">
    <ele>710.4</ele>
    <time>2026-06-06T02:45:05Z</time>
   </trkpt>
   <trkpt lat="47.6209480" lon="-120.6688190">
    <ele>710.4</ele>
    <time>2026-06-06T02:45:06Z</time>
   </trkpt>
   <trkpt lat="47.6209480" lon="-120.6688180">
    <ele>710.4</ele>
    <time>2026-06-06T02:45:07Z</time>
   </trkpt>
   <trkpt lat="47.6209470" lon="-120.6688170">
    <ele>710.4</ele>
    <time>2026-06-06T02:45:08Z</time>
   </trkpt>
   <trkpt lat="47.6209470" lon="-120.6688170">
    <ele>710.4</ele>
    <time>2026-06-06T02:45:09Z</time>
   </trkpt>
   <trkpt lat="47.6209460" lon="-120.6688160">
    <ele>710.5</ele>
    <time>2026-06-06T02:45:10Z</time>
   </trkpt>
   <trkpt lat="47.6209460" lon="-120.6688150">
    <ele>710.5</ele>
    <time>2026-06-06T02:45:11Z</time>
   </trkpt>
   <trkpt lat="47.6209460" lon="-120.6688140">
    <ele>710.5</ele>
    <time>2026-06-06T02:45:12Z</time>
   </trkpt>
   <trkpt lat="47.6209450" lon="-120.6688140">
    <ele>710.5</ele>
    <time>2026-06-06T02:45:13Z</time>
   </trkpt>
   <trkpt lat="47.6209450" lon="-120.6688130">
    <ele>710.5</ele>
    <time>2026-06-06T02:45:14Z</time>
   </trkpt>
   <trkpt lat="47.6209440" lon="-120.6688120">
    <ele>710.5</ele>
    <time>2026-06-06T02:45:15Z</time>
   </trkpt>
   <trkpt lat="47.6209440" lon="-120.6688110">
    <ele>710.5</ele>
    <time>2026-06-06T02:45:16Z</time>
   </trkpt>
   <trkpt lat="47.6209440" lon="-120.6688110">
    <ele>710.5</ele>
    <time>2026-06-06T02:45:17Z</time>
   </trkpt>
   <trkpt lat="47.6209430" lon="-120.6688100">
    <ele>710.5</ele>
    <time>2026-06-06T02:45:18Z</time>
   </trkpt>
   <trkpt lat="47.6209430" lon="-120.6688090">
    <ele>710.5</ele>
    <time>2026-06-06T02:45:19Z</time>
   </trkpt>
   <trkpt lat="47.6209420" lon="-120.6688090">
    <ele>710.5</ele>
    <time>2026-06-06T02:45:20Z</time>
   </trkpt>
   <trkpt lat="47.6209420" lon="-120.6688080">
    <ele>710.5</ele>
    <time>2026-06-06T02:45:21Z</time>
   </trkpt>
   <trkpt lat="47.6209410" lon="-120.6688070">
    <ele>710.5</ele>
    <time>2026-06-06T02:45:22Z</time>
   </trkpt>
   <trkpt lat="47.6209410" lon="-120.6688060">
    <ele>710.5</ele>
    <time>2026-06-06T02:45:23Z</time>
   </trkpt>
   <trkpt lat="47.6209410" lon="-120.6688060">
    <ele>710.5</ele>
    <time>2026-06-06T02:45:24Z</time>
   </trkpt>
   <trkpt lat="47.6209400" lon="-120.6688050">
    <ele>710.5</ele>
    <time>2026-06-06T02:45:25Z</time>
   </trkpt>
   <trkpt lat="47.6209400" lon="-120.6688040">
    <ele>710.5</ele>
    <time>2026-06-06T02:45:26Z</time>
   </trkpt>
   <trkpt lat="47.6209390" lon="-120.6688030">
    <ele>710.5</ele>
    <time>2026-06-06T02:45:27Z</time>
   </trkpt>
   <trkpt lat="47.6209390" lon="-120.6688030">
    <ele>710.5</ele>
    <time>2026-06-06T02:45:28Z</time>
   </trkpt>
   <trkpt lat="47.6209390" lon="-120.6688020">
    <ele>710.5</ele>
    <time>2026-06-06T02:45:29Z</time>
   </trkpt>
   <trkpt lat="47.6209380" lon="-120.6688010">
    <ele>710.5</ele>
    <time>2026-06-06T02:45:30Z</time>
   </trkpt>
   <trkpt lat="47.6209380" lon="-120.6688000">
    <ele>710.6</ele>
    <time>2026-06-06T02:45:31Z</time>
   </trkpt>
   <trkpt lat="47.6209370" lon="-120.6688000">
    <ele>710.6</ele>
    <time>2026-06-06T02:45:32Z</time>
   </trkpt>
   <trkpt lat="47.6209370" lon="-120.6687990">
    <ele>710.6</ele>
    <time>2026-06-06T02:45:33Z</time>
   </trkpt>
   <trkpt lat="47.6209360" lon="-120.6687980">
    <ele>710.6</ele>
    <time>2026-06-06T02:45:34Z</time>
   </trkpt>
   <trkpt lat="47.6209360" lon="-120.6687980">
    <ele>710.6</ele>
    <time>2026-06-06T02:45:35Z</time>
   </trkpt>
   <trkpt lat="47.6209360" lon="-120.6687970">
    <ele>710.6</ele>
    <time>2026-06-06T02:45:36Z</time>
   </trkpt>
   <trkpt lat="47.6209350" lon="-120.6687960">
    <ele>710.6</ele>
    <time>2026-06-06T02:45:37Z</time>
   </trkpt>
   <trkpt lat="47.6209350" lon="-120.6687950">
    <ele>710.6</ele>
    <time>2026-06-06T02:45:38Z</time>
   </trkpt>
   <trkpt lat="47.6209340" lon="-120.6687950">
    <ele>710.6</ele>
    <time>2026-06-06T02:45:39Z</time>
   </trkpt>
   <trkpt lat="47.6209340" lon="-120.6687940">
    <ele>710.6</ele>
    <time>2026-06-06T02:45:40Z</time>
   </trkpt>
   <trkpt lat="47.6209340" lon="-120.6687930">
    <ele>710.6</ele>
    <time>2026-06-06T02:45:41Z</time>
   </trkpt>
   <trkpt lat="47.6209330" lon="-120.6687920">
    <ele>710.6</ele>
    <time>2026-06-06T02:45:42Z</time>
   </trkpt>
   <trkpt lat="47.6209330" lon="-120.6687920">
    <ele>710.6</ele>
    <time>2026-06-06T02:45:43Z</time>
   </trkpt>
   <trkpt lat="47.6209320" lon="-120.6687910">
    <ele>710.6</ele>
    <time>2026-06-06T02:45:44Z</time>
   </trkpt>
   <trkpt lat="47.6209320" lon="-120.6687900">
    <ele>710.6</ele>
    <time>2026-06-06T02:45:45Z</time>
   </trkpt>
   <trkpt lat="47.6209310" lon="-120.6687900">
    <ele>710.6</ele>
    <time>2026-06-06T02:45:46Z</time>
   </trkpt>
   <trkpt lat="47.6209310" lon="-120.6687890">
    <ele>710.6</ele>
    <time>2026-06-06T02:45:47Z</time>
   </trkpt>
   <trkpt lat="47.6209310" lon="-120.6687880">
    <ele>710.6</ele>
    <time>2026-06-06T02:45:48Z</time>
   </trkpt>
   <trkpt lat="47.6209300" lon="-120.6687870">
    <ele>710.6</ele>
    <time>2026-06-06T02:45:49Z</time>
   </trkpt>
   <trkpt lat="47.6209300" lon="-120.6687870">
    <ele>710.6</ele>
    <time>2026-06-06T02:45:50Z</time>
   </trkpt>
   <trkpt lat="47.6209290" lon="-120.6687860">
    <ele>710.6</ele>
    <time>2026-06-06T02:45:51Z</time>
   </trkpt>
   <trkpt lat="47.6209290" lon="-120.6687850">
    <ele>710.7</ele>
    <time>2026-06-06T02:45:52Z</time>
   </trkpt>
   <trkpt lat="47.6209290" lon="-120.6687840">
    <ele>710.7</ele>
    <time>2026-06-06T02:45:53Z</time>
   </trkpt>
   <trkpt lat="47.6209280" lon="-120.6687840">
    <ele>710.7</ele>
    <time>2026-06-06T02:45:54Z</time>
   </trkpt>
   <trkpt lat="47.6209280" lon="-120.6687830">
    <ele>710.7</ele>
    <time>2026-06-06T02:45:55Z</time>
   </trkpt>
   <trkpt lat="47.6209270" lon="-120.6687820">
    <ele>710.7</ele>
    <time>2026-06-06T02:45:56Z</time>
   </trkpt>
   <trkpt lat="47.6209270" lon="-120.6687810">
    <ele>710.7</ele>
    <time>2026-06-06T02:45:57Z</time>
   </trkpt>
   <trkpt lat="47.6209260" lon="-120.6687810">
    <ele>710.7</ele>
    <time>2026-06-06T02:45:58Z</time>
   </trkpt>
   <trkpt lat="47.6209260" lon="-120.6687800">
    <ele>710.7</ele>
    <time>2026-06-06T02:45:59Z</time>
   </trkpt>
   <trkpt lat="47.6209100" lon="-120.6687590">
    <ele>710.8</ele>
    <time>2026-06-06T02:46:00Z</time>
   </trkpt>
   <trkpt lat="47.6209030" lon="-120.6687500">
    <ele>710.9</ele>
    <time>2026-06-06T02:46:01Z</time>
   </trkpt>
   <trkpt lat="47.6208970" lon="-120.6687400">
    <ele>711.0</ele>
    <time>2026-06-06T02:46:02Z</time>
   </trkpt>
   <trkpt lat="47.6208890" lon="-120.6687270">
    <ele>711.1</ele>
    <time>2026-06-06T02:46:03Z</time>
   </trkpt>
   <trkpt lat="47.6208880" lon="-120.6687270">
    <ele>711.1</ele>
    <time>2026-06-06T02:46:04Z</time>
   </trkpt>
   <trkpt lat="47.6208880" lon="-120.6687260">
    <ele>711.1</ele>
    <time>2026-06-06T02:46:05Z</time>
   </trkpt>
   <trkpt lat="47.6208880" lon="-120.6687260">
    <ele>711.1</ele>
    <time>2026-06-06T02:46:06Z</time>
   </trkpt>
   <trkpt lat="47.6208870" lon="-120.6687250">
    <ele>711.1</ele>
    <time>2026-06-06T02:46:07Z</time>
   </trkpt>
   <trkpt lat="47.6208870" lon="-120.6687250">
    <ele>711.1</ele>
    <time>2026-06-06T02:46:08Z</time>
   </trkpt>
   <trkpt lat="47.6208870" lon="-120.6687240">
    <ele>711.1</ele>
    <time>2026-06-06T02:46:09Z</time>
   </trkpt>
   <trkpt lat="47.6208870" lon="-120.6687230">
    <ele>711.1</ele>
    <time>2026-06-06T02:46:10Z</time>
   </trkpt>
   <trkpt lat="47.6208860" lon="-120.6687230">
    <ele>711.1</ele>
    <time>2026-06-06T02:46:11Z</time>
   </trkpt>
   <trkpt lat="47.6208860" lon="-120.6687220">
    <ele>711.1</ele>
    <time>2026-06-06T02:46:12Z</time>
   </trkpt>
   <trkpt lat="47.6208860" lon="-120.6687220">
    <ele>711.1</ele>
    <time>2026-06-06T02:46:13Z</time>
   </trkpt>
   <trkpt lat="47.6208850" lon="-120.6687210">
    <ele>711.1</ele>
    <time>2026-06-06T02:46:14Z</time>
   </trkpt>
   <trkpt lat="47.6208850" lon="-120.6687210">
    <ele>711.1</ele>
    <time>2026-06-06T02:46:15Z</time>
   </trkpt>
   <trkpt lat="47.6208850" lon="-120.6687200">
    <ele>711.1</ele>
    <time>2026-06-06T02:46:16Z</time>
   </trkpt>
   <trkpt lat="47.6208840" lon="-120.6687200">
    <ele>711.1</ele>
    <time>2026-06-06T02:46:17Z</time>
   </trkpt>
   <trkpt lat="47.6208840" lon="-120.6687190">
    <ele>711.1</ele>
    <time>2026-06-06T02:46:18Z</time>
   </trkpt>
   <trkpt lat="47.6208840" lon="-120.6687180">
    <ele>711.1</ele>
    <time>2026-06-06T02:46:19Z</time>
   </trkpt>
   <trkpt lat="47.6208840" lon="-120.6687180">
    <ele>711.1</ele>
    <time>2026-06-06T02:46:20Z</time>
   </trkpt>
   <trkpt lat="47.6208830" lon="-120.6687170">
    <ele>711.2</ele>
    <time>2026-06-06T02:46:21Z</time>
   </trkpt>
   <trkpt lat="47.6208830" lon="-120.6687170">
    <ele>711.2</ele>
    <time>2026-06-06T02:46:22Z</time>
   </trkpt>
   <trkpt lat="47.6208830" lon="-120.6687160">
    <ele>711.2</ele>
    <time>2026-06-06T02:46:23Z</time>
   </trkpt>
   <trkpt lat="47.6208820" lon="-120.6687160">
    <ele>711.2</ele>
    <time>2026-06-06T02:46:24Z</time>
   </trkpt>
   <trkpt lat="47.6208820" lon="-120.6687150">
    <ele>711.2</ele>
    <time>2026-06-06T02:46:25Z</time>
   </trkpt>
   <trkpt lat="47.6208820" lon="-120.6687140">
    <ele>711.2</ele>
    <time>2026-06-06T02:46:26Z</time>
   </trkpt>
   <trkpt lat="47.6208810" lon="-120.6687140">
    <ele>711.2</ele>
    <time>2026-06-06T02:46:27Z</time>
   </trkpt>
   <trkpt lat="47.6208810" lon="-120.6687130">
    <ele>711.2</ele>
    <time>2026-06-06T02:46:28Z</time>
   </trkpt>
   <trkpt lat="47.6208810" lon="-120.6687130">
    <ele>711.2</ele>
    <time>2026-06-06T02:46:29Z</time>
   </trkpt>
   <trkpt lat="47.6208810" lon="-120.6687120">
    <ele>711.2</ele>
    <time>2026-06-06T02:46:30Z</time>
   </trkpt>
   <trkpt lat="47.6208800" lon="-120.6687120">
    <ele>711.2</ele>
    <time>2026-06-06T02:46:31Z</time>
   </trkpt>
   <trkpt lat="47.6208800" lon="-120.6687110">
    <ele>711.2</ele>
    <time>2026-06-06T02:46:32Z</time>
   </trkpt>
   <trkpt lat="47.6208800" lon="-120.6687100">
    <ele>711.2</ele>
    <time>2026-06-06T02:46:33Z</time>
   </trkpt>
   <trkpt lat="47.6208790" lon="-120.6687100">
    <ele>711.2</ele>
    <time>2026-06-06T02:46:34Z</time>
   </trkpt>
   <trkpt lat="47.6208790" lon="-120.6687090">
    <ele>711.2</ele>
    <time>2026-06-06T02:46:35Z</time>
   </trkpt>
   <trkpt lat="47.6208790" lon="-120.6687090">
    <ele>711.2</ele>
    <time>2026-06-06T02:46:36Z</time>
   </trkpt>
   <trkpt lat="47.6208780" lon="-120.6687080">
    <ele>711.2</ele>
    <time>2026-06-06T02:46:37Z</time>
   </trkpt>
   <trkpt lat="47.6208780" lon="-120.6687080">
    <ele>711.2</ele>
    <time>2026-06-06T02:46:38Z</time>
   </trkpt>
   <trkpt lat="47.6208780" lon="-120.6687070">
    <ele>711.2</ele>
    <time>2026-06-06T02:46:39Z</time>
   </trkpt>
   <trkpt lat="47.6208780" lon="-120.6687060">
    <ele>711.2</ele>
    <time>2026-06-06T02:46:40Z</time>
   </trkpt>
   <trkpt lat="47.6208770" lon="-120.6687060">
    <ele>711.3</ele>
    <time>2026-06-06T02:46:41Z</time>
   </trkpt>
   <trkpt lat="47.6208770" lon="-120.6687050">
    <ele>711.3</ele>
    <time>2026-06-06T02:46:42Z</time>
   </trkpt>
   <trkpt lat="47.6208770" lon="-120.6687050">
    <ele>711.3</ele>
    <time>2026-06-06T02:46:43Z</time>
   </trkpt>
   <trkpt lat="47.6208760" lon="-120.6687040">
    <ele>711.3</ele>
    <time>2026-06-06T02:46:44Z</time>
   </trkpt>
   <trkpt lat="47.6208760" lon="-120.6687040">
    <ele>711.3</ele>
    <time>2026-06-06T02:46:45Z</time>
   </trkpt>
   <trkpt lat="47.6208760" lon="-120.6687030">
    <ele>711.3</ele>
    <time>2026-06-06T02:46:46Z</time>
   </trkpt>
   <trkpt lat="47.6208750" lon="-120.6687030">
    <ele>711.3</ele>
    <time>2026-06-06T02:46:47Z</time>
   </trkpt>
   <trkpt lat="47.6208750" lon="-120.6687020">
    <ele>711.3</ele>
    <time>2026-06-06T02:46:48Z</time>
   </trkpt>
   <trkpt lat="47.6208750" lon="-120.6687010">
    <ele>711.3</ele>
    <time>2026-06-06T02:46:49Z</time>
   </trkpt>
   <trkpt lat="47.6208750" lon="-120.6687010">
    <ele>711.3</ele>
    <time>2026-06-06T02:46:50Z</time>
   </trkpt>
   <trkpt lat="47.6208740" lon="-120.6687000">
    <ele>711.3</ele>
    <time>2026-06-06T02:46:51Z</time>
   </trkpt>
   <trkpt lat="47.6208740" lon="-120.6687000">
    <ele>711.3</ele>
    <time>2026-06-06T02:46:52Z</time>
   </trkpt>
   <trkpt lat="47.6208740" lon="-120.6686990">
    <ele>711.3</ele>
    <time>2026-06-06T02:46:53Z</time>
   </trkpt>
   <trkpt lat="47.6208730" lon="-120.6686990">
    <ele>711.3</ele>
    <time>2026-06-06T02:46:54Z</time>
   </trkpt>
   <trkpt lat="47.6208730" lon="-120.6686980">
    <ele>711.3</ele>
    <time>2026-06-06T02:46:55Z</time>
   </trkpt>
   <trkpt lat="47.6208610" lon="-120.6686800">
    <ele>711.5</ele>
    <time>2026-06-06T02:46:56Z</time>
   </trkpt>
   <trkpt lat="47.6208480" lon="-120.6686610">
    <ele>711.6</ele>
    <time>2026-06-06T02:46:57Z</time>
   </trkpt>
   <trkpt lat="47.6208350" lon="-120.6686480">
    <ele>711.8</ele>
    <time>2026-06-06T02:46:58Z</time>
   </trkpt>
   <trkpt lat="47.6208220" lon="-120.6686340">
    <ele>711.9</ele>
    <time>2026-06-06T02:46:59Z</time>
   </trkpt>
   <trkpt lat="47.6208080" lon="-120.6686220">
    <ele>712.1</ele>
    <time>2026-06-06T02:47:00Z</time>
   </trkpt>
   <trkpt lat="47.6207930" lon="-120.6686130">
    <ele>712.2</ele>
    <time>2026-06-06T02:47:01Z</time>
   </trkpt>
   <trkpt lat="47.6207770" lon="-120.6686050">
    <ele>712.4</ele>
    <time>2026-06-06T02:47:02Z</time>
   </trkpt>
   <trkpt lat="47.6207580" lon="-120.6685990">
    <ele>712.6</ele>
    <time>2026-06-06T02:47:03Z</time>
   </trkpt>
   <trkpt lat="47.6207340" lon="-120.6685860">
    <ele>712.8</ele>
    <time>2026-06-06T02:47:04Z</time>
   </trkpt>
   <trkpt lat="47.6207180" lon="-120.6685820">
    <ele>713.0</ele>
    <time>2026-06-06T02:47:05Z</time>
   </trkpt>
   <trkpt lat="47.6206320" lon="-120.6685390">
    <ele>713.9</ele>
    <time>2026-06-06T02:47:06Z</time>
   </trkpt>
   <trkpt lat="47.6205970" lon="-120.6685110">
    <ele>714.2</ele>
    <time>2026-06-06T02:47:07Z</time>
   </trkpt>
   <trkpt lat="47.6205860" lon="-120.6684990">
    <ele>714.3</ele>
    <time>2026-06-06T02:47:08Z</time>
   </trkpt>
   <trkpt lat="47.6205610" lon="-120.6684630">
    <ele>714.6</ele>
    <time>2026-06-06T02:47:09Z</time>
   </trkpt>
   <trkpt lat="47.6205560" lon="-120.6684520">
    <ele>714.6</ele>
    <time>2026-06-06T02:47:10Z</time>
   </trkpt>
   <trkpt lat="47.6205540" lon="-120.6684320">
    <ele>714.7</ele>
    <time>2026-06-06T02:47:11Z</time>
   </trkpt>
   <trkpt lat="47.6205550" lon="-120.6684110">
    <ele>714.8</ele>
    <time>2026-06-06T02:47:12Z</time>
   </trkpt>
   <trkpt lat="47.6205550" lon="-120.6683880">
    <ele>714.9</ele>
    <time>2026-06-06T02:47:13Z</time>
   </trkpt>
   <trkpt lat="47.6205590" lon="-120.6683620">
    <ele>715.0</ele>
    <time>2026-06-06T02:47:14Z</time>
   </trkpt>
   <trkpt lat="47.6205470" lon="-120.6683160">
    <ele>715.2</ele>
    <time>2026-06-06T02:47:15Z</time>
   </trkpt>
   <trkpt lat="47.6205420" lon="-120.6683010">
    <ele>715.2</ele>
    <time>2026-06-06T02:47:16Z</time>
   </trkpt>
   <trkpt lat="47.6205320" lon="-120.6682610">
    <ele>715.3</ele>
    <time>2026-06-06T02:47:17Z</time>
   </trkpt>
   <trkpt lat="47.6205170" lon="-120.6682120">
    <ele>715.5</ele>
    <time>2026-06-06T02:47:18Z</time>
   </trkpt>
   <trkpt lat="47.6204930" lon="-120.6681770">
    <ele>715.6</ele>
    <time>2026-06-06T02:47:19Z</time>
   </trkpt>
   <trkpt lat="47.6204690" lon="-120.6681460">
    <ele>715.7</ele>
    <time>2026-06-06T02:47:20Z</time>
   </trkpt>
   <trkpt lat="47.6204430" lon="-120.6681190">
    <ele>715.8</ele>
    <time>2026-06-06T02:47:21Z</time>
   </trkpt>
   <trkpt lat="47.6204180" lon="-120.6680920">
    <ele>715.8</ele>
    <time>2026-06-06T02:47:22Z</time>
   </trkpt>
   <trkpt lat="47.6203940" lon="-120.6680610">
    <ele>715.9</ele>
    <time>2026-06-06T02:47:23Z</time>
   </trkpt>
   <trkpt lat="47.6203680" lon="-120.6680360">
    <ele>715.9</ele>
    <time>2026-06-06T02:47:24Z</time>
   </trkpt>
   <trkpt lat="47.6203420" lon="-120.6680230">
    <ele>715.9</ele>
    <time>2026-06-06T02:47:25Z</time>
   </trkpt>
   <trkpt lat="47.6203010" lon="-120.6680240">
    <ele>715.8</ele>
    <time>2026-06-06T02:47:26Z</time>
   </trkpt>
   <trkpt lat="47.6202820" lon="-120.6680260">
    <ele>715.8</ele>
    <time>2026-06-06T02:47:27Z</time>
   </trkpt>
   <trkpt lat="47.6202250" lon="-120.6680340">
    <ele>715.7</ele>
    <time>2026-06-06T02:47:28Z</time>
   </trkpt>
   <trkpt lat="47.6201850" lon="-120.6679930">
    <ele>715.6</ele>
    <time>2026-06-06T02:47:29Z</time>
   </trkpt>
   <trkpt lat="47.6201580" lon="-120.6679290">
    <ele>715.4</ele>
    <time>2026-06-06T02:47:30Z</time>
   </trkpt>
   <trkpt lat="47.6201450" lon="-120.6678830">
    <ele>715.3</ele>
    <time>2026-06-06T02:47:31Z</time>
   </trkpt>
   <trkpt lat="47.6201710" lon="-120.6678620">
    <ele>715.2</ele>
    <time>2026-06-06T02:47:32Z</time>
   </trkpt>
   <trkpt lat="47.6201830" lon="-120.6678630">
    <ele>715.2</ele>
    <time>2026-06-06T02:47:33Z</time>
   </trkpt>
   <trkpt lat="47.6202110" lon="-120.6678620">
    <ele>715.1</ele>
    <time>2026-06-06T02:47:34Z</time>
   </trkpt>
   <trkpt lat="47.6202210" lon="-120.6678610">
    <ele>715.1</ele>
    <time>2026-06-06T02:47:35Z</time>
   </trkpt>
   <trkpt lat="47.6202540" lon="-120.6678500">
    <ele>715.0</ele>
    <time>2026-06-06T02:47:36Z</time>
   </trkpt>
   <trkpt lat="47.6202680" lon="-120.6678380">
    <ele>715.0</ele>
    <time>2026-06-06T02:47:37Z</time>
   </trkpt>
   <trkpt lat="47.6203090" lon="-120.6678140">
    <ele>715.0</ele>
    <time>2026-06-06T02:47:38Z</time>
   </trkpt>
   <trkpt lat="47.6203600" lon="-120.6677900">
    <ele>714.9</ele>
    <time>2026-06-06T02:47:39Z</time>
   </trkpt>
   <trkpt lat="47.6204030" lon="-120.6677210">
    <ele>714.8</ele>
    <time>2026-06-06T02:47:40Z</time>
   </trkpt>
   <trkpt lat="47.6204640" lon="-120.6676370">
    <ele>714.6</ele>
    <time>2026-06-06T02:47:41Z</time>
   </trkpt>
   <trkpt lat="47.6205360" lon="-120.6675600">
    <ele>714.2</ele>
    <time>2026-06-06T02:47:42Z</time>
   </trkpt>
   <trkpt lat="47.6206080" lon="-120.6675260">
    <ele>713.8</ele>
    <time>2026-06-06T02:47:43Z</time>
   </trkpt>
   <trkpt lat="47.6206620" lon="-120.6675060">
    <ele>713.3</ele>
    <time>2026-06-06T02:47:44Z</time>
   </trkpt>
   <trkpt lat="47.6206900" lon="-120.6674690">
    <ele>713.0</ele>
    <time>2026-06-06T02:47:45Z</time>
   </trkpt>
   <trkpt lat="47.6207100" lon="-120.6674070">
    <ele>712.6</ele>
    <time>2026-06-06T02:47:46Z</time>
   </trkpt>
   <trkpt lat="47.6206780" lon="-120.6673450">
    <ele>712.2</ele>
    <time>2026-06-06T02:47:47Z</time>
   </trkpt>
   <trkpt lat="47.6206300" lon="-120.6672850">
    <ele>711.8</ele>
    <time>2026-06-06T02:47:48Z</time>
   </trkpt>
   <trkpt lat="47.6205990" lon="-120.6672090">
    <ele>711.5</ele>
    <time>2026-06-06T02:47:49Z</time>
   </trkpt>
   <trkpt lat="47.6205720" lon="-120.6671290">
    <ele>711.3</ele>
    <time>2026-06-06T02:47:50Z</time>
   </trkpt>
   <trkpt lat="47.6205540" lon="-120.6670470">
    <ele>711.1</ele>
    <time>2026-06-06T02:47:51Z</time>
   </trkpt>
   <trkpt lat="47.6205470" lon="-120.6669660">
    <ele>710.9</ele>
    <time>2026-06-06T02:47:52Z</time>
   </trkpt>
   <trkpt lat="47.6205780" lon="-120.6669020">
    <ele>710.7</ele>
    <time>2026-06-06T02:47:53Z</time>
   </trkpt>
   <trkpt lat="47.6206000" lon="-120.6668330">
    <ele>710.4</ele>
    <time>2026-06-06T02:47:54Z</time>
   </trkpt>
   <trkpt lat="47.6206220" lon="-120.6667760">
    <ele>710.1</ele>
    <time>2026-06-06T02:47:55Z</time>
   </trkpt>
   <trkpt lat="47.6206440" lon="-120.6667290">
    <ele>709.9</ele>
    <time>2026-06-06T02:47:56Z</time>
   </trkpt>
   <trkpt lat="47.6206720" lon="-120.6667630">
    <ele>709.6</ele>
    <time>2026-06-06T02:47:57Z</time>
   </trkpt>
   <trkpt lat="47.6206790" lon="-120.6667650">
    <ele>709.5</ele>
    <time>2026-06-06T02:47:58Z</time>
   </trkpt>
   <trkpt lat="47.6206830" lon="-120.6667690">
    <ele>709.5</ele>
    <time>2026-06-06T02:47:59Z</time>
   </trkpt>
   <trkpt lat="47.6206850" lon="-120.6667810">
    <ele>709.4</ele>
    <time>2026-06-06T02:48:00Z</time>
   </trkpt>
   <trkpt lat="47.6206840" lon="-120.6667760">
    <ele>709.4</ele>
    <time>2026-06-06T02:48:01Z</time>
   </trkpt>
   <trkpt lat="47.6206850" lon="-120.6667730">
    <ele>709.4</ele>
    <time>2026-06-06T02:48:02Z</time>
   </trkpt>
   <trkpt lat="47.6206850" lon="-120.6667700">
    <ele>709.3</ele>
    <time>2026-06-06T02:48:03Z</time>
   </trkpt>
   <trkpt lat="47.6206850" lon="-120.6667680">
    <ele>709.3</ele>
    <time>2026-06-06T02:48:04Z</time>
   </trkpt>
   <trkpt lat="47.6206860" lon="-120.6667660">
    <ele>709.3</ele>
    <time>2026-06-06T02:48:05Z</time>
   </trkpt>
   <trkpt lat="47.6206880" lon="-120.6667650">
    <ele>709.3</ele>
    <time>2026-06-06T02:48:06Z</time>
   </trkpt>
   <trkpt lat="47.6206890" lon="-120.6667650">
    <ele>709.3</ele>
    <time>2026-06-06T02:48:07Z</time>
   </trkpt>
   <trkpt lat="47.6206920" lon="-120.6667660">
    <ele>709.3</ele>
    <time>2026-06-06T02:48:08Z</time>
   </trkpt>
   <trkpt lat="47.6206930" lon="-120.6667720">
    <ele>709.2</ele>
    <time>2026-06-06T02:48:09Z</time>
   </trkpt>
   <trkpt lat="47.6206940" lon="-120.6667730">
    <ele>709.2</ele>
    <time>2026-06-06T02:48:10Z</time>
   </trkpt>
   <trkpt lat="47.6206950" lon="-120.6667680">
    <ele>709.2</ele>
    <time>2026-06-06T02:48:11Z</time>
   </trkpt>
   <trkpt lat="47.6206960" lon="-120.6667610">
    <ele>709.1</ele>
    <time>2026-06-06T02:48:12Z</time>
   </trkpt>
   <trkpt lat="47.6206970" lon="-120.6667550">
    <ele>709.1</ele>
    <time>2026-06-06T02:48:13Z</time>
   </trkpt>
   <trkpt lat="47.6206970" lon="-120.6667490">
    <ele>709.1</ele>
    <time>2026-06-06T02:48:14Z</time>
   </trkpt>
   <trkpt lat="47.6206970" lon="-120.6667450">
    <ele>709.0</ele>
    <time>2026-06-06T02:48:15Z</time>
   </trkpt>
   <trkpt lat="47.6206890" lon="-120.6667170">
    <ele>708.9</ele>
    <time>2026-06-06T02:48:16Z</time>
   </trkpt>
   <trkpt lat="47.6206880" lon="-120.6667030">
    <ele>708.8</ele>
    <time>2026-06-06T02:48:17Z</time>
   </trkpt>
   <trkpt lat="47.6206880" lon="-120.6666880">
    <ele>708.7</ele>
    <time>2026-06-06T02:48:18Z</time>
   </trkpt>
   <trkpt lat="47.6206900" lon="-120.6666610">
    <ele>708.5</ele>
    <time>2026-06-06T02:48:19Z</time>
   </trkpt>
   <trkpt lat="47.6206880" lon="-120.6666370">
    <ele>708.4</ele>
    <time>2026-06-06T02:48:20Z</time>
   </trkpt>
   <trkpt lat="47.6206830" lon="-120.6666210">
    <ele>708.3</ele>
    <time>2026-06-06T02:48:21Z</time>
   </trkpt>
   <trkpt lat="47.6206790" lon="-120.6666070">
    <ele>708.2</ele>
    <time>2026-06-06T02:48:22Z</time>
   </trkpt>
   <trkpt lat="47.6206790" lon="-120.6665980">
    <ele>708.1</ele>
    <time>2026-06-06T02:48:23Z</time>
   </trkpt>
   <trkpt lat="47.6206800" lon="-120.6665890">
    <ele>708.1</ele>
    <time>2026-06-06T02:48:24Z</time>
   </trkpt>
   <trkpt lat="47.6206840" lon="-120.6665760">
    <ele>708.0</ele>
    <time>2026-06-06T02:48:25Z</time>
   </trkpt>
   <trkpt lat="47.6206940" lon="-120.6665600">
    <ele>707.8</ele>
    <time>2026-06-06T02:48:26Z</time>
   </trkpt>
   <trkpt lat="47.6206980" lon="-120.6665450">
    <ele>707.8</ele>
    <time>2026-06-06T02:48:27Z</time>
   </trkpt>
   <trkpt lat="47.6206960" lon="-120.6665350">
    <ele>707.7</ele>
    <time>2026-06-06T02:48:28Z</time>
   </trkpt>
   <trkpt lat="47.6206920" lon="-120.6665310">
    <ele>707.6</ele>
    <time>2026-06-06T02:48:29Z</time>
   </trkpt>
   <trkpt lat="47.6206890" lon="-120.6665280">
    <ele>707.6</ele>
    <time>2026-06-06T02:48:30Z</time>
   </trkpt>
   <trkpt lat="47.6206880" lon="-120.6665280">
    <ele>707.6</ele>
    <time>2026-06-06T02:48:31Z</time>
   </trkpt>
   <trkpt lat="47.6206860" lon="-120.6665270">
    <ele>707.6</ele>
    <time>2026-06-06T02:48:32Z</time>
   </trkpt>
   <trkpt lat="47.6206840" lon="-120.6665270">
    <ele>707.6</ele>
    <time>2026-06-06T02:48:33Z</time>
   </trkpt>
   <trkpt lat="47.6206830" lon="-120.6665270">
    <ele>707.6</ele>
    <time>2026-06-06T02:48:34Z</time>
   </trkpt>
   <trkpt lat="47.6206830" lon="-120.6665280">
    <ele>707.6</ele>
    <time>2026-06-06T02:48:35Z</time>
   </trkpt>
   <trkpt lat="47.6206810" lon="-120.6665260">
    <ele>707.5</ele>
    <time>2026-06-06T02:48:36Z</time>
   </trkpt>
   <trkpt lat="47.6206790" lon="-120.6665270">
    <ele>707.5</ele>
    <time>2026-06-06T02:48:37Z</time>
   </trkpt>
   <trkpt lat="47.6206780" lon="-120.6665270">
    <ele>707.5</ele>
    <time>2026-06-06T02:48:38Z</time>
   </trkpt>
   <trkpt lat="47.6206760" lon="-120.6665280">
    <ele>707.5</ele>
    <time>2026-06-06T02:48:39Z</time>
   </trkpt>
   <trkpt lat="47.6206730" lon="-120.6665270">
    <ele>707.5</ele>
    <time>2026-06-06T02:48:40Z</time>
   </trkpt>
   <trkpt lat="47.6206660" lon="-120.6665240">
    <ele>707.4</ele>
    <time>2026-06-06T02:48:41Z</time>
   </trkpt>
   <trkpt lat="47.6206570" lon="-120.6665240">
    <ele>707.3</ele>
    <time>2026-06-06T02:48:42Z</time>
   </trkpt>
   <trkpt lat="47.6206480" lon="-120.6665310">
    <ele>707.2</ele>
    <time>2026-06-06T02:48:43Z</time>
   </trkpt>
   <trkpt lat="47.6206420" lon="-120.6665350">
    <ele>707.2</ele>
    <time>2026-06-06T02:48:44Z</time>
   </trkpt>
   <trkpt lat="47.6206400" lon="-120.6665290">
    <ele>707.1</ele>
    <time>2026-06-06T02:48:45Z</time>
   </trkpt>
   <trkpt lat="47.6206410" lon="-120.6665160">
    <ele>707.0</ele>
    <time>2026-06-06T02:48:46Z</time>
   </trkpt>
   <trkpt lat="47.6206420" lon="-120.6665030">
    <ele>707.0</ele>
    <time>2026-06-06T02:48:47Z</time>
   </trkpt>
   <trkpt lat="47.6206420" lon="-120.6664970">
    <ele>706.9</ele>
    <time>2026-06-06T02:48:48Z</time>
   </trkpt>
   <trkpt lat="47.6206380" lon="-120.6664870">
    <ele>706.9</ele>
    <time>2026-06-06T02:48:49Z</time>
   </trkpt>
   <trkpt lat="47.6206280" lon="-120.6664570">
    <ele>706.7</ele>
    <time>2026-06-06T02:48:50Z</time>
   </trkpt>
   <trkpt lat="47.6206230" lon="-120.6664410">
    <ele>706.6</ele>
    <time>2026-06-06T02:48:51Z</time>
   </trkpt>
   <trkpt lat="47.6206170" lon="-120.6664260">
    <ele>706.5</ele>
    <time>2026-06-06T02:48:52Z</time>
   </trkpt>
   <trkpt lat="47.6206040" lon="-120.6664020">
    <ele>706.3</ele>
    <time>2026-06-06T02:48:53Z</time>
   </trkpt>
   <trkpt lat="47.6205960" lon="-120.6663870">
    <ele>706.2</ele>
    <time>2026-06-06T02:48:54Z</time>
   </trkpt>
   <trkpt lat="47.6205920" lon="-120.6663750">
    <ele>706.1</ele>
    <time>2026-06-06T02:48:55Z</time>
   </trkpt>
   <trkpt lat="47.6205850" lon="-120.6663640">
    <ele>706.0</ele>
    <time>2026-06-06T02:48:56Z</time>
   </trkpt>
   <trkpt lat="47.6205760" lon="-120.6663570">
    <ele>705.9</ele>
    <time>2026-06-06T02:48:57Z</time>
   </trkpt>
   <trkpt lat="47.6205720" lon="-120.6663590">
    <ele>705.9</ele>
    <time>2026-06-06T02:48:58Z</time>
   </trkpt>
   <trkpt lat="47.6205680" lon="-120.6663720">
    <ele>705.8</ele>
    <time>2026-06-06T02:48:59Z</time>
   </trkpt>
   <trkpt lat="47.6205620" lon="-120.6663710">
    <ele>705.8</ele>
    <time>2026-06-06T02:49:00Z</time>
   </trkpt>
   <trkpt lat="47.6205580" lon="-120.6663640">
    <ele>705.7</ele>
    <time>2026-06-06T02:49:01Z</time>
   </trkpt>
   <trkpt lat="47.6205550" lon="-120.6663560">
    <ele>705.7</ele>
    <time>2026-06-06T02:49:02Z</time>
   </trkpt>
   <trkpt lat="47.6205540" lon="-120.6663590">
    <ele>705.6</ele>
    <time>2026-06-06T02:49:03Z</time>
   </trkpt>
   <trkpt lat="47.6205540" lon="-120.6663630">
    <ele>705.6</ele>
    <time>2026-06-06T02:49:04Z</time>
   </trkpt>
   <trkpt lat="47.6205540" lon="-120.6663640">
    <ele>705.6</ele>
    <time>2026-06-06T02:49:05Z</time>
   </trkpt>
   <trkpt lat="47.6205540" lon="-120.6663650">
    <ele>705.6</ele>
    <time>2026-06-06T02:49:06Z</time>
   </trkpt>
   <trkpt lat="47.6205540" lon="-120.6663650">
    <ele>705.6</ele>
    <time>2026-06-06T02:49:07Z</time>
   </trkpt>
   <trkpt lat="47.6205550" lon="-120.6663660">
    <ele>705.6</ele>
    <time>2026-06-06T02:49:08Z</time>
   </trkpt>
   <trkpt lat="47.6205550" lon="-120.6663660">
    <ele>705.6</ele>
    <time>2026-06-06T02:49:09Z</time>
   </trkpt>
   <trkpt lat="47.6205550" lon="-120.6663670">
    <ele>705.6</ele>
    <time>2026-06-06T02:49:10Z</time>
   </trkpt>
   <trkpt lat="47.6205550" lon="-120.6663660">
    <ele>705.6</ele>
    <time>2026-06-06T02:49:11Z</time>
   </trkpt>
   <trkpt lat="47.6205550" lon="-120.6663660">
    <ele>705.6</ele>
    <time>2026-06-06T02:49:12Z</time>
   </trkpt>
   <trkpt lat="47.6205550" lon="-120.6663660">
    <ele>705.6</ele>
    <time>2026-06-06T02:49:13Z</time>
   </trkpt>
   <trkpt lat="47.6205550" lon="-120.6663660">
    <ele>705.6</ele>
    <time>2026-06-06T02:49:14Z</time>
   </trkpt>
   <trkpt lat="47.6205550" lon="-120.6663670">
    <ele>705.6</ele>
    <time>2026-06-06T02:49:15Z</time>
   </trkpt>
   <trkpt lat="47.6205550" lon="-120.6663670">
    <ele>705.6</ele>
    <time>2026-06-06T02:49:16Z</time>
   </trkpt>
   <trkpt lat="47.6205550" lon="-120.6663670">
    <ele>705.6</ele>
    <time>2026-06-06T02:49:17Z</time>
   </trkpt>
   <trkpt lat="47.6205550" lon="-120.6663660">
    <ele>705.6</ele>
    <time>2026-06-06T02:49:18Z</time>
   </trkpt>
   <trkpt lat="47.6205540" lon="-120.6663650">
    <ele>705.6</ele>
    <time>2026-06-06T02:49:19Z</time>
   </trkpt>
   <trkpt lat="47.6205520" lon="-120.6663690">
    <ele>705.5</ele>
    <time>2026-06-06T02:49:20Z</time>
   </trkpt>
   <trkpt lat="47.6205520" lon="-120.6663750">
    <ele>705.5</ele>
    <time>2026-06-06T02:49:21Z</time>
   </trkpt>
   <trkpt lat="47.6205590" lon="-120.6663880">
    <ele>705.4</ele>
    <time>2026-06-06T02:49:22Z</time>
   </trkpt>
   <trkpt lat="47.6205780" lon="-120.6663770">
    <ele>705.2</ele>
    <time>2026-06-06T02:49:23Z</time>
   </trkpt>
   <trkpt lat="47.6205770" lon="-120.6663440">
    <ele>705.1</ele>
    <time>2026-06-06T02:49:24Z</time>
   </trkpt>
   <trkpt lat="47.6205660" lon="-120.6663320">
    <ele>705.0</ele>
    <time>2026-06-06T02:49:25Z</time>
   </trkpt>
   <trkpt lat="47.6205570" lon="-120.6663340">
    <ele>704.9</ele>
    <time>2026-06-06T02:49:26Z</time>
   </trkpt>
   <trkpt lat="47.6205500" lon="-120.6663350">
    <ele>704.8</ele>
    <time>2026-06-06T02:49:27Z</time>
   </trkpt>
   <trkpt lat="47.6205520" lon="-120.6663200">
    <ele>704.7</ele>
    <time>2026-06-06T02:49:28Z</time>
   </trkpt>
   <trkpt lat="47.6205790" lon="-120.6663130">
    <ele>704.5</ele>
    <time>2026-06-06T02:49:29Z</time>
   </trkpt>
   <trkpt lat="47.6205930" lon="-120.6663310">
    <ele>704.4</ele>
    <time>2026-06-06T02:49:30Z</time>
   </trkpt>
   <trkpt lat="47.6205970" lon="-120.6663470">
    <ele>704.3</ele>
    <time>2026-06-06T02:49:31Z</time>
   </trkpt>
   <trkpt lat="47.6206000" lon="-120.6663620">
    <ele>704.2</ele>
    <time>2026-06-06T02:49:32Z</time>
   </trkpt>
   <trkpt lat="47.6206040" lon="-120.6663760">
    <ele>704.1</ele>
    <time>2026-06-06T02:49:33Z</time>
   </trkpt>
   <trkpt lat="47.6206070" lon="-120.6663930">
    <ele>704.1</ele>
    <time>2026-06-06T02:49:34Z</time>
   </trkpt>
   <trkpt lat="47.6206080" lon="-120.6664130">
    <ele>704.0</ele>
    <time>2026-06-06T02:49:35Z</time>
   </trkpt>
   <trkpt lat="47.6206110" lon="-120.6664290">
    <ele>703.9</ele>
    <time>2026-06-06T02:49:36Z</time>
   </trkpt>
   <trkpt lat="47.6206140" lon="-120.6664430">
    <ele>703.8</ele>
    <time>2026-06-06T02:49:37Z</time>
   </trkpt>
   <trkpt lat="47.6206170" lon="-120.6665040">
    <ele>703.5</ele>
    <time>2026-06-06T02:49:38Z</time>
   </trkpt>
   <trkpt lat="47.6206230" lon="-120.6665310">
    <ele>703.3</ele>
    <time>2026-06-06T02:49:39Z</time>
   </trkpt>
   <trkpt lat="47.6206230" lon="-120.6665360">
    <ele>703.3</ele>
    <time>2026-06-06T02:49:40Z</time>
   </trkpt>
   <trkpt lat="47.6206280" lon="-120.6665340">
    <ele>703.3</ele>
    <time>2026-06-06T02:49:41Z</time>
   </trkpt>
   <trkpt lat="47.6206310" lon="-120.6665260">
    <ele>703.2</ele>
    <time>2026-06-06T02:49:42Z</time>
   </trkpt>
   <trkpt lat="47.6206380" lon="-120.6665200">
    <ele>703.1</ele>
    <time>2026-06-06T02:49:43Z</time>
   </trkpt>
   <trkpt lat="47.6206450" lon="-120.6665160">
    <ele>703.1</ele>
    <time>2026-06-06T02:49:44Z</time>
   </trkpt>
   <trkpt lat="47.6206570" lon="-120.6665230">
    <ele>703.0</ele>
    <time>2026-06-06T02:49:45Z</time>
   </trkpt>
   <trkpt lat="47.6206600" lon="-120.6665240">
    <ele>702.9</ele>
    <time>2026-06-06T02:49:46Z</time>
   </trkpt>
   <trkpt lat="47.6206620" lon="-120.6665290">
    <ele>702.9</ele>
    <time>2026-06-06T02:49:47Z</time>
   </trkpt>
   <trkpt lat="47.6206640" lon="-120.6665370">
    <ele>702.9</ele>
    <time>2026-06-06T02:49:48Z</time>
   </trkpt>
   <trkpt lat="47.6206700" lon="-120.6665490">
    <ele>702.8</ele>
    <time>2026-06-06T02:49:49Z</time>
   </trkpt>
   <trkpt lat="47.6206780" lon="-120.6665670">
    <ele>702.6</ele>
    <time>2026-06-06T02:49:50Z</time>
   </trkpt>
   <trkpt lat="47.6206820" lon="-120.6665900">
    <ele>702.5</ele>
    <time>2026-06-06T02:49:51Z</time>
   </trkpt>
   <trkpt lat="47.6206770" lon="-120.6666100">
    <ele>702.4</ele>
    <time>2026-06-06T02:49:52Z</time>
   </trkpt>
   <trkpt lat="47.6206700" lon="-120.6666340">
    <ele>702.2</ele>
    <time>2026-06-06T02:49:53Z</time>
   </trkpt>
   <trkpt lat="47.6206710" lon="-120.6666450">
    <ele>702.1</ele>
    <time>2026-06-06T02:49:54Z</time>
   </trkpt>
   <trkpt lat="47.6206680" lon="-120.6666600">
    <ele>702.0</ele>
    <time>2026-06-06T02:49:55Z</time>
   </trkpt>
   <trkpt lat="47.6206680" lon="-120.6666650">
    <ele>702.0</ele>
    <time>2026-06-06T02:49:56Z</time>
   </trkpt>
   <trkpt lat="47.6206670" lon="-120.6666760">
    <ele>701.9</ele>
    <time>2026-06-06T02:49:57Z</time>
   </trkpt>
   <trkpt lat="47.6206670" lon="-120.6666870">
    <ele>701.8</ele>
    <time>2026-06-06T02:49:58Z</time>
   </trkpt>
   <trkpt lat="47.6206680" lon="-120.6666940">
    <ele>701.8</ele>
    <time>2026-06-06T02:49:59Z</time>
   </trkpt>
   <trkpt lat="47.6206730" lon="-120.6667000">
    <ele>701.7</ele>
    <time>2026-06-06T02:50:00Z</time>
   </trkpt>
   <trkpt lat="47.6206770" lon="-120.6667060">
    <ele>701.7</ele>
    <time>2026-06-06T02:50:01Z</time>
   </trkpt>
   <trkpt lat="47.6206790" lon="-120.6667170">
    <ele>701.6</ele>
    <time>2026-06-06T02:50:02Z</time>
   </trkpt>
   <trkpt lat="47.6206790" lon="-120.6667250">
    <ele>701.5</ele>
    <time>2026-06-06T02:50:03Z</time>
   </trkpt>
   <trkpt lat="47.6206790" lon="-120.6667390">
    <ele>701.4</ele>
    <time>2026-06-06T02:50:04Z</time>
   </trkpt>
   <trkpt lat="47.6206820" lon="-120.6667430">
    <ele>701.4</ele>
    <time>2026-06-06T02:50:05Z</time>
   </trkpt>
   <trkpt lat="47.6206880" lon="-120.6667530">
    <ele>701.3</ele>
    <time>2026-06-06T02:50:06Z</time>
   </trkpt>
   <trkpt lat="47.6206960" lon="-120.6667620">
    <ele>701.2</ele>
    <time>2026-06-06T02:50:07Z</time>
   </trkpt>
   <trkpt lat="47.6207020" lon="-120.6667630">
    <ele>701.1</ele>
    <time>2026-06-06T02:50:08Z</time>
   </trkpt>
   <trkpt lat="47.6207070" lon="-120.6667660">
    <ele>701.1</ele>
    <time>2026-06-06T02:50:09Z</time>
   </trkpt>
   <trkpt lat="47.6207060" lon="-120.6667750">
    <ele>701.0</ele>
    <time>2026-06-06T02:50:10Z</time>
   </trkpt>
   <trkpt lat="47.6207050" lon="-120.6667860">
    <ele>700.9</ele>
    <time>2026-06-06T02:50:11Z</time>
   </trkpt>
   <trkpt lat="47.6207070" lon="-120.6667950">
    <ele>700.8</ele>
    <time>2026-06-06T02:50:12Z</time>
   </trkpt>
   <trkpt lat="47.6207100" lon="-120.6667960">
    <ele>700.8</ele>
    <time>2026-06-06T02:50:13Z</time>
   </trkpt>
   <trkpt lat="47.6207100" lon="-120.6667900">
    <ele>700.8</ele>
    <time>2026-06-06T02:50:14Z</time>
   </trkpt>
   <trkpt lat="47.6207080" lon="-120.6667900">
    <ele>700.7</ele>
    <time>2026-06-06T02:50:15Z</time>
   </trkpt>
   <trkpt lat="47.6207070" lon="-120.6667920">
    <ele>700.7</ele>
    <time>2026-06-06T02:50:16Z</time>
   </trkpt>
   <trkpt lat="47.6207050" lon="-120.6667940">
    <ele>700.7</ele>
    <time>2026-06-06T02:50:17Z</time>
   </trkpt>
   <trkpt lat="47.6207020" lon="-120.6667960">
    <ele>700.6</ele>
    <time>2026-06-06T02:50:18Z</time>
   </trkpt>
   <trkpt lat="47.6206980" lon="-120.6667970">
    <ele>700.6</ele>
    <time>2026-06-06T02:50:19Z</time>
   </trkpt>
   <trkpt lat="47.6206960" lon="-120.6667960">
    <ele>700.6</ele>
    <time>2026-06-06T02:50:20Z</time>
   </trkpt>
   <trkpt lat="47.6206930" lon="-120.6667960">
    <ele>700.5</ele>
    <time>2026-06-06T02:50:21Z</time>
   </trkpt>
   <trkpt lat="47.6206910" lon="-120.6667950">
    <ele>700.5</ele>
    <time>2026-06-06T02:50:22Z</time>
   </trkpt>
   <trkpt lat="47.6206890" lon="-120.6667940">
    <ele>700.5</ele>
    <time>2026-06-06T02:50:23Z</time>
   </trkpt>
   <trkpt lat="47.6206880" lon="-120.6667940">
    <ele>700.5</ele>
    <time>2026-06-06T02:50:24Z</time>
   </trkpt>
   <trkpt lat="47.6206860" lon="-120.6667940">
    <ele>700.5</ele>
    <time>2026-06-06T02:50:25Z</time>
   </trkpt>
   <trkpt lat="47.6206840" lon="-120.6667940">
    <ele>700.4</ele>
    <time>2026-06-06T02:50:26Z</time>
   </trkpt>
   <trkpt lat="47.6206830" lon="-120.6667940">
    <ele>700.4</ele>
    <time>2026-06-06T02:50:27Z</time>
   </trkpt>
   <trkpt lat="47.6206840" lon="-120.6667980">
    <ele>700.4</ele>
    <time>2026-06-06T02:50:28Z</time>
   </trkpt>
   <trkpt lat="47.6206850" lon="-120.6668020">
    <ele>700.4</ele>
    <time>2026-06-06T02:50:29Z</time>
   </trkpt>
   <trkpt lat="47.6206870" lon="-120.6668060">
    <ele>700.3</ele>
    <time>2026-06-06T02:50:30Z</time>
   </trkpt>
   <trkpt lat="47.6206880" lon="-120.6668100">
    <ele>700.3</ele>
    <time>2026-06-06T02:50:31Z</time>
   </trkpt>
   <trkpt lat="47.6206900" lon="-120.6668140">
    <ele>700.3</ele>
    <time>2026-06-06T02:50:32Z</time>
   </trkpt>
   <trkpt lat="47.6206920" lon="-120.6668180">
    <ele>700.2</ele>
    <time>2026-06-06T02:50:33Z</time>
   </trkpt>
   <trkpt lat="47.6206930" lon="-120.6668220">
    <ele>700.2</ele>
    <time>2026-06-06T02:50:34Z</time>
   </trkpt>
   <trkpt lat="47.6206950" lon="-120.6668260">
    <ele>700.1</ele>
    <time>2026-06-06T02:50:35Z</time>
   </trkpt>
   <trkpt lat="47.6206970" lon="-120.6668300">
    <ele>700.1</ele>
    <time>2026-06-06T02:50:36Z</time>
   </trkpt>
   <trkpt lat="47.6206980" lon="-120.6668340">
    <ele>700.1</ele>
    <time>2026-06-06T02:50:37Z</time>
   </trkpt>
   <trkpt lat="47.6207000" lon="-120.6668380">
    <ele>700.0</ele>
    <time>2026-06-06T02:50:38Z</time>
   </trkpt>
   <trkpt lat="47.6207010" lon="-120.6668420">
    <ele>700.0</ele>
    <time>2026-06-06T02:50:39Z</time>
   </trkpt>
   <trkpt lat="47.6207030" lon="-120.6668460">
    <ele>700.0</ele>
    <time>2026-06-06T02:50:40Z</time>
   </trkpt>
   <trkpt lat="47.6207340" lon="-120.6669330">
    <ele>699.1</ele>
    <time>2026-06-06T02:50:41Z</time>
   </trkpt>
   <trkpt lat="47.6207580" lon="-120.6670010">
    <ele>698.4</ele>
    <time>2026-06-06T02:50:42Z</time>
   </trkpt>
   <trkpt lat="47.6207910" lon="-120.6671680">
    <ele>696.6</ele>
    <time>2026-06-06T02:50:43Z</time>
   </trkpt>
   <trkpt lat="47.6208180" lon="-120.6672240">
    <ele>695.9</ele>
    <time>2026-06-06T02:50:44Z</time>
   </trkpt>
   <trkpt lat="47.6208460" lon="-120.6672390">
    <ele>695.4</ele>
    <time>2026-06-06T02:50:45Z</time>
   </trkpt>
   <trkpt lat="47.6208640" lon="-120.6670870">
    <ele>693.9</ele>
    <time>2026-06-06T02:50:46Z</time>
   </trkpt>
   <trkpt lat="47.6208970" lon="-120.6669820">
    <ele>692.8</ele>
    <time>2026-06-06T02:50:47Z</time>
   </trkpt>
   <trkpt lat="47.6209040" lon="-120.6668800">
    <ele>691.8</ele>
    <time>2026-06-06T02:50:48Z</time>
   </trkpt>
   <trkpt lat="47.6208430" lon="-120.6667900">
    <ele>690.6</ele>
    <time>2026-06-06T02:50:49Z</time>
   </trkpt>
   <trkpt lat="47.6208440" lon="-120.6667290">
    <ele>690.0</ele>
    <time>2026-06-06T02:50:50Z</time>
   </trkpt>
   <trkpt lat="47.6208640" lon="-120.6666510">
    <ele>689.2</ele>
    <time>2026-06-06T02:50:51Z</time>
   </trkpt>
   <trkpt lat="47.6209170" lon="-120.6665800">
    <ele>688.1</ele>
    <time>2026-06-06T02:50:52Z</time>
   </trkpt>
   <trkpt lat="47.6209230" lon="-120.6664870">
    <ele>687.2</ele>
    <time>2026-06-06T02:50:53Z</time>
   </trkpt>
   <trkpt lat="47.6209250" lon="-120.6664180">
    <ele>686.4</ele>
    <time>2026-06-06T02:50:54Z</time>
   </trkpt>
   <trkpt lat="47.6209470" lon="-120.6663400">
    <ele>685.4</ele>
    <time>2026-06-06T02:50:55Z</time>
   </trkpt>
   <trkpt lat="47.6208970" lon="-120.6662990">
    <ele>684.3</ele>
    <time>2026-06-06T02:50:56Z</time>
   </trkpt>
   <trkpt lat="47.6209090" lon="-120.6662590">
    <ele>683.6</ele>
    <time>2026-06-06T02:50:57Z</time>
   </trkpt>
   <trkpt lat="47.6209320" lon="-120.6662430">
    <ele>683.1</ele>
    <time>2026-06-06T02:50:58Z</time>
   </trkpt>
   <trkpt lat="47.6209570" lon="-120.6662560">
    <ele>682.5</ele>
    <time>2026-06-06T02:50:59Z</time>
   </trkpt>
   <trkpt lat="47.6209610" lon="-120.6661570">
    <ele>680.8</ele>
    <time>2026-06-06T02:51:00Z</time>
   </trkpt>
   <trkpt lat="47.6209690" lon="-120.6661180">
    <ele>680.1</ele>
    <time>2026-06-06T02:51:01Z</time>
   </trkpt>
   <trkpt lat="47.6209660" lon="-120.6660740">
    <ele>679.4</ele>
    <time>2026-06-06T02:51:02Z</time>
   </trkpt>
   <trkpt lat="47.6209740" lon="-120.6661050">
    <ele>678.8</ele>
    <time>2026-06-06T02:51:03Z</time>
   </trkpt>
   <trkpt lat="47.6209850" lon="-120.6661370">
    <ele>678.2</ele>
    <time>2026-06-06T02:51:04Z</time>
   </trkpt>
   <trkpt lat="47.6210190" lon="-120.6661140">
    <ele>677.2</ele>
    <time>2026-06-06T02:51:05Z</time>
   </trkpt>
   <trkpt lat="47.6210480" lon="-120.6661060">
    <ele>676.5</ele>
    <time>2026-06-06T02:51:06Z</time>
   </trkpt>
   <trkpt lat="47.6210630" lon="-120.6660120">
    <ele>674.9</ele>
    <time>2026-06-06T02:51:07Z</time>
   </trkpt>
   <trkpt lat="47.6210650" lon="-120.6659170">
    <ele>673.4</ele>
    <time>2026-06-06T02:51:08Z</time>
   </trkpt>
   <trkpt lat="47.6210970" lon="-120.6658110">
    <ele>671.8</ele>
    <time>2026-06-06T02:51:09Z</time>
   </trkpt>
   <trkpt lat="47.6211210" lon="-120.6657200">
    <ele>669.8</ele>
    <time>2026-06-06T02:51:10Z</time>
   </trkpt>
   <trkpt lat="47.6211590" lon="-120.6656290">
    <ele>668.8</ele>
    <time>2026-06-06T02:51:11Z</time>
   </trkpt>
   <trkpt lat="47.6211920" lon="-120.6655440">
    <ele>667.9</ele>
    <time>2026-06-06T02:51:12Z</time>
   </trkpt>
   <trkpt lat="47.6212140" lon="-120.6654500">
    <ele>667.2</ele>
    <time>2026-06-06T02:51:13Z</time>
   </trkpt>
   <trkpt lat="47.6212570" lon="-120.6653660">
    <ele>666.4</ele>
    <time>2026-06-06T02:51:14Z</time>
   </trkpt>
   <trkpt lat="47.6213010" lon="-120.6652940">
    <ele>665.8</ele>
    <time>2026-06-06T02:51:15Z</time>
   </trkpt>
   <trkpt lat="47.6213190" lon="-120.6652110">
    <ele>665.2</ele>
    <time>2026-06-06T02:51:16Z</time>
   </trkpt>
   <trkpt lat="47.6213240" lon="-120.6651230">
    <ele>664.7</ele>
    <time>2026-06-06T02:51:17Z</time>
   </trkpt>
   <trkpt lat="47.6213310" lon="-120.6650280">
    <ele>664.2</ele>
    <time>2026-06-06T02:51:18Z</time>
   </trkpt>
   <trkpt lat="47.6213560" lon="-120.6649560">
    <ele>663.8</ele>
    <time>2026-06-06T02:51:19Z</time>
   </trkpt>
   <trkpt lat="47.6213720" lon="-120.6648730">
    <ele>663.4</ele>
    <time>2026-06-06T02:51:20Z</time>
   </trkpt>
   <trkpt lat="47.6213850" lon="-120.6647880">
    <ele>662.9</ele>
    <time>2026-06-06T02:51:21Z</time>
   </trkpt>
   <trkpt lat="47.6213870" lon="-120.6646940">
    <ele>662.5</ele>
    <time>2026-06-06T02:51:22Z</time>
   </trkpt>
   <trkpt lat="47.6213970" lon="-120.6645980">
    <ele>662.0</ele>
    <time>2026-06-06T02:51:23Z</time>
   </trkpt>
   <trkpt lat="47.6214120" lon="-120.6645070">
    <ele>661.4</ele>
    <time>2026-06-06T02:51:24Z</time>
   </trkpt>
   <trkpt lat="47.6214040" lon="-120.6644240">
    <ele>660.8</ele>
    <time>2026-06-06T02:51:25Z</time>
   </trkpt>
   <trkpt lat="47.6214240" lon="-120.6643460">
    <ele>660.1</ele>
    <time>2026-06-06T02:51:26Z</time>
   </trkpt>
   <trkpt lat="47.6214090" lon="-120.6642360">
    <ele>659.0</ele>
    <time>2026-06-06T02:51:27Z</time>
   </trkpt>
   <trkpt lat="47.6214070" lon="-120.6641380">
    <ele>658.1</ele>
    <time>2026-06-06T02:51:28Z</time>
   </trkpt>
   <trkpt lat="47.6214190" lon="-120.6640260">
    <ele>657.0</ele>
    <time>2026-06-06T02:51:29Z</time>
   </trkpt>
   <trkpt lat="47.6214000" lon="-120.6639230">
    <ele>656.1</ele>
    <time>2026-06-06T02:51:30Z</time>
   </trkpt>
   <trkpt lat="47.6213710" lon="-120.6638330">
    <ele>655.3</ele>
    <time>2026-06-06T02:51:31Z</time>
   </trkpt>
   <trkpt lat="47.6213520" lon="-120.6637380">
    <ele>654.7</ele>
    <time>2026-06-06T02:51:32Z</time>
   </trkpt>
   <trkpt lat="47.6213410" lon="-120.6636400">
    <ele>654.4</ele>
    <time>2026-06-06T02:51:33Z</time>
   </trkpt>
   <trkpt lat="47.6213740" lon="-120.6635440">
    <ele>654.5</ele>
    <time>2026-06-06T02:51:34Z</time>
   </trkpt>
   <trkpt lat="47.6213810" lon="-120.6634640">
    <ele>654.9</ele>
    <time>2026-06-06T02:51:35Z</time>
   </trkpt>
   <trkpt lat="47.6213890" lon="-120.6633800">
    <ele>655.5</ele>
    <time>2026-06-06T02:51:36Z</time>
   </trkpt>
   <trkpt lat="47.6213820" lon="-120.6633290">
    <ele>656.0</ele>
    <time>2026-06-06T02:51:37Z</time>
   </trkpt>
   <trkpt lat="47.6213840" lon="-120.6633090">
    <ele>656.1</ele>
    <time>2026-06-06T02:51:38Z</time>
   </trkpt>
   <trkpt lat="47.6213860" lon="-120.6632780">
    <ele>656.4</ele>
    <time>2026-06-06T02:51:39Z</time>
   </trkpt>
   <trkpt lat="47.6213870" lon="-120.6632640">
    <ele>656.5</ele>
    <time>2026-06-06T02:51:40Z</time>
   </trkpt>
   <trkpt lat="47.6213890" lon="-120.6632490">
    <ele>656.6</ele>
    <time>2026-06-06T02:51:41Z</time>
   </trkpt>
   <trkpt lat="47.6213910" lon="-120.6632080">
    <ele>656.9</ele>
    <time>2026-06-06T02:51:42Z</time>
   </trkpt>
   <trkpt lat="47.6213910" lon="-120.6631940">
    <ele>657.0</ele>
    <time>2026-06-06T02:51:43Z</time>
   </trkpt>
   <trkpt lat="47.6213970" lon="-120.6631470">
    <ele>657.3</ele>
    <time>2026-06-06T02:51:44Z</time>
   </trkpt>
   <trkpt lat="47.6213970" lon="-120.6631370">
    <ele>657.3</ele>
    <time>2026-06-06T02:51:45Z</time>
   </trkpt>
   <trkpt lat="47.6213990" lon="-120.6631140">
    <ele>657.4</ele>
    <time>2026-06-06T02:51:46Z</time>
   </trkpt>
   <trkpt lat="47.6214030" lon="-120.6630920">
    <ele>657.5</ele>
    <time>2026-06-06T02:51:47Z</time>
   </trkpt>
   <trkpt lat="47.6214110" lon="-120.6630470">
    <ele>657.7</ele>
    <time>2026-06-06T02:51:48Z</time>
   </trkpt>
   <trkpt lat="47.6214120" lon="-120.6630330">
    <ele>657.7</ele>
    <time>2026-06-06T02:51:49Z</time>
   </trkpt>
   <trkpt lat="47.6214060" lon="-120.6629850">
    <ele>657.8</ele>
    <time>2026-06-06T02:51:50Z</time>
   </trkpt>
   <trkpt lat="47.6214040" lon="-120.6629680">
    <ele>657.9</ele>
    <time>2026-06-06T02:51:51Z</time>
   </trkpt>
   <trkpt lat="47.6213990" lon="-120.6629230">
    <ele>657.9</ele>
    <time>2026-06-06T02:51:52Z</time>
   </trkpt>
   <trkpt lat="47.6213910" lon="-120.6628740">
    <ele>658.0</ele>
    <time>2026-06-06T02:51:53Z</time>
   </trkpt>
   <trkpt lat="47.6213860" lon="-120.6628250">
    <ele>658.0</ele>
    <time>2026-06-06T02:51:54Z</time>
   </trkpt>
   <trkpt lat="47.6213810" lon="-120.6627840">
    <ele>658.0</ele>
    <time>2026-06-06T02:51:55Z</time>
   </trkpt>
   <trkpt lat="47.6213600" lon="-120.6627450">
    <ele>657.9</ele>
    <time>2026-06-06T02:51:56Z</time>
   </trkpt>
   <trkpt lat="47.6213500" lon="-120.6627350">
    <ele>657.8</ele>
    <time>2026-06-06T02:51:57Z</time>
   </trkpt>
   <trkpt lat="47.6213340" lon="-120.6627210">
    <ele>657.6</ele>
    <time>2026-06-06T02:51:58Z</time>
   </trkpt>
   <trkpt lat="47.6213290" lon="-120.6627180">
    <ele>657.6</ele>
    <time>2026-06-06T02:51:59Z</time>
   </trkpt>
   <trkpt lat="47.6213270" lon="-120.6627190">
    <ele>657.6</ele>
    <time>2026-06-06T02:52:00Z</time>
   </trkpt>
   <trkpt lat="47.6213270" lon="-120.6627200">
    <ele>657.6</ele>
    <time>2026-06-06T02:52:01Z</time>
   </trkpt>
   <trkpt lat="47.6213270" lon="-120.6627200">
    <ele>657.6</ele>
    <time>2026-06-06T02:52:02Z</time>
   </trkpt>
   <trkpt lat="47.6213260" lon="-120.6627200">
    <ele>657.6</ele>
    <time>2026-06-06T02:52:03Z</time>
   </trkpt>
   <trkpt lat="47.6213260" lon="-120.6627200">
    <ele>657.6</ele>
    <time>2026-06-06T02:52:04Z</time>
   </trkpt>
   <trkpt lat="47.6213260" lon="-120.6627210">
    <ele>657.6</ele>
    <time>2026-06-06T02:52:05Z</time>
   </trkpt>
   <trkpt lat="47.6213260" lon="-120.6627210">
    <ele>657.6</ele>
    <time>2026-06-06T02:52:06Z</time>
   </trkpt>
   <trkpt lat="47.6213260" lon="-120.6627210">
    <ele>657.6</ele>
    <time>2026-06-06T02:52:07Z</time>
   </trkpt>
   <trkpt lat="47.6213260" lon="-120.6627210">
    <ele>657.6</ele>
    <time>2026-06-06T02:52:08Z</time>
   </trkpt>
   <trkpt lat="47.6213260" lon="-120.6627210">
    <ele>657.6</ele>
    <time>2026-06-06T02:52:09Z</time>
   </trkpt>
   <trkpt lat="47.6213260" lon="-120.6627210">
    <ele>657.6</ele>
    <time>2026-06-06T02:52:10Z</time>
   </trkpt>
   <trkpt lat="47.6213260" lon="-120.6627210">
    <ele>657.6</ele>
    <time>2026-06-06T02:52:11Z</time>
   </trkpt>
   <trkpt lat="47.6213260" lon="-120.6627210">
    <ele>657.6</ele>
    <time>2026-06-06T02:52:12Z</time>
   </trkpt>
   <trkpt lat="47.6213260" lon="-120.6627210">
    <ele>657.6</ele>
    <time>2026-06-06T02:52:13Z</time>
   </trkpt>
   <trkpt lat="47.6213260" lon="-120.6627210">
    <ele>657.6</ele>
    <time>2026-06-06T02:52:14Z</time>
   </trkpt>
   <trkpt lat="47.6213260" lon="-120.6627210">
    <ele>657.6</ele>
    <time>2026-06-06T02:52:15Z</time>
   </trkpt>
   <trkpt lat="47.6213260" lon="-120.6627210">
    <ele>657.6</ele>
    <time>2026-06-06T02:52:16Z</time>
   </trkpt>
   <trkpt lat="47.6213260" lon="-120.6627210">
    <ele>657.6</ele>
    <time>2026-06-06T02:52:17Z</time>
   </trkpt>
   <trkpt lat="47.6213260" lon="-120.6627210">
    <ele>657.6</ele>
    <time>2026-06-06T02:52:18Z</time>
   </trkpt>
   <trkpt lat="47.6213260" lon="-120.6627210">
    <ele>657.6</ele>
    <time>2026-06-06T02:52:19Z</time>
   </trkpt>
   <trkpt lat="47.6213260" lon="-120.6627210">
    <ele>657.6</ele>
    <time>2026-06-06T02:52:20Z</time>
   </trkpt>
   <trkpt lat="47.6213260" lon="-120.6627210">
    <ele>657.6</ele>
    <time>2026-06-06T02:52:21Z</time>
   </trkpt>
   <trkpt lat="47.6213260" lon="-120.6627210">
    <ele>657.6</ele>
    <time>2026-06-06T02:52:22Z</time>
   </trkpt>
   <trkpt lat="47.6213260" lon="-120.6627210">
    <ele>657.6</ele>
    <time>2026-06-06T02:52:23Z</time>
   </trkpt>
   <trkpt lat="47.6213260" lon="-120.6627210">
    <ele>657.6</ele>
    <time>2026-06-06T02:52:24Z</time>
   </trkpt>
   <trkpt lat="47.6213260" lon="-120.6627210">
    <ele>657.6</ele>
    <time>2026-06-06T02:52:25Z</time>
   </trkpt>
   <trkpt lat="47.6213260" lon="-120.6627210">
    <ele>657.6</ele>
    <time>2026-06-06T02:52:26Z</time>
   </trkpt>
   <trkpt lat="47.6213260" lon="-120.6627210">
    <ele>657.6</ele>
    <time>2026-06-06T02:52:27Z</time>
   </trkpt>
   <trkpt lat="47.6213260" lon="-120.6627210">
    <ele>657.6</ele>
    <time>2026-06-06T02:52:28Z</time>
   </trkpt>
   <trkpt lat="47.6213260" lon="-120.6627210">
    <ele>657.6</ele>
    <time>2026-06-06T02:52:29Z</time>
   </trkpt>
   <trkpt lat="47.6213260" lon="-120.6627210">
    <ele>657.6</ele>
    <time>2026-06-06T02:52:30Z</time>
   </trkpt>
   <trkpt lat="47.6213260" lon="-120.6627210">
    <ele>657.6</ele>
    <time>2026-06-06T02:52:31Z</time>
   </trkpt>
   <trkpt lat="47.6213260" lon="-120.6627210">
    <ele>657.6</ele>
    <time>2026-06-06T02:52:32Z</time>
   </trkpt>
   <trkpt lat="47.6213260" lon="-120.6627210">
    <ele>657.6</ele>
    <time>2026-06-06T02:52:33Z</time>
   </trkpt>
   <trkpt lat="47.6213260" lon="-120.6627210">
    <ele>657.6</ele>
    <time>2026-06-06T02:52:34Z</time>
   </trkpt>
   <trkpt lat="47.6213260" lon="-120.6627210">
    <ele>657.6</ele>
    <time>2026-06-06T02:52:35Z</time>
   </trkpt>
   <trkpt lat="47.6213260" lon="-120.6627210">
    <ele>657.6</ele>
    <time>2026-06-06T02:52:36Z</time>
   </trkpt>
   <trkpt lat="47.6213260" lon="-120.6627210">
    <ele>657.6</ele>
    <time>2026-06-06T02:52:37Z</time>
   </trkpt>
   <trkpt lat="47.6213260" lon="-120.6627210">
    <ele>657.6</ele>
    <time>2026-06-06T02:52:38Z</time>
   </trkpt>
   <trkpt lat="47.6213260" lon="-120.6627210">
    <ele>657.6</ele>
    <time>2026-06-06T02:52:39Z</time>
   </trkpt>
   <trkpt lat="47.6213260" lon="-120.6627210">
    <ele>657.6</ele>
    <time>2026-06-06T02:52:40Z</time>
   </trkpt>
   <trkpt lat="47.6213260" lon="-120.6627210">
    <ele>657.6</ele>
    <time>2026-06-06T02:52:41Z</time>
   </trkpt>
   <trkpt lat="47.6213260" lon="-120.6627210">
    <ele>657.6</ele>
    <time>2026-06-06T02:52:42Z</time>
   </trkpt>
   <trkpt lat="47.6213260" lon="-120.6627210">
    <ele>657.6</ele>
    <time>2026-06-06T02:52:43Z</time>
   </trkpt>
   <trkpt lat="47.6213260" lon="-120.6627210">
    <ele>657.6</ele>
    <time>2026-06-06T02:52:44Z</time>
   </trkpt>
   <trkpt lat="47.6213260" lon="-120.6627210">
    <ele>657.6</ele>
    <time>2026-06-06T02:52:45Z</time>
   </trkpt>
   <trkpt lat="47.6213260" lon="-120.6627210">
    <ele>657.6</ele>
    <time>2026-06-06T02:52:46Z</time>
   </trkpt>
   <trkpt lat="47.6213260" lon="-120.6627210">
    <ele>657.6</ele>
    <time>2026-06-06T02:52:47Z</time>
   </trkpt>
   <trkpt lat="47.6213260" lon="-120.6627210">
    <ele>657.6</ele>
    <time>2026-06-06T02:52:48Z</time>
   </trkpt>
   <trkpt lat="47.6213260" lon="-120.6627210">
    <ele>657.6</ele>
    <time>2026-06-06T02:52:49Z</time>
   </trkpt>
   <trkpt lat="47.6213260" lon="-120.6627210">
    <ele>657.6</ele>
    <time>2026-06-06T02:52:50Z</time>
   </trkpt>
   <trkpt lat="47.6213260" lon="-120.6627210">
    <ele>657.6</ele>
    <time>2026-06-06T02:52:51Z</time>
   </trkpt>
   <trkpt lat="47.6213260" lon="-120.6627210">
    <ele>657.6</ele>
    <time>2026-06-06T02:52:52Z</time>
   </trkpt>
   <trkpt lat="47.6213180" lon="-120.6627160">
    <ele>657.5</ele>
    <time>2026-06-06T02:52:53Z</time>
   </trkpt>
   <trkpt lat="47.6212970" lon="-120.6627090">
    <ele>657.3</ele>
    <time>2026-06-06T02:52:54Z</time>
   </trkpt>
   <trkpt lat="47.6212870" lon="-120.6627060">
    <ele>657.1</ele>
    <time>2026-06-06T02:52:55Z</time>
   </trkpt>
   <trkpt lat="47.6212780" lon="-120.6627030">
    <ele>657.0</ele>
    <time>2026-06-06T02:52:56Z</time>
   </trkpt>
   <trkpt lat="47.6212440" lon="-120.6626930">
    <ele>656.5</ele>
    <time>2026-06-06T02:52:57Z</time>
   </trkpt>
   <trkpt lat="47.6212290" lon="-120.6626900">
    <ele>656.2</ele>
    <time>2026-06-06T02:52:58Z</time>
   </trkpt>
   <trkpt lat="47.6211930" lon="-120.6626720">
    <ele>655.5</ele>
    <time>2026-06-06T02:52:59Z</time>
   </trkpt>
   <trkpt lat="47.6211540" lon="-120.6626150">
    <ele>654.5</ele>
    <time>2026-06-06T02:53:00Z</time>
   </trkpt>
   <trkpt lat="47.6211090" lon="-120.6625510">
    <ele>653.3</ele>
    <time>2026-06-06T02:53:01Z</time>
   </trkpt>
   <trkpt lat="47.6210750" lon="-120.6624960">
    <ele>652.4</ele>
    <time>2026-06-06T02:53:02Z</time>
   </trkpt>
   <trkpt lat="47.6210400" lon="-120.6624630">
    <ele>651.6</ele>
    <time>2026-06-06T02:53:03Z</time>
   </trkpt>
   <trkpt lat="47.6210140" lon="-120.6624240">
    <ele>651.1</ele>
    <time>2026-06-06T02:53:04Z</time>
   </trkpt>
   <trkpt lat="47.6209910" lon="-120.6623970">
    <ele>650.7</ele>
    <time>2026-06-06T02:53:05Z</time>
   </trkpt>
   <trkpt lat="47.6209910" lon="-120.6623970">
    <ele>650.7</ele>
    <time>2026-06-06T02:53:06Z</time>
   </trkpt>
   <trkpt lat="47.6209910" lon="-120.6623970">
    <ele>650.7</ele>
    <time>2026-06-06T02:53:07Z</time>
   </trkpt>
   <trkpt lat="47.6209900" lon="-120.6624010">
    <ele>650.6</ele>
    <time>2026-06-06T02:53:08Z</time>
   </trkpt>
   <trkpt lat="47.6209870" lon="-120.6624000">
    <ele>650.6</ele>
    <time>2026-06-06T02:53:09Z</time>
   </trkpt>
   <trkpt lat="47.6209850" lon="-120.6623990">
    <ele>650.6</ele>
    <time>2026-06-06T02:53:10Z</time>
   </trkpt>
   <trkpt lat="47.6209840" lon="-120.6623980">
    <ele>650.6</ele>
    <time>2026-06-06T02:53:11Z</time>
   </trkpt>
   <trkpt lat="47.6209840" lon="-120.6623980">
    <ele>650.6</ele>
    <time>2026-06-06T02:53:12Z</time>
   </trkpt>
   <trkpt lat="47.6209850" lon="-120.6623970">
    <ele>650.5</ele>
    <time>2026-06-06T02:53:13Z</time>
   </trkpt>
   <trkpt lat="47.6209860" lon="-120.6623970">
    <ele>650.5</ele>
    <time>2026-06-06T02:53:14Z</time>
   </trkpt>
   <trkpt lat="47.6209860" lon="-120.6623970">
    <ele>650.5</ele>
    <time>2026-06-06T02:53:15Z</time>
   </trkpt>
   <trkpt lat="47.6209870" lon="-120.6623970">
    <ele>650.5</ele>
    <time>2026-06-06T02:53:16Z</time>
   </trkpt>
   <trkpt lat="47.6209870" lon="-120.6623970">
    <ele>650.5</ele>
    <time>2026-06-06T02:53:17Z</time>
   </trkpt>
   <trkpt lat="47.6209870" lon="-120.6623970">
    <ele>650.5</ele>
    <time>2026-06-06T02:53:18Z</time>
   </trkpt>
   <trkpt lat="47.6209870" lon="-120.6623970">
    <ele>650.5</ele>
    <time>2026-06-06T02:53:19Z</time>
   </trkpt>
   <trkpt lat="47.6209870" lon="-120.6623960">
    <ele>650.5</ele>
    <time>2026-06-06T02:53:20Z</time>
   </trkpt>
   <trkpt lat="47.6209850" lon="-120.6623980">
    <ele>650.5</ele>
    <time>2026-06-06T02:53:21Z</time>
   </trkpt>
   <trkpt lat="47.6209880" lon="-120.6624080">
    <ele>650.4</ele>
    <time>2026-06-06T02:53:22Z</time>
   </trkpt>
   <trkpt lat="47.6209990" lon="-120.6624230">
    <ele>650.2</ele>
    <time>2026-06-06T02:53:23Z</time>
   </trkpt>
   <trkpt lat="47.6210070" lon="-120.6624330">
    <ele>650.1</ele>
    <time>2026-06-06T02:53:24Z</time>
   </trkpt>
   <trkpt lat="47.6210110" lon="-120.6624320">
    <ele>650.0</ele>
    <time>2026-06-06T02:53:25Z</time>
   </trkpt>
   <trkpt lat="47.6210100" lon="-120.6624280">
    <ele>650.0</ele>
    <time>2026-06-06T02:53:26Z</time>
   </trkpt>
   <trkpt lat="47.6210080" lon="-120.6624230">
    <ele>650.0</ele>
    <time>2026-06-06T02:53:27Z</time>
   </trkpt>
   <trkpt lat="47.6210060" lon="-120.6624190">
    <ele>649.9</ele>
    <time>2026-06-06T02:53:28Z</time>
   </trkpt>
   <trkpt lat="47.6210040" lon="-120.6624140">
    <ele>649.9</ele>
    <time>2026-06-06T02:53:29Z</time>
   </trkpt>
   <trkpt lat="47.6210030" lon="-120.6624100">
    <ele>649.9</ele>
    <time>2026-06-06T02:53:30Z</time>
   </trkpt>
   <trkpt lat="47.6210010" lon="-120.6624050">
    <ele>649.8</ele>
    <time>2026-06-06T02:53:31Z</time>
   </trkpt>
   <trkpt lat="47.6209990" lon="-120.6624010">
    <ele>649.8</ele>
    <time>2026-06-06T02:53:32Z</time>
   </trkpt>
   <trkpt lat="47.6209980" lon="-120.6623960">
    <ele>649.7</ele>
    <time>2026-06-06T02:53:33Z</time>
   </trkpt>
   <trkpt lat="47.6209960" lon="-120.6623920">
    <ele>649.7</ele>
    <time>2026-06-06T02:53:34Z</time>
   </trkpt>
   <trkpt lat="47.6209940" lon="-120.6623870">
    <ele>649.7</ele>
    <time>2026-06-06T02:53:35Z</time>
   </trkpt>
   <trkpt lat="47.6209920" lon="-120.6623830">
    <ele>649.6</ele>
    <time>2026-06-06T02:53:36Z</time>
   </trkpt>
   <trkpt lat="47.6209910" lon="-120.6623780">
    <ele>649.6</ele>
    <time>2026-06-06T02:53:37Z</time>
   </trkpt>
   <trkpt lat="47.6209890" lon="-120.6623740">
    <ele>649.5</ele>
    <time>2026-06-06T02:53:38Z</time>
   </trkpt>
   <trkpt lat="47.6209610" lon="-120.6623380">
    <ele>649.1</ele>
    <time>2026-06-06T02:53:39Z</time>
   </trkpt>
   <trkpt lat="47.6209350" lon="-120.6623170">
    <ele>648.8</ele>
    <time>2026-06-06T02:53:40Z</time>
   </trkpt>
   <trkpt lat="47.6209080" lon="-120.6622890">
    <ele>648.3</ele>
    <time>2026-06-06T02:53:41Z</time>
   </trkpt>
   <trkpt lat="47.6209010" lon="-120.6622820">
    <ele>648.2</ele>
    <time>2026-06-06T02:53:42Z</time>
   </trkpt>
   <trkpt lat="47.6208910" lon="-120.6622730">
    <ele>648.0</ele>
    <time>2026-06-06T02:53:43Z</time>
   </trkpt>
   <trkpt lat="47.6208870" lon="-120.6622700">
    <ele>648.0</ele>
    <time>2026-06-06T02:53:44Z</time>
   </trkpt>
   <trkpt lat="47.6208830" lon="-120.6622670">
    <ele>647.9</ele>
    <time>2026-06-06T02:53:45Z</time>
   </trkpt>
   <trkpt lat="47.6208790" lon="-120.6622650">
    <ele>647.8</ele>
    <time>2026-06-06T02:53:46Z</time>
   </trkpt>
   <trkpt lat="47.6208750" lon="-120.6622620">
    <ele>647.8</ele>
    <time>2026-06-06T02:53:47Z</time>
   </trkpt>
   <trkpt lat="47.6208710" lon="-120.6622590">
    <ele>647.7</ele>
    <time>2026-06-06T02:53:48Z</time>
   </trkpt>
   <trkpt lat="47.6208670" lon="-120.6622560">
    <ele>647.6</ele>
    <time>2026-06-06T02:53:49Z</time>
   </trkpt>
   <trkpt lat="47.6208440" lon="-120.6622050">
    <ele>646.9</ele>
    <time>2026-06-06T02:53:50Z</time>
   </trkpt>
   <trkpt lat="47.6208360" lon="-120.6621830">
    <ele>646.6</ele>
    <time>2026-06-06T02:53:51Z</time>
   </trkpt>
   <trkpt lat="47.6207880" lon="-120.6621180">
    <ele>645.4</ele>
    <time>2026-06-06T02:53:52Z</time>
   </trkpt>
   <trkpt lat="47.6207460" lon="-120.6620530">
    <ele>644.3</ele>
    <time>2026-06-06T02:53:53Z</time>
   </trkpt>
   <trkpt lat="47.6206940" lon="-120.6619970">
    <ele>643.2</ele>
    <time>2026-06-06T02:53:54Z</time>
   </trkpt>
   <trkpt lat="47.6206180" lon="-120.6619790">
    <ele>642.0</ele>
    <time>2026-06-06T02:53:55Z</time>
   </trkpt>
   <trkpt lat="47.6205670" lon="-120.6619450">
    <ele>641.2</ele>
    <time>2026-06-06T02:53:56Z</time>
   </trkpt>
   <trkpt lat="47.6205120" lon="-120.6619110">
    <ele>640.6</ele>
    <time>2026-06-06T02:53:57Z</time>
   </trkpt>
   <trkpt lat="47.6204470" lon="-120.6618750">
    <ele>639.8</ele>
    <time>2026-06-06T02:53:58Z</time>
   </trkpt>
   <trkpt lat="47.6203910" lon="-120.6618510">
    <ele>639.0</ele>
    <time>2026-06-06T02:53:59Z</time>
   </trkpt>
   <trkpt lat="47.6203520" lon="-120.6618200">
    <ele>638.4</ele>
    <time>2026-06-06T02:54:00Z</time>
   </trkpt>
   <trkpt lat="47.6203240" lon="-120.6617690">
    <ele>637.7</ele>
    <time>2026-06-06T02:54:01Z</time>
   </trkpt>
   <trkpt lat="47.6203100" lon="-120.6617020">
    <ele>636.9</ele>
    <time>2026-06-06T02:54:02Z</time>
   </trkpt>
   <trkpt lat="47.6203040" lon="-120.6616160">
    <ele>635.8</ele>
    <time>2026-06-06T02:54:03Z</time>
   </trkpt>
   <trkpt lat="47.6203030" lon="-120.6615280">
    <ele>634.7</ele>
    <time>2026-06-06T02:54:04Z</time>
   </trkpt>
   <trkpt lat="47.6202710" lon="-120.6614550">
    <ele>633.5</ele>
    <time>2026-06-06T02:54:05Z</time>
   </trkpt>
   <trkpt lat="47.6202470" lon="-120.6613690">
    <ele>632.1</ele>
    <time>2026-06-06T02:54:06Z</time>
   </trkpt>
   <trkpt lat="47.6202410" lon="-120.6613100">
    <ele>631.2</ele>
    <time>2026-06-06T02:54:07Z</time>
   </trkpt>
   <trkpt lat="47.6202200" lon="-120.6612210">
    <ele>629.8</ele>
    <time>2026-06-06T02:54:08Z</time>
   </trkpt>
   <trkpt lat="47.6202130" lon="-120.6611110">
    <ele>628.4</ele>
    <time>2026-06-06T02:54:09Z</time>
   </trkpt>
   <trkpt lat="47.6201950" lon="-120.6609960">
    <ele>627.2</ele>
    <time>2026-06-06T02:54:10Z</time>
   </trkpt>
   <trkpt lat="47.6201340" lon="-120.6608900">
    <ele>626.1</ele>
    <time>2026-06-06T02:54:11Z</time>
   </trkpt>
   <trkpt lat="47.6201010" lon="-120.6608020">
    <ele>625.5</ele>
    <time>2026-06-06T02:54:12Z</time>
   </trkpt>
   <trkpt lat="47.6200540" lon="-120.6607160">
    <ele>624.9</ele>
    <time>2026-06-06T02:54:13Z</time>
   </trkpt>
   <trkpt lat="47.6200250" lon="-120.6606250">
    <ele>624.5</ele>
    <time>2026-06-06T02:54:14Z</time>
   </trkpt>
   <trkpt lat="47.6200130" lon="-120.6605290">
    <ele>624.1</ele>
    <time>2026-06-06T02:54:15Z</time>
   </trkpt>
   <trkpt lat="47.6199920" lon="-120.6604420">
    <ele>623.8</ele>
    <time>2026-06-06T02:54:16Z</time>
   </trkpt>
   <trkpt lat="47.6199730" lon="-120.6603440">
    <ele>623.6</ele>
    <time>2026-06-06T02:54:17Z</time>
   </trkpt>
   <trkpt lat="47.6199540" lon="-120.6602370">
    <ele>623.6</ele>
    <time>2026-06-06T02:54:18Z</time>
   </trkpt>
   <trkpt lat="47.6198830" lon="-120.6601510">
    <ele>623.9</ele>
    <time>2026-06-06T02:54:19Z</time>
   </trkpt>
   <trkpt lat="47.6198120" lon="-120.6601290">
    <ele>624.2</ele>
    <time>2026-06-06T02:54:20Z</time>
   </trkpt>
   <trkpt lat="47.6197700" lon="-120.6600850">
    <ele>624.3</ele>
    <time>2026-06-06T02:54:21Z</time>
   </trkpt>
   <trkpt lat="47.6197350" lon="-120.6600520">
    <ele>624.3</ele>
    <time>2026-06-06T02:54:22Z</time>
   </trkpt>
   <trkpt lat="47.6197100" lon="-120.6600250">
    <ele>624.2</ele>
    <time>2026-06-06T02:54:23Z</time>
   </trkpt>
   <trkpt lat="47.6196800" lon="-120.6600030">
    <ele>624.0</ele>
    <time>2026-06-06T02:54:24Z</time>
   </trkpt>
   <trkpt lat="47.6196690" lon="-120.6600000">
    <ele>623.9</ele>
    <time>2026-06-06T02:54:25Z</time>
   </trkpt>
   <trkpt lat="47.6196430" lon="-120.6599970">
    <ele>623.6</ele>
    <time>2026-06-06T02:54:26Z</time>
   </trkpt>
   <trkpt lat="47.6196320" lon="-120.6599960">
    <ele>623.5</ele>
    <time>2026-06-06T02:54:27Z</time>
   </trkpt>
   <trkpt lat="47.6196150" lon="-120.6599900">
    <ele>623.3</ele>
    <time>2026-06-06T02:54:28Z</time>
   </trkpt>
   <trkpt lat="47.6196060" lon="-120.6599700">
    <ele>623.2</ele>
    <time>2026-06-06T02:54:29Z</time>
   </trkpt>
   <trkpt lat="47.6196080" lon="-120.6599460">
    <ele>623.0</ele>
    <time>2026-06-06T02:54:30Z</time>
   </trkpt>
   <trkpt lat="47.6196160" lon="-120.6599280">
    <ele>622.8</ele>
    <time>2026-06-06T02:54:31Z</time>
   </trkpt>
   <trkpt lat="47.6196230" lon="-120.6599240">
    <ele>622.7</ele>
    <time>2026-06-06T02:54:32Z</time>
   </trkpt>
   <trkpt lat="47.6196250" lon="-120.6599240">
    <ele>622.7</ele>
    <time>2026-06-06T02:54:33Z</time>
   </trkpt>
   <trkpt lat="47.6196270" lon="-120.6599230">
    <ele>622.7</ele>
    <time>2026-06-06T02:54:34Z</time>
   </trkpt>
   <trkpt lat="47.6196290" lon="-120.6599220">
    <ele>622.7</ele>
    <time>2026-06-06T02:54:35Z</time>
   </trkpt>
   <trkpt lat="47.6196310" lon="-120.6599210">
    <ele>622.6</ele>
    <time>2026-06-06T02:54:36Z</time>
   </trkpt>
   <trkpt lat="47.6196330" lon="-120.6599210">
    <ele>622.6</ele>
    <time>2026-06-06T02:54:37Z</time>
   </trkpt>
   <trkpt lat="47.6196350" lon="-120.6599200">
    <ele>622.6</ele>
    <time>2026-06-06T02:54:38Z</time>
   </trkpt>
   <trkpt lat="47.6196370" lon="-120.6599190">
    <ele>622.6</ele>
    <time>2026-06-06T02:54:39Z</time>
   </trkpt>
   <trkpt lat="47.6196380" lon="-120.6599180">
    <ele>622.6</ele>
    <time>2026-06-06T02:54:40Z</time>
   </trkpt>
   <trkpt lat="47.6196400" lon="-120.6599180">
    <ele>622.5</ele>
    <time>2026-06-06T02:54:41Z</time>
   </trkpt>
   <trkpt lat="47.6196420" lon="-120.6599170">
    <ele>622.5</ele>
    <time>2026-06-06T02:54:42Z</time>
   </trkpt>
   <trkpt lat="47.6196440" lon="-120.6599160">
    <ele>622.5</ele>
    <time>2026-06-06T02:54:43Z</time>
   </trkpt>
   <trkpt lat="47.6196460" lon="-120.6599150">
    <ele>622.5</ele>
    <time>2026-06-06T02:54:44Z</time>
   </trkpt>
   <trkpt lat="47.6196480" lon="-120.6599150">
    <ele>622.5</ele>
    <time>2026-06-06T02:54:45Z</time>
   </trkpt>
   <trkpt lat="47.6196500" lon="-120.6599140">
    <ele>622.4</ele>
    <time>2026-06-06T02:54:46Z</time>
   </trkpt>
   <trkpt lat="47.6196520" lon="-120.6599130">
    <ele>622.4</ele>
    <time>2026-06-06T02:54:47Z</time>
   </trkpt>
   <trkpt lat="47.6196790" lon="-120.6598870">
    <ele>622.0</ele>
    <time>2026-06-06T02:54:48Z</time>
   </trkpt>
   <trkpt lat="47.6196900" lon="-120.6598780">
    <ele>621.9</ele>
    <time>2026-06-06T02:54:49Z</time>
   </trkpt>
   <trkpt lat="47.6197230" lon="-120.6598610">
    <ele>621.5</ele>
    <time>2026-06-06T02:54:50Z</time>
   </trkpt>
   <trkpt lat="47.6197590" lon="-120.6598600">
    <ele>621.1</ele>
    <time>2026-06-06T02:54:51Z</time>
   </trkpt>
   <trkpt lat="47.6197900" lon="-120.6598840">
    <ele>620.6</ele>
    <time>2026-06-06T02:54:52Z</time>
   </trkpt>
   <trkpt lat="47.6198180" lon="-120.6599180">
    <ele>620.2</ele>
    <time>2026-06-06T02:54:53Z</time>
   </trkpt>
   <trkpt lat="47.6198610" lon="-120.6599630">
    <ele>619.7</ele>
    <time>2026-06-06T02:54:54Z</time>
   </trkpt>
   <trkpt lat="47.6199090" lon="-120.6599960">
    <ele>619.1</ele>
    <time>2026-06-06T02:54:55Z</time>
   </trkpt>
   <trkpt lat="47.6199540" lon="-120.6600530">
    <ele>618.6</ele>
    <time>2026-06-06T02:54:56Z</time>
   </trkpt>
   <trkpt lat="47.6199660" lon="-120.6601250">
    <ele>618.2</ele>
    <time>2026-06-06T02:54:57Z</time>
   </trkpt>
   <trkpt lat="47.6200000" lon="-120.6601850">
    <ele>617.7</ele>
    <time>2026-06-06T02:54:58Z</time>
   </trkpt>
   <trkpt lat="47.6200110" lon="-120.6602730">
    <ele>617.2</ele>
    <time>2026-06-06T02:54:59Z</time>
   </trkpt>
   <trkpt lat="47.6200410" lon="-120.6603410">
    <ele>616.7</ele>
    <time>2026-06-06T02:55:00Z</time>
   </trkpt>
   <trkpt lat="47.6200610" lon="-120.6604460">
    <ele>616.0</ele>
    <time>2026-06-06T02:55:01Z</time>
   </trkpt>
   <trkpt lat="47.6200910" lon="-120.6604960">
    <ele>615.4</ele>
    <time>2026-06-06T02:55:02Z</time>
   </trkpt>
   <trkpt lat="47.6201140" lon="-120.6605470">
    <ele>614.8</ele>
    <time>2026-06-06T02:55:03Z</time>
   </trkpt>
   <trkpt lat="47.6201450" lon="-120.6605360">
    <ele>614.2</ele>
    <time>2026-06-06T02:55:04Z</time>
   </trkpt>
   <trkpt lat="47.6201570" lon="-120.6604980">
    <ele>613.7</ele>
    <time>2026-06-06T02:55:05Z</time>
   </trkpt>
   <trkpt lat="47.6201690" lon="-120.6603780">
    <ele>612.1</ele>
    <time>2026-06-06T02:55:06Z</time>
   </trkpt>
   <trkpt lat="47.6201210" lon="-120.6602300">
    <ele>609.9</ele>
    <time>2026-06-06T02:55:07Z</time>
   </trkpt>
   <trkpt lat="47.6201230" lon="-120.6601780">
    <ele>609.2</ele>
    <time>2026-06-06T02:55:08Z</time>
   </trkpt>
   <trkpt lat="47.6201400" lon="-120.6600920">
    <ele>608.1</ele>
    <time>2026-06-06T02:55:09Z</time>
   </trkpt>
   <trkpt lat="47.6201360" lon="-120.6600010">
    <ele>607.1</ele>
    <time>2026-06-06T02:55:10Z</time>
   </trkpt>
   <trkpt lat="47.6200660" lon="-120.6599240">
    <ele>606.0</ele>
    <time>2026-06-06T02:55:11Z</time>
   </trkpt>
   <trkpt lat="47.6200510" lon="-120.6598110">
    <ele>605.2</ele>
    <time>2026-06-06T02:55:12Z</time>
   </trkpt>
   <trkpt lat="47.6200010" lon="-120.6596870">
    <ele>604.4</ele>
    <time>2026-06-06T02:55:13Z</time>
   </trkpt>
   <trkpt lat="47.6199240" lon="-120.6596280">
    <ele>603.7</ele>
    <time>2026-06-06T02:55:14Z</time>
   </trkpt>
   <trkpt lat="47.6199010" lon="-120.6595570">
    <ele>603.2</ele>
    <time>2026-06-06T02:55:15Z</time>
   </trkpt>
   <trkpt lat="47.6198690" lon="-120.6594690">
    <ele>602.4</ele>
    <time>2026-06-06T02:55:16Z</time>
   </trkpt>
   <trkpt lat="47.6198190" lon="-120.6593940">
    <ele>601.5</ele>
    <time>2026-06-06T02:55:17Z</time>
   </trkpt>
   <trkpt lat="47.6197700" lon="-120.6593430">
    <ele>600.6</ele>
    <time>2026-06-06T02:55:18Z</time>
   </trkpt>
   <trkpt lat="47.6197510" lon="-120.6592810">
    <ele>599.9</ele>
    <time>2026-06-06T02:55:19Z</time>
   </trkpt>
   <trkpt lat="47.6197260" lon="-120.6591970">
    <ele>598.9</ele>
    <time>2026-06-06T02:55:20Z</time>
   </trkpt>
   <trkpt lat="47.6196770" lon="-120.6591080">
    <ele>597.7</ele>
    <time>2026-06-06T02:55:21Z</time>
   </trkpt>
   <trkpt lat="47.6196700" lon="-120.6590320">
    <ele>596.8</ele>
    <time>2026-06-06T02:55:22Z</time>
   </trkpt>
   <trkpt lat="47.6196210" lon="-120.6589270">
    <ele>595.2</ele>
    <time>2026-06-06T02:55:23Z</time>
   </trkpt>
   <trkpt lat="47.6195570" lon="-120.6588500">
    <ele>593.7</ele>
    <time>2026-06-06T02:55:24Z</time>
   </trkpt>
   <trkpt lat="47.6195000" lon="-120.6588320">
    <ele>592.8</ele>
    <time>2026-06-06T02:55:25Z</time>
   </trkpt>
   <trkpt lat="47.6194700" lon="-120.6588000">
    <ele>592.1</ele>
    <time>2026-06-06T02:55:26Z</time>
   </trkpt>
   <trkpt lat="47.6194860" lon="-120.6587270">
    <ele>591.2</ele>
    <time>2026-06-06T02:55:27Z</time>
   </trkpt>
   <trkpt lat="47.6194950" lon="-120.6586380">
    <ele>590.2</ele>
    <time>2026-06-06T02:55:28Z</time>
   </trkpt>
   <trkpt lat="47.6194930" lon="-120.6585550">
    <ele>589.3</ele>
    <time>2026-06-06T02:55:29Z</time>
   </trkpt>
   <trkpt lat="47.6194450" lon="-120.6584870">
    <ele>588.2</ele>
    <time>2026-06-06T02:55:30Z</time>
   </trkpt>
   <trkpt lat="47.6193880" lon="-120.6584160">
    <ele>587.3</ele>
    <time>2026-06-06T02:55:31Z</time>
   </trkpt>
   <trkpt lat="47.6193240" lon="-120.6583220">
    <ele>586.6</ele>
    <time>2026-06-06T02:55:32Z</time>
   </trkpt>
   <trkpt lat="47.6192460" lon="-120.6582580">
    <ele>586.5</ele>
    <time>2026-06-06T02:55:33Z</time>
   </trkpt>
   <trkpt lat="47.6191810" lon="-120.6581950">
    <ele>587.0</ele>
    <time>2026-06-06T02:55:34Z</time>
   </trkpt>
   <trkpt lat="47.6191200" lon="-120.6581350">
    <ele>588.1</ele>
    <time>2026-06-06T02:55:35Z</time>
   </trkpt>
   <trkpt lat="47.6191010" lon="-120.6580750">
    <ele>588.9</ele>
    <time>2026-06-06T02:55:36Z</time>
   </trkpt>
   <trkpt lat="47.6190820" lon="-120.6580400">
    <ele>589.4</ele>
    <time>2026-06-06T02:55:37Z</time>
   </trkpt>
   <trkpt lat="47.6190730" lon="-120.6580240">
    <ele>589.7</ele>
    <time>2026-06-06T02:55:38Z</time>
   </trkpt>
   <trkpt lat="47.6190640" lon="-120.6580110">
    <ele>589.9</ele>
    <time>2026-06-06T02:55:39Z</time>
   </trkpt>
   <trkpt lat="47.6190500" lon="-120.6579940">
    <ele>590.3</ele>
    <time>2026-06-06T02:55:40Z</time>
   </trkpt>
   <trkpt lat="47.6190390" lon="-120.6579730">
    <ele>590.6</ele>
    <time>2026-06-06T02:55:41Z</time>
   </trkpt>
   <trkpt lat="47.6190350" lon="-120.6579520">
    <ele>590.9</ele>
    <time>2026-06-06T02:55:42Z</time>
   </trkpt>
   <trkpt lat="47.6190300" lon="-120.6579290">
    <ele>591.1</ele>
    <time>2026-06-06T02:55:43Z</time>
   </trkpt>
   <trkpt lat="47.6190110" lon="-120.6579000">
    <ele>591.6</ele>
    <time>2026-06-06T02:55:44Z</time>
   </trkpt>
   <trkpt lat="47.6190030" lon="-120.6578930">
    <ele>591.8</ele>
    <time>2026-06-06T02:55:45Z</time>
   </trkpt>
   <trkpt lat="47.6189890" lon="-120.6578780">
    <ele>592.0</ele>
    <time>2026-06-06T02:55:46Z</time>
   </trkpt>
   <trkpt lat="47.6189710" lon="-120.6578710">
    <ele>592.3</ele>
    <time>2026-06-06T02:55:47Z</time>
   </trkpt>
   <trkpt lat="47.6189550" lon="-120.6578630">
    <ele>592.5</ele>
    <time>2026-06-06T02:55:48Z</time>
   </trkpt>
   <trkpt lat="47.6189400" lon="-120.6578500">
    <ele>592.8</ele>
    <time>2026-06-06T02:55:49Z</time>
   </trkpt>
   <trkpt lat="47.6189270" lon="-120.6578340">
    <ele>593.0</ele>
    <time>2026-06-06T02:55:50Z</time>
   </trkpt>
   <trkpt lat="47.6189180" lon="-120.6578170">
    <ele>593.2</ele>
    <time>2026-06-06T02:55:51Z</time>
   </trkpt>
   <trkpt lat="47.6189090" lon="-120.6578000">
    <ele>593.4</ele>
    <time>2026-06-06T02:55:52Z</time>
   </trkpt>
   <trkpt lat="47.6188990" lon="-120.6577850">
    <ele>593.6</ele>
    <time>2026-06-06T02:55:53Z</time>
   </trkpt>
   <trkpt lat="47.6188820" lon="-120.6577700">
    <ele>593.8</ele>
    <time>2026-06-06T02:55:54Z</time>
   </trkpt>
   <trkpt lat="47.6188690" lon="-120.6577540">
    <ele>594.0</ele>
    <time>2026-06-06T02:55:55Z</time>
   </trkpt>
   <trkpt lat="47.6188580" lon="-120.6577360">
    <ele>594.2</ele>
    <time>2026-06-06T02:55:56Z</time>
   </trkpt>
   <trkpt lat="47.6188490" lon="-120.6577200">
    <ele>594.4</ele>
    <time>2026-06-06T02:55:57Z</time>
   </trkpt>
   <trkpt lat="47.6188310" lon="-120.6577000">
    <ele>594.6</ele>
    <time>2026-06-06T02:55:58Z</time>
   </trkpt>
   <trkpt lat="47.6188230" lon="-120.6576940">
    <ele>594.7</ele>
    <time>2026-06-06T02:55:59Z</time>
   </trkpt>
   <trkpt lat="47.6188160" lon="-120.6576880">
    <ele>594.7</ele>
    <time>2026-06-06T02:56:00Z</time>
   </trkpt>
   <trkpt lat="47.6188050" lon="-120.6576860">
    <ele>594.8</ele>
    <time>2026-06-06T02:56:01Z</time>
   </trkpt>
   <trkpt lat="47.6188010" lon="-120.6576800">
    <ele>594.9</ele>
    <time>2026-06-06T02:56:02Z</time>
   </trkpt>
   <trkpt lat="47.6187990" lon="-120.6576780">
    <ele>594.9</ele>
    <time>2026-06-06T02:56:03Z</time>
   </trkpt>
   <trkpt lat="47.6187990" lon="-120.6576880">
    <ele>595.0</ele>
    <time>2026-06-06T02:56:04Z</time>
   </trkpt>
   <trkpt lat="47.6188000" lon="-120.6576920">
    <ele>595.0</ele>
    <time>2026-06-06T02:56:05Z</time>
   </trkpt>
   <trkpt lat="47.6188000" lon="-120.6576940">
    <ele>595.0</ele>
    <time>2026-06-06T02:56:06Z</time>
   </trkpt>
   <trkpt lat="47.6188000" lon="-120.6576950">
    <ele>595.0</ele>
    <time>2026-06-06T02:56:07Z</time>
   </trkpt>
   <trkpt lat="47.6187990" lon="-120.6576950">
    <ele>595.0</ele>
    <time>2026-06-06T02:56:08Z</time>
   </trkpt>
   <trkpt lat="47.6187930" lon="-120.6576980">
    <ele>595.1</ele>
    <time>2026-06-06T02:56:09Z</time>
   </trkpt>
   <trkpt lat="47.6187890" lon="-120.6577010">
    <ele>595.1</ele>
    <time>2026-06-06T02:56:10Z</time>
   </trkpt>
   <trkpt lat="47.6187830" lon="-120.6577100">
    <ele>595.1</ele>
    <time>2026-06-06T02:56:11Z</time>
   </trkpt>
   <trkpt lat="47.6187800" lon="-120.6577190">
    <ele>595.2</ele>
    <time>2026-06-06T02:56:12Z</time>
   </trkpt>
   <trkpt lat="47.6187800" lon="-120.6577190">
    <ele>595.2</ele>
    <time>2026-06-06T02:56:13Z</time>
   </trkpt>
   <trkpt lat="47.6187720" lon="-120.6577290">
    <ele>595.3</ele>
    <time>2026-06-06T02:56:14Z</time>
   </trkpt>
   <trkpt lat="47.6187700" lon="-120.6577290">
    <ele>595.3</ele>
    <time>2026-06-06T02:56:15Z</time>
   </trkpt>
   <trkpt lat="47.6187660" lon="-120.6577420">
    <ele>595.3</ele>
    <time>2026-06-06T02:56:16Z</time>
   </trkpt>
   <trkpt lat="47.6187680" lon="-120.6577450">
    <ele>595.3</ele>
    <time>2026-06-06T02:56:17Z</time>
   </trkpt>
   <trkpt lat="47.6187690" lon="-120.6577450">
    <ele>595.3</ele>
    <time>2026-06-06T02:56:18Z</time>
   </trkpt>
   <trkpt lat="47.6187690" lon="-120.6577450">
    <ele>595.3</ele>
    <time>2026-06-06T02:56:19Z</time>
   </trkpt>
   <trkpt lat="47.6187690" lon="-120.6577450">
    <ele>595.3</ele>
    <time>2026-06-06T02:56:20Z</time>
   </trkpt>
   <trkpt lat="47.6187700" lon="-120.6577470">
    <ele>595.4</ele>
    <time>2026-06-06T02:56:21Z</time>
   </trkpt>
   <trkpt lat="47.6187740" lon="-120.6577450">
    <ele>595.4</ele>
    <time>2026-06-06T02:56:22Z</time>
   </trkpt>
   <trkpt lat="47.6187740" lon="-120.6577430">
    <ele>595.4</ele>
    <time>2026-06-06T02:56:23Z</time>
   </trkpt>
   <trkpt lat="47.6187760" lon="-120.6577330">
    <ele>595.4</ele>
    <time>2026-06-06T02:56:24Z</time>
   </trkpt>
   <trkpt lat="47.6187780" lon="-120.6577270">
    <ele>595.4</ele>
    <time>2026-06-06T02:56:25Z</time>
   </trkpt>
   <trkpt lat="47.6187820" lon="-120.6577280">
    <ele>595.4</ele>
    <time>2026-06-06T02:56:26Z</time>
   </trkpt>
   <trkpt lat="47.6187840" lon="-120.6577370">
    <ele>595.5</ele>
    <time>2026-06-06T02:56:27Z</time>
   </trkpt>
   <trkpt lat="47.6187850" lon="-120.6577390">
    <ele>595.5</ele>
    <time>2026-06-06T02:56:28Z</time>
   </trkpt>
   <trkpt lat="47.6187860" lon="-120.6577370">
    <ele>595.5</ele>
    <time>2026-06-06T02:56:29Z</time>
   </trkpt>
   <trkpt lat="47.6187860" lon="-120.6577360">
    <ele>595.5</ele>
    <time>2026-06-06T02:56:30Z</time>
   </trkpt>
   <trkpt lat="47.6187860" lon="-120.6577360">
    <ele>595.5</ele>
    <time>2026-06-06T02:56:31Z</time>
   </trkpt>
   <trkpt lat="47.6187860" lon="-120.6577360">
    <ele>595.5</ele>
    <time>2026-06-06T02:56:32Z</time>
   </trkpt>
   <trkpt lat="47.6187860" lon="-120.6577360">
    <ele>595.5</ele>
    <time>2026-06-06T02:56:33Z</time>
   </trkpt>
   <trkpt lat="47.6187860" lon="-120.6577360">
    <ele>595.5</ele>
    <time>2026-06-06T02:56:34Z</time>
   </trkpt>
   <trkpt lat="47.6187890" lon="-120.6577370">
    <ele>595.5</ele>
    <time>2026-06-06T02:56:35Z</time>
   </trkpt>
   <trkpt lat="47.6187920" lon="-120.6577340">
    <ele>595.5</ele>
    <time>2026-06-06T02:56:36Z</time>
   </trkpt>
   <trkpt lat="47.6187960" lon="-120.6577300">
    <ele>595.5</ele>
    <time>2026-06-06T02:56:37Z</time>
   </trkpt>
   <trkpt lat="47.6187960" lon="-120.6577260">
    <ele>595.5</ele>
    <time>2026-06-06T02:56:38Z</time>
   </trkpt>
   <trkpt lat="47.6187980" lon="-120.6577270">
    <ele>595.5</ele>
    <time>2026-06-06T02:56:39Z</time>
   </trkpt>
   <trkpt lat="47.6187990" lon="-120.6577290">
    <ele>595.5</ele>
    <time>2026-06-06T02:56:40Z</time>
   </trkpt>
   <trkpt lat="47.6187990" lon="-120.6577290">
    <ele>595.5</ele>
    <time>2026-06-06T02:56:41Z</time>
   </trkpt>
   <trkpt lat="47.6187990" lon="-120.6577290">
    <ele>595.5</ele>
    <time>2026-06-06T02:56:42Z</time>
   </trkpt>
   <trkpt lat="47.6187990" lon="-120.6577290">
    <ele>595.5</ele>
    <time>2026-06-06T02:56:43Z</time>
   </trkpt>
   <trkpt lat="47.6187990" lon="-120.6577290">
    <ele>595.5</ele>
    <time>2026-06-06T02:56:44Z</time>
   </trkpt>
   <trkpt lat="47.6187990" lon="-120.6577280">
    <ele>595.5</ele>
    <time>2026-06-06T02:56:45Z</time>
   </trkpt>
   <trkpt lat="47.6187990" lon="-120.6577280">
    <ele>595.5</ele>
    <time>2026-06-06T02:56:46Z</time>
   </trkpt>
   <trkpt lat="47.6188020" lon="-120.6577270">
    <ele>595.5</ele>
    <time>2026-06-06T02:56:47Z</time>
   </trkpt>
   <trkpt lat="47.6188030" lon="-120.6577230">
    <ele>595.5</ele>
    <time>2026-06-06T02:56:48Z</time>
   </trkpt>
   <trkpt lat="47.6188030" lon="-120.6577200">
    <ele>595.5</ele>
    <time>2026-06-06T02:56:49Z</time>
   </trkpt>
   <trkpt lat="47.6188040" lon="-120.6577170">
    <ele>595.5</ele>
    <time>2026-06-06T02:56:50Z</time>
   </trkpt>
   <trkpt lat="47.6188040" lon="-120.6577160">
    <ele>595.5</ele>
    <time>2026-06-06T02:56:51Z</time>
   </trkpt>
   <trkpt lat="47.6188040" lon="-120.6577160">
    <ele>595.5</ele>
    <time>2026-06-06T02:56:52Z</time>
   </trkpt>
   <trkpt lat="47.6188040" lon="-120.6577160">
    <ele>595.5</ele>
    <time>2026-06-06T02:56:53Z</time>
   </trkpt>
   <trkpt lat="47.6188040" lon="-120.6577160">
    <ele>595.5</ele>
    <time>2026-06-06T02:56:54Z</time>
   </trkpt>
   <trkpt lat="47.6188040" lon="-120.6577160">
    <ele>595.5</ele>
    <time>2026-06-06T02:56:55Z</time>
   </trkpt>
   <trkpt lat="47.6188040" lon="-120.6577160">
    <ele>595.5</ele>
    <time>2026-06-06T02:56:56Z</time>
   </trkpt>
   <trkpt lat="47.6188050" lon="-120.6577140">
    <ele>595.6</ele>
    <time>2026-06-06T02:56:57Z</time>
   </trkpt>
   <trkpt lat="47.6188100" lon="-120.6577100">
    <ele>595.6</ele>
    <time>2026-06-06T02:56:58Z</time>
   </trkpt>
   <trkpt lat="47.6188230" lon="-120.6577130">
    <ele>595.6</ele>
    <time>2026-06-06T02:56:59Z</time>
   </trkpt>
   <trkpt lat="47.6188460" lon="-120.6577340">
    <ele>595.6</ele>
    <time>2026-06-06T02:57:00Z</time>
   </trkpt>
   <trkpt lat="47.6188530" lon="-120.6577440">
    <ele>595.6</ele>
    <time>2026-06-06T02:57:01Z</time>
   </trkpt>
   <trkpt lat="47.6188660" lon="-120.6577620">
    <ele>595.6</ele>
    <time>2026-06-06T02:57:02Z</time>
   </trkpt>
   <trkpt lat="47.6188760" lon="-120.6577780">
    <ele>595.6</ele>
    <time>2026-06-06T02:57:03Z</time>
   </trkpt>
   <trkpt lat="47.6188840" lon="-120.6578200">
    <ele>595.5</ele>
    <time>2026-06-06T02:57:04Z</time>
   </trkpt>
   <trkpt lat="47.6188840" lon="-120.6578370">
    <ele>595.5</ele>
    <time>2026-06-06T02:57:05Z</time>
   </trkpt>
   <trkpt lat="47.6189000" lon="-120.6578560">
    <ele>595.4</ele>
    <time>2026-06-06T02:57:06Z</time>
   </trkpt>
   <trkpt lat="47.6189170" lon="-120.6578420">
    <ele>595.3</ele>
    <time>2026-06-06T02:57:07Z</time>
   </trkpt>
   <trkpt lat="47.6189370" lon="-120.6577920">
    <ele>595.0</ele>
    <time>2026-06-06T02:57:08Z</time>
   </trkpt>
   <trkpt lat="47.6189430" lon="-120.6577670">
    <ele>594.9</ele>
    <time>2026-06-06T02:57:09Z</time>
   </trkpt>
   <trkpt lat="47.6189300" lon="-120.6576780">
    <ele>594.3</ele>
    <time>2026-06-06T02:57:10Z</time>
   </trkpt>
   <trkpt lat="47.6189080" lon="-120.6576040">
    <ele>593.6</ele>
    <time>2026-06-06T02:57:11Z</time>
   </trkpt>
   <trkpt lat="47.6188820" lon="-120.6575290">
    <ele>592.8</ele>
    <time>2026-06-06T02:57:12Z</time>
   </trkpt>
   <trkpt lat="47.6188530" lon="-120.6574630">
    <ele>592.0</ele>
    <time>2026-06-06T02:57:13Z</time>
   </trkpt>
   <trkpt lat="47.6188180" lon="-120.6574060">
    <ele>591.3</ele>
    <time>2026-06-06T02:57:14Z</time>
   </trkpt>
   <trkpt lat="47.6187650" lon="-120.6573490">
    <ele>590.3</ele>
    <time>2026-06-06T02:57:15Z</time>
   </trkpt>
   <trkpt lat="47.6186990" lon="-120.6573210">
    <ele>589.5</ele>
    <time>2026-06-06T02:57:16Z</time>
   </trkpt>
   <trkpt lat="47.6186230" lon="-120.6573250">
    <ele>588.6</ele>
    <time>2026-06-06T02:57:17Z</time>
   </trkpt>
   <trkpt lat="47.6185830" lon="-120.6573640">
    <ele>588.0</ele>
    <time>2026-06-06T02:57:18Z</time>
   </trkpt>
   <trkpt lat="47.6185730" lon="-120.6573540">
    <ele>587.9</ele>
    <time>2026-06-06T02:57:19Z</time>
   </trkpt>
   <trkpt lat="47.6185830" lon="-120.6573310">
    <ele>587.7</ele>
    <time>2026-06-06T02:57:20Z</time>
   </trkpt>
   <trkpt lat="47.6185940" lon="-120.6573090">
    <ele>587.5</ele>
    <time>2026-06-06T02:57:21Z</time>
   </trkpt>
   <trkpt lat="47.6186240" lon="-120.6572850">
    <ele>587.1</ele>
    <time>2026-06-06T02:57:22Z</time>
   </trkpt>
   <trkpt lat="47.6186740" lon="-120.6572830">
    <ele>586.5</ele>
    <time>2026-06-06T02:57:23Z</time>
   </trkpt>
   <trkpt lat="47.6187140" lon="-120.6572730">
    <ele>586.1</ele>
    <time>2026-06-06T02:57:24Z</time>
   </trkpt>
   <trkpt lat="47.6187680" lon="-120.6572740">
    <ele>585.5</ele>
    <time>2026-06-06T02:57:25Z</time>
   </trkpt>
   <trkpt lat="47.6188060" lon="-120.6573290">
    <ele>585.0</ele>
    <time>2026-06-06T02:57:26Z</time>
   </trkpt>
   <trkpt lat="47.6188430" lon="-120.6573320">
    <ele>584.7</ele>
    <time>2026-06-06T02:57:27Z</time>
   </trkpt>
   <trkpt lat="47.6188800" lon="-120.6572970">
    <ele>584.3</ele>
    <time>2026-06-06T02:57:28Z</time>
   </trkpt>
   <trkpt lat="47.6188420" lon="-120.6572400">
    <ele>583.8</ele>
    <time>2026-06-06T02:57:29Z</time>
   </trkpt>
   <trkpt lat="47.6187960" lon="-120.6572080">
    <ele>583.3</ele>
    <time>2026-06-06T02:57:30Z</time>
   </trkpt>
   <trkpt lat="47.6187320" lon="-120.6571660">
    <ele>582.4</ele>
    <time>2026-06-06T02:57:31Z</time>
   </trkpt>
   <trkpt lat="47.6186670" lon="-120.6571090">
    <ele>581.3</ele>
    <time>2026-06-06T02:57:32Z</time>
   </trkpt>
   <trkpt lat="47.6185930" lon="-120.6570360">
    <ele>580.1</ele>
    <time>2026-06-06T02:57:33Z</time>
   </trkpt>
   <trkpt lat="47.6185300" lon="-120.6569650">
    <ele>579.1</ele>
    <time>2026-06-06T02:57:34Z</time>
   </trkpt>
   <trkpt lat="47.6184770" lon="-120.6569080">
    <ele>578.4</ele>
    <time>2026-06-06T02:57:35Z</time>
   </trkpt>
   <trkpt lat="47.6184160" lon="-120.6568820">
    <ele>577.8</ele>
    <time>2026-06-06T02:57:36Z</time>
   </trkpt>
   <trkpt lat="47.6184320" lon="-120.6568490">
    <ele>577.4</ele>
    <time>2026-06-06T02:57:37Z</time>
   </trkpt>
   <trkpt lat="47.6184510" lon="-120.6568650">
    <ele>577.2</ele>
    <time>2026-06-06T02:57:38Z</time>
   </trkpt>
   <trkpt lat="47.6184650" lon="-120.6568950">
    <ele>576.9</ele>
    <time>2026-06-06T02:57:39Z</time>
   </trkpt>
   <trkpt lat="47.6185030" lon="-120.6569280">
    <ele>576.4</ele>
    <time>2026-06-06T02:57:40Z</time>
   </trkpt>
   <trkpt lat="47.6185530" lon="-120.6569400">
    <ele>575.7</ele>
    <time>2026-06-06T02:57:41Z</time>
   </trkpt>
   <trkpt lat="47.6185990" lon="-120.6569550">
    <ele>575.2</ele>
    <time>2026-06-06T02:57:42Z</time>
   </trkpt>
   <trkpt lat="47.6186650" lon="-120.6569860">
    <ele>574.5</ele>
    <time>2026-06-06T02:57:43Z</time>
   </trkpt>
   <trkpt lat="47.6187310" lon="-120.6570240">
    <ele>573.8</ele>
    <time>2026-06-06T02:57:44Z</time>
   </trkpt>
   <trkpt lat="47.6188000" lon="-120.6570170">
    <ele>573.2</ele>
    <time>2026-06-06T02:57:45Z</time>
   </trkpt>
   <trkpt lat="47.6188600" lon="-120.6570290">
    <ele>572.7</ele>
    <time>2026-06-06T02:57:46Z</time>
   </trkpt>
   <trkpt lat="47.6189250" lon="-120.6570650">
    <ele>572.2</ele>
    <time>2026-06-06T02:57:47Z</time>
   </trkpt>
   <trkpt lat="47.6189750" lon="-120.6570900">
    <ele>571.8</ele>
    <time>2026-06-06T02:57:48Z</time>
   </trkpt>
   <trkpt lat="47.6190160" lon="-120.6571100">
    <ele>571.4</ele>
    <time>2026-06-06T02:57:49Z</time>
   </trkpt>
   <trkpt lat="47.6190260" lon="-120.6570300">
    <ele>570.8</ele>
    <time>2026-06-06T02:57:50Z</time>
   </trkpt>
   <trkpt lat="47.6189820" lon="-120.6569760">
    <ele>570.1</ele>
    <time>2026-06-06T02:57:51Z</time>
   </trkpt>
   <trkpt lat="47.6189490" lon="-120.6569200">
    <ele>569.4</ele>
    <time>2026-06-06T02:57:52Z</time>
   </trkpt>
   <trkpt lat="47.6188900" lon="-120.6568750">
    <ele>568.4</ele>
    <time>2026-06-06T02:57:53Z</time>
   </trkpt>
   <trkpt lat="47.6188510" lon="-120.6568300">
    <ele>567.6</ele>
    <time>2026-06-06T02:57:54Z</time>
   </trkpt>
   <trkpt lat="47.6187510" lon="-120.6567900">
    <ele>566.0</ele>
    <time>2026-06-06T02:57:55Z</time>
   </trkpt>
   <trkpt lat="47.6186920" lon="-120.6566870">
    <ele>564.7</ele>
    <time>2026-06-06T02:57:56Z</time>
   </trkpt>
   <trkpt lat="47.6186260" lon="-120.6566130">
    <ele>563.4</ele>
    <time>2026-06-06T02:57:57Z</time>
   </trkpt>
   <trkpt lat="47.6185650" lon="-120.6565350">
    <ele>562.2</ele>
    <time>2026-06-06T02:57:58Z</time>
   </trkpt>
   <trkpt lat="47.6185720" lon="-120.6564360">
    <ele>561.2</ele>
    <time>2026-06-06T02:57:59Z</time>
   </trkpt>
   <trkpt lat="47.6185310" lon="-120.6563320">
    <ele>560.0</ele>
    <time>2026-06-06T02:58:00Z</time>
   </trkpt>
   <trkpt lat="47.6185060" lon="-120.6562380">
    <ele>559.0</ele>
    <time>2026-06-06T02:58:01Z</time>
   </trkpt>
   <trkpt lat="47.6184700" lon="-120.6561490">
    <ele>557.8</ele>
    <time>2026-06-06T02:58:02Z</time>
   </trkpt>
   <trkpt lat="47.6184110" lon="-120.6560990">
    <ele>556.5</ele>
    <time>2026-06-06T02:58:03Z</time>
   </trkpt>
   <trkpt lat="47.6183260" lon="-120.6561340">
    <ele>554.9</ele>
    <time>2026-06-06T02:58:04Z</time>
   </trkpt>
   <trkpt lat="47.6182560" lon="-120.6561100">
    <ele>553.5</ele>
    <time>2026-06-06T02:58:05Z</time>
   </trkpt>
   <trkpt lat="47.6181840" lon="-120.6560580">
    <ele>552.0</ele>
    <time>2026-06-06T02:58:06Z</time>
   </trkpt>
   <trkpt lat="47.6181050" lon="-120.6560300">
    <ele>550.5</ele>
    <time>2026-06-06T02:58:07Z</time>
   </trkpt>
   <trkpt lat="47.6180280" lon="-120.6560100">
    <ele>549.3</ele>
    <time>2026-06-06T02:58:08Z</time>
   </trkpt>
   <trkpt lat="47.6179500" lon="-120.6559790">
    <ele>548.3</ele>
    <time>2026-06-06T02:58:09Z</time>
   </trkpt>
   <trkpt lat="47.6178730" lon="-120.6559650">
    <ele>547.4</ele>
    <time>2026-06-06T02:58:10Z</time>
   </trkpt>
   <trkpt lat="47.6178150" lon="-120.6559550">
    <ele>546.7</ele>
    <time>2026-06-06T02:58:11Z</time>
   </trkpt>
   <trkpt lat="47.6177710" lon="-120.6560080">
    <ele>546.0</ele>
    <time>2026-06-06T02:58:12Z</time>
   </trkpt>
   <trkpt lat="47.6177260" lon="-120.6560260">
    <ele>545.4</ele>
    <time>2026-06-06T02:58:13Z</time>
   </trkpt>
   <trkpt lat="47.6176960" lon="-120.6559800">
    <ele>544.8</ele>
    <time>2026-06-06T02:58:14Z</time>
   </trkpt>
   <trkpt lat="47.6177240" lon="-120.6559450">
    <ele>544.3</ele>
    <time>2026-06-06T02:58:15Z</time>
   </trkpt>
   <trkpt lat="47.6177730" lon="-120.6559310">
    <ele>543.8</ele>
    <time>2026-06-06T02:58:16Z</time>
   </trkpt>
   <trkpt lat="47.6178330" lon="-120.6559500">
    <ele>543.3</ele>
    <time>2026-06-06T02:58:17Z</time>
   </trkpt>
   <trkpt lat="47.6178910" lon="-120.6559640">
    <ele>542.9</ele>
    <time>2026-06-06T02:58:18Z</time>
   </trkpt>
   <trkpt lat="47.6179280" lon="-120.6559530">
    <ele>542.8</ele>
    <time>2026-06-06T02:58:19Z</time>
   </trkpt>
   <trkpt lat="47.6179760" lon="-120.6559410">
    <ele>542.6</ele>
    <time>2026-06-06T02:58:20Z</time>
   </trkpt>
   <trkpt lat="47.6180220" lon="-120.6559810">
    <ele>542.4</ele>
    <time>2026-06-06T02:58:21Z</time>
   </trkpt>
   <trkpt lat="47.6180700" lon="-120.6559660">
    <ele>542.2</ele>
    <time>2026-06-06T02:58:22Z</time>
   </trkpt>
   <trkpt lat="47.6181370" lon="-120.6559770">
    <ele>541.9</ele>
    <time>2026-06-06T02:58:23Z</time>
   </trkpt>
   <trkpt lat="47.6181800" lon="-120.6559920">
    <ele>541.6</ele>
    <time>2026-06-06T02:58:24Z</time>
   </trkpt>
   <trkpt lat="47.6182240" lon="-120.6559720">
    <ele>541.2</ele>
    <time>2026-06-06T02:58:25Z</time>
   </trkpt>
   <trkpt lat="47.6182830" lon="-120.6559480">
    <ele>540.8</ele>
    <time>2026-06-06T02:58:26Z</time>
   </trkpt>
   <trkpt lat="47.6183400" lon="-120.6559120">
    <ele>540.3</ele>
    <time>2026-06-06T02:58:27Z</time>
   </trkpt>
   <trkpt lat="47.6183780" lon="-120.6558380">
    <ele>539.9</ele>
    <time>2026-06-06T02:58:28Z</time>
   </trkpt>
   <trkpt lat="47.6184310" lon="-120.6557540">
    <ele>539.4</ele>
    <time>2026-06-06T02:58:29Z</time>
   </trkpt>
   <trkpt lat="47.6185100" lon="-120.6557380">
    <ele>539.0</ele>
    <time>2026-06-06T02:58:30Z</time>
   </trkpt>
   <trkpt lat="47.6185770" lon="-120.6557370">
    <ele>538.5</ele>
    <time>2026-06-06T02:58:31Z</time>
   </trkpt>
   <trkpt lat="47.6186060" lon="-120.6557200">
    <ele>538.2</ele>
    <time>2026-06-06T02:58:32Z</time>
   </trkpt>
   <trkpt lat="47.6185880" lon="-120.6556340">
    <ele>537.5</ele>
    <time>2026-06-06T02:58:33Z</time>
   </trkpt>
   <trkpt lat="47.6185590" lon="-120.6556080">
    <ele>537.1</ele>
    <time>2026-06-06T02:58:34Z</time>
   </trkpt>
   <trkpt lat="47.6185290" lon="-120.6556010">
    <ele>536.8</ele>
    <time>2026-06-06T02:58:35Z</time>
   </trkpt>
   <trkpt lat="47.6184600" lon="-120.6556160">
    <ele>536.1</ele>
    <time>2026-06-06T02:58:36Z</time>
   </trkpt>
   <trkpt lat="47.6184010" lon="-120.6556590">
    <ele>535.5</ele>
    <time>2026-06-06T02:58:37Z</time>
   </trkpt>
   <trkpt lat="47.6183410" lon="-120.6557050">
    <ele>534.9</ele>
    <time>2026-06-06T02:58:38Z</time>
   </trkpt>
   <trkpt lat="47.6182820" lon="-120.6557710">
    <ele>534.3</ele>
    <time>2026-06-06T02:58:39Z</time>
   </trkpt>
   <trkpt lat="47.6182260" lon="-120.6557640">
    <ele>533.7</ele>
    <time>2026-06-06T02:58:40Z</time>
   </trkpt>
   <trkpt lat="47.6181610" lon="-120.6557100">
    <ele>532.9</ele>
    <time>2026-06-06T02:58:41Z</time>
   </trkpt>
   <trkpt lat="47.6180880" lon="-120.6557090">
    <ele>532.0</ele>
    <time>2026-06-06T02:58:42Z</time>
   </trkpt>
   <trkpt lat="47.6180240" lon="-120.6556820">
    <ele>531.1</ele>
    <time>2026-06-06T02:58:43Z</time>
   </trkpt>
   <trkpt lat="47.6179600" lon="-120.6556460">
    <ele>530.1</ele>
    <time>2026-06-06T02:58:44Z</time>
   </trkpt>
   <trkpt lat="47.6178750" lon="-120.6556140">
    <ele>528.8</ele>
    <time>2026-06-06T02:58:45Z</time>
   </trkpt>
   <trkpt lat="47.6178030" lon="-120.6555930">
    <ele>527.7</ele>
    <time>2026-06-06T02:58:46Z</time>
   </trkpt>
   <trkpt lat="47.6177250" lon="-120.6555710">
    <ele>526.7</ele>
    <time>2026-06-06T02:58:47Z</time>
   </trkpt>
   <trkpt lat="47.6176490" lon="-120.6555550">
    <ele>525.8</ele>
    <time>2026-06-06T02:58:48Z</time>
   </trkpt>
   <trkpt lat="47.6175640" lon="-120.6555610">
    <ele>524.9</ele>
    <time>2026-06-06T02:58:49Z</time>
   </trkpt>
   <trkpt lat="47.6174960" lon="-120.6555320">
    <ele>524.2</ele>
    <time>2026-06-06T02:58:50Z</time>
   </trkpt>
   <trkpt lat="47.6174310" lon="-120.6555050">
    <ele>523.6</ele>
    <time>2026-06-06T02:58:51Z</time>
   </trkpt>
   <trkpt lat="47.6173740" lon="-120.6555050">
    <ele>523.1</ele>
    <time>2026-06-06T02:58:52Z</time>
   </trkpt>
   <trkpt lat="47.6173320" lon="-120.6554330">
    <ele>522.5</ele>
    <time>2026-06-06T02:58:53Z</time>
   </trkpt>
   <trkpt lat="47.6172580" lon="-120.6554330">
    <ele>521.9</ele>
    <time>2026-06-06T02:58:54Z</time>
   </trkpt>
   <trkpt lat="47.6172270" lon="-120.6554130">
    <ele>521.6</ele>
    <time>2026-06-06T02:58:55Z</time>
   </trkpt>
   <trkpt lat="47.6172170" lon="-120.6553670">
    <ele>521.2</ele>
    <time>2026-06-06T02:58:56Z</time>
   </trkpt>
   <trkpt lat="47.6172000" lon="-120.6553180">
    <ele>520.9</ele>
    <time>2026-06-06T02:58:57Z</time>
   </trkpt>
   <trkpt lat="47.6171610" lon="-120.6552720">
    <ele>520.6</ele>
    <time>2026-06-06T02:58:58Z</time>
   </trkpt>
   <trkpt lat="47.6171270" lon="-120.6552050">
    <ele>520.4</ele>
    <time>2026-06-06T02:58:59Z</time>
   </trkpt>
   <trkpt lat="47.6170720" lon="-120.6551630">
    <ele>520.3</ele>
    <time>2026-06-06T02:59:00Z</time>
   </trkpt>
   <trkpt lat="47.6170080" lon="-120.6551100">
    <ele>520.4</ele>
    <time>2026-06-06T02:59:01Z</time>
   </trkpt>
   <trkpt lat="47.6169650" lon="-120.6550700">
    <ele>520.5</ele>
    <time>2026-06-06T02:59:02Z</time>
   </trkpt>
   <trkpt lat="47.6169410" lon="-120.6550330">
    <ele>520.6</ele>
    <time>2026-06-06T02:59:03Z</time>
   </trkpt>
   <trkpt lat="47.6169160" lon="-120.6550020">
    <ele>520.6</ele>
    <time>2026-06-06T02:59:04Z</time>
   </trkpt>
   <trkpt lat="47.6168870" lon="-120.6549740">
    <ele>520.7</ele>
    <time>2026-06-06T02:59:05Z</time>
   </trkpt>
   <trkpt lat="47.6168830" lon="-120.6549630">
    <ele>520.7</ele>
    <time>2026-06-06T02:59:06Z</time>
   </trkpt>
   <trkpt lat="47.6168850" lon="-120.6549600">
    <ele>520.7</ele>
    <time>2026-06-06T02:59:07Z</time>
   </trkpt>
   <trkpt lat="47.6168830" lon="-120.6549550">
    <ele>520.7</ele>
    <time>2026-06-06T02:59:08Z</time>
   </trkpt>
   <trkpt lat="47.6168780" lon="-120.6549490">
    <ele>520.7</ele>
    <time>2026-06-06T02:59:09Z</time>
   </trkpt>
   <trkpt lat="47.6168730" lon="-120.6549490">
    <ele>520.7</ele>
    <time>2026-06-06T02:59:10Z</time>
   </trkpt>
   <trkpt lat="47.6168720" lon="-120.6549480">
    <ele>520.7</ele>
    <time>2026-06-06T02:59:11Z</time>
   </trkpt>
   <trkpt lat="47.6168730" lon="-120.6549440">
    <ele>520.7</ele>
    <time>2026-06-06T02:59:12Z</time>
   </trkpt>
   <trkpt lat="47.6168740" lon="-120.6549440">
    <ele>520.7</ele>
    <time>2026-06-06T02:59:13Z</time>
   </trkpt>
   <trkpt lat="47.6168760" lon="-120.6549330">
    <ele>520.6</ele>
    <time>2026-06-06T02:59:14Z</time>
   </trkpt>
   <trkpt lat="47.6168780" lon="-120.6549200">
    <ele>520.6</ele>
    <time>2026-06-06T02:59:15Z</time>
   </trkpt>
   <trkpt lat="47.6168820" lon="-120.6549110">
    <ele>520.6</ele>
    <time>2026-06-06T02:59:16Z</time>
   </trkpt>
   <trkpt lat="47.6168850" lon="-120.6549120">
    <ele>520.6</ele>
    <time>2026-06-06T02:59:17Z</time>
   </trkpt>
   <trkpt lat="47.6168860" lon="-120.6549110">
    <ele>520.6</ele>
    <time>2026-06-06T02:59:18Z</time>
   </trkpt>
   <trkpt lat="47.6168850" lon="-120.6549130">
    <ele>520.6</ele>
    <time>2026-06-06T02:59:19Z</time>
   </trkpt>
   <trkpt lat="47.6168850" lon="-120.6549140">
    <ele>520.6</ele>
    <time>2026-06-06T02:59:20Z</time>
   </trkpt>
   <trkpt lat="47.6168860" lon="-120.6549170">
    <ele>520.6</ele>
    <time>2026-06-06T02:59:21Z</time>
   </trkpt>
   <trkpt lat="47.6168840" lon="-120.6549160">
    <ele>520.6</ele>
    <time>2026-06-06T02:59:22Z</time>
   </trkpt>
   <trkpt lat="47.6168830" lon="-120.6549170">
    <ele>520.6</ele>
    <time>2026-06-06T02:59:23Z</time>
   </trkpt>
   <trkpt lat="47.6168820" lon="-120.6549150">
    <ele>520.6</ele>
    <time>2026-06-06T02:59:24Z</time>
   </trkpt>
   <trkpt lat="47.6168770" lon="-120.6549250">
    <ele>520.5</ele>
    <time>2026-06-06T02:59:25Z</time>
   </trkpt>
   <trkpt lat="47.6168740" lon="-120.6549370">
    <ele>520.5</ele>
    <time>2026-06-06T02:59:26Z</time>
   </trkpt>
   <trkpt lat="47.6168730" lon="-120.6549470">
    <ele>520.5</ele>
    <time>2026-06-06T02:59:27Z</time>
   </trkpt>
   <trkpt lat="47.6168700" lon="-120.6549520">
    <ele>520.4</ele>
    <time>2026-06-06T02:59:28Z</time>
   </trkpt>
   <trkpt lat="47.6168660" lon="-120.6549580">
    <ele>520.4</ele>
    <time>2026-06-06T02:59:29Z</time>
   </trkpt>
   <trkpt lat="47.6168610" lon="-120.6549660">
    <ele>520.3</ele>
    <time>2026-06-06T02:59:30Z</time>
   </trkpt>
   <trkpt lat="47.6168590" lon="-120.6549730">
    <ele>520.3</ele>
    <time>2026-06-06T02:59:31Z</time>
   </trkpt>
   <trkpt lat="47.6168620" lon="-120.6549820">
    <ele>520.3</ele>
    <time>2026-06-06T02:59:32Z</time>
   </trkpt>
   <trkpt lat="47.6168610" lon="-120.6549810">
    <ele>520.3</ele>
    <time>2026-06-06T02:59:33Z</time>
   </trkpt>
   <trkpt lat="47.6168610" lon="-120.6549790">
    <ele>520.2</ele>
    <time>2026-06-06T02:59:34Z</time>
   </trkpt>
   <trkpt lat="47.6168610" lon="-120.6549780">
    <ele>520.2</ele>
    <time>2026-06-06T02:59:35Z</time>
   </trkpt>
   <trkpt lat="47.6168600" lon="-120.6549770">
    <ele>520.2</ele>
    <time>2026-06-06T02:59:36Z</time>
   </trkpt>
   <trkpt lat="47.6168600" lon="-120.6549760">
    <ele>520.2</ele>
    <time>2026-06-06T02:59:37Z</time>
   </trkpt>
   <trkpt lat="47.6168600" lon="-120.6549740">
    <ele>520.2</ele>
    <time>2026-06-06T02:59:38Z</time>
   </trkpt>
   <trkpt lat="47.6168600" lon="-120.6549730">
    <ele>520.2</ele>
    <time>2026-06-06T02:59:39Z</time>
   </trkpt>
   <trkpt lat="47.6168590" lon="-120.6549720">
    <ele>520.2</ele>
    <time>2026-06-06T02:59:40Z</time>
   </trkpt>
   <trkpt lat="47.6168590" lon="-120.6549710">
    <ele>520.2</ele>
    <time>2026-06-06T02:59:41Z</time>
   </trkpt>
   <trkpt lat="47.6168590" lon="-120.6549700">
    <ele>520.2</ele>
    <time>2026-06-06T02:59:42Z</time>
   </trkpt>
   <trkpt lat="47.6168580" lon="-120.6549680">
    <ele>520.2</ele>
    <time>2026-06-06T02:59:43Z</time>
   </trkpt>
   <trkpt lat="47.6168580" lon="-120.6549670">
    <ele>520.2</ele>
    <time>2026-06-06T02:59:44Z</time>
   </trkpt>
   <trkpt lat="47.6168580" lon="-120.6549660">
    <ele>520.2</ele>
    <time>2026-06-06T02:59:45Z</time>
   </trkpt>
   <trkpt lat="47.6168570" lon="-120.6549650">
    <ele>520.2</ele>
    <time>2026-06-06T02:59:46Z</time>
   </trkpt>
   <trkpt lat="47.6168570" lon="-120.6549630">
    <ele>520.2</ele>
    <time>2026-06-06T02:59:47Z</time>
   </trkpt>
   <trkpt lat="47.6168570" lon="-120.6549620">
    <ele>520.2</ele>
    <time>2026-06-06T02:59:48Z</time>
   </trkpt>
   <trkpt lat="47.6168560" lon="-120.6549610">
    <ele>520.1</ele>
    <time>2026-06-06T02:59:49Z</time>
   </trkpt>
   <trkpt lat="47.6168560" lon="-120.6549600">
    <ele>520.1</ele>
    <time>2026-06-06T02:59:50Z</time>
   </trkpt>
   <trkpt lat="47.6168560" lon="-120.6549590">
    <ele>520.1</ele>
    <time>2026-06-06T02:59:51Z</time>
   </trkpt>
   <trkpt lat="47.6168550" lon="-120.6549570">
    <ele>520.1</ele>
    <time>2026-06-06T02:59:52Z</time>
   </trkpt>
   <trkpt lat="47.6168550" lon="-120.6549560">
    <ele>520.1</ele>
    <time>2026-06-06T02:59:53Z</time>
   </trkpt>
   <trkpt lat="47.6168550" lon="-120.6549550">
    <ele>520.1</ele>
    <time>2026-06-06T02:59:54Z</time>
   </trkpt>
   <trkpt lat="47.6168550" lon="-120.6549540">
    <ele>520.1</ele>
    <time>2026-06-06T02:59:55Z</time>
   </trkpt>
   <trkpt lat="47.6168540" lon="-120.6549530">
    <ele>520.1</ele>
    <time>2026-06-06T02:59:56Z</time>
   </trkpt>
   <trkpt lat="47.6168540" lon="-120.6549510">
    <ele>520.1</ele>
    <time>2026-06-06T02:59:57Z</time>
   </trkpt>
   <trkpt lat="47.6168540" lon="-120.6549500">
    <ele>520.1</ele>
    <time>2026-06-06T02:59:58Z</time>
   </trkpt>
   <trkpt lat="47.6168530" lon="-120.6549490">
    <ele>520.0</ele>
    <time>2026-06-06T02:59:59Z</time>
   </trkpt>
   <trkpt lat="47.6168530" lon="-120.6549480">
    <ele>520.0</ele>
    <time>2026-06-06T03:00:00Z</time>
   </trkpt>
   <trkpt lat="47.6168530" lon="-120.6549460">
    <ele>520.0</ele>
    <time>2026-06-06T03:00:01Z</time>
   </trkpt>
   <trkpt lat="47.6168520" lon="-120.6549450">
    <ele>520.0</ele>
    <time>2026-06-06T03:00:02Z</time>
   </trkpt>
   <trkpt lat="47.6168520" lon="-120.6549440">
    <ele>520.0</ele>
    <time>2026-06-06T03:00:03Z</time>
   </trkpt>
   <trkpt lat="47.6168520" lon="-120.6549430">
    <ele>520.0</ele>
    <time>2026-06-06T03:00:04Z</time>
   </trkpt>
   <trkpt lat="47.6168510" lon="-120.6549420">
    <ele>520.0</ele>
    <time>2026-06-06T03:00:05Z</time>
   </trkpt>
   <trkpt lat="47.6168510" lon="-120.6549400">
    <ele>520.0</ele>
    <time>2026-06-06T03:00:06Z</time>
   </trkpt>
   <trkpt lat="47.6168510" lon="-120.6549390">
    <ele>520.0</ele>
    <time>2026-06-06T03:00:07Z</time>
   </trkpt>
   <trkpt lat="47.6168500" lon="-120.6549380">
    <ele>520.0</ele>
    <time>2026-06-06T03:00:08Z</time>
   </trkpt>
   <trkpt lat="47.6168500" lon="-120.6549370">
    <ele>519.9</ele>
    <time>2026-06-06T03:00:09Z</time>
   </trkpt>
   <trkpt lat="47.6168500" lon="-120.6549350">
    <ele>519.9</ele>
    <time>2026-06-06T03:00:10Z</time>
   </trkpt>
   <trkpt lat="47.6168500" lon="-120.6549340">
    <ele>519.9</ele>
    <time>2026-06-06T03:00:11Z</time>
   </trkpt>
   <trkpt lat="47.6168490" lon="-120.6549330">
    <ele>519.9</ele>
    <time>2026-06-06T03:00:12Z</time>
   </trkpt>
   <trkpt lat="47.6168490" lon="-120.6549320">
    <ele>519.9</ele>
    <time>2026-06-06T03:00:13Z</time>
   </trkpt>
   <trkpt lat="47.6168490" lon="-120.6549310">
    <ele>519.9</ele>
    <time>2026-06-06T03:00:14Z</time>
   </trkpt>
   <trkpt lat="47.6168480" lon="-120.6549290">
    <ele>519.9</ele>
    <time>2026-06-06T03:00:15Z</time>
   </trkpt>
   <trkpt lat="47.6168480" lon="-120.6549280">
    <ele>519.9</ele>
    <time>2026-06-06T03:00:16Z</time>
   </trkpt>
   <trkpt lat="47.6168480" lon="-120.6549270">
    <ele>519.9</ele>
    <time>2026-06-06T03:00:17Z</time>
   </trkpt>
   <trkpt lat="47.6168470" lon="-120.6549260">
    <ele>519.8</ele>
    <time>2026-06-06T03:00:18Z</time>
   </trkpt>
   <trkpt lat="47.6168470" lon="-120.6549240">
    <ele>519.8</ele>
    <time>2026-06-06T03:00:19Z</time>
   </trkpt>
   <trkpt lat="47.6168470" lon="-120.6549230">
    <ele>519.8</ele>
    <time>2026-06-06T03:00:20Z</time>
   </trkpt>
   <trkpt lat="47.6168460" lon="-120.6549220">
    <ele>519.8</ele>
    <time>2026-06-06T03:00:21Z</time>
   </trkpt>
   <trkpt lat="47.6168460" lon="-120.6549210">
    <ele>519.8</ele>
    <time>2026-06-06T03:00:22Z</time>
   </trkpt>
   <trkpt lat="47.6168460" lon="-120.6549200">
    <ele>519.8</ele>
    <time>2026-06-06T03:00:23Z</time>
   </trkpt>
   <trkpt lat="47.6168450" lon="-120.6549180">
    <ele>519.8</ele>
    <time>2026-06-06T03:00:24Z</time>
   </trkpt>
   <trkpt lat="47.6168450" lon="-120.6549170">
    <ele>519.8</ele>
    <time>2026-06-06T03:00:25Z</time>
   </trkpt>
   <trkpt lat="47.6168450" lon="-120.6549160">
    <ele>519.8</ele>
    <time>2026-06-06T03:00:26Z</time>
   </trkpt>
   <trkpt lat="47.6168450" lon="-120.6549150">
    <ele>519.8</ele>
    <time>2026-06-06T03:00:27Z</time>
   </trkpt>
   <trkpt lat="47.6168440" lon="-120.6549140">
    <ele>519.7</ele>
    <time>2026-06-06T03:00:28Z</time>
   </trkpt>
   <trkpt lat="47.6168440" lon="-120.6549120">
    <ele>519.7</ele>
    <time>2026-06-06T03:00:29Z</time>
   </trkpt>
   <trkpt lat="47.6168440" lon="-120.6549110">
    <ele>519.7</ele>
    <time>2026-06-06T03:00:30Z</time>
   </trkpt>
   <trkpt lat="47.6168430" lon="-120.6549100">
    <ele>519.7</ele>
    <time>2026-06-06T03:00:31Z</time>
   </trkpt>
   <trkpt lat="47.6168430" lon="-120.6549090">
    <ele>519.7</ele>
    <time>2026-06-06T03:00:32Z</time>
   </trkpt>
   <trkpt lat="47.6168430" lon="-120.6549070">
    <ele>519.7</ele>
    <time>2026-06-06T03:00:33Z</time>
   </trkpt>
   <trkpt lat="47.6168420" lon="-120.6549060">
    <ele>519.7</ele>
    <time>2026-06-06T03:00:34Z</time>
   </trkpt>
   <trkpt lat="47.6168420" lon="-120.6549050">
    <ele>519.7</ele>
    <time>2026-06-06T03:00:35Z</time>
   </trkpt>
   <trkpt lat="47.6168130" lon="-120.6548620">
    <ele>519.1</ele>
    <time>2026-06-06T03:00:36Z</time>
   </trkpt>
   <trkpt lat="47.6167910" lon="-120.6548170">
    <ele>518.5</ele>
    <time>2026-06-06T03:00:37Z</time>
   </trkpt>
   <trkpt lat="47.6167700" lon="-120.6547870">
    <ele>518.0</ele>
    <time>2026-06-06T03:00:38Z</time>
   </trkpt>
   <trkpt lat="47.6167410" lon="-120.6548080">
    <ele>517.5</ele>
    <time>2026-06-06T03:00:39Z</time>
   </trkpt>
   <trkpt lat="47.6167320" lon="-120.6548740">
    <ele>516.7</ele>
    <time>2026-06-06T03:00:40Z</time>
   </trkpt>
   <trkpt lat="47.6167450" lon="-120.6549360">
    <ele>515.8</ele>
    <time>2026-06-06T03:00:41Z</time>
   </trkpt>
   <trkpt lat="47.6167640" lon="-120.6549910">
    <ele>515.0</ele>
    <time>2026-06-06T03:00:42Z</time>
   </trkpt>
   <trkpt lat="47.6167410" lon="-120.6550180">
    <ele>514.4</ele>
    <time>2026-06-06T03:00:43Z</time>
   </trkpt>
   <trkpt lat="47.6167300" lon="-120.6550180">
    <ele>514.1</ele>
    <time>2026-06-06T03:00:44Z</time>
   </trkpt>
   <trkpt lat="47.6166980" lon="-120.6549780">
    <ele>513.3</ele>
    <time>2026-06-06T03:00:45Z</time>
   </trkpt>
   <trkpt lat="47.6166830" lon="-120.6549510">
    <ele>512.8</ele>
    <time>2026-06-06T03:00:46Z</time>
   </trkpt>
   <trkpt lat="47.6166590" lon="-120.6548890">
    <ele>511.8</ele>
    <time>2026-06-06T03:00:47Z</time>
   </trkpt>
   <trkpt lat="47.6166200" lon="-120.6548850">
    <ele>511.1</ele>
    <time>2026-06-06T03:00:48Z</time>
   </trkpt>
   <trkpt lat="47.6166050" lon="-120.6549290">
    <ele>510.5</ele>
    <time>2026-06-06T03:00:49Z</time>
   </trkpt>
   <trkpt lat="47.6166350" lon="-120.6550190">
    <ele>509.5</ele>
    <time>2026-06-06T03:00:50Z</time>
   </trkpt>
   <trkpt lat="47.6166550" lon="-120.6550920">
    <ele>508.8</ele>
    <time>2026-06-06T03:00:51Z</time>
   </trkpt>
   <trkpt lat="47.6166900" lon="-120.6551380">
    <ele>508.2</ele>
    <time>2026-06-06T03:00:52Z</time>
   </trkpt>
   <trkpt lat="47.6167350" lon="-120.6551870">
    <ele>507.5</ele>
    <time>2026-06-06T03:00:53Z</time>
   </trkpt>
   <trkpt lat="47.6167850" lon="-120.6552510">
    <ele>506.6</ele>
    <time>2026-06-06T03:00:54Z</time>
   </trkpt>
   <trkpt lat="47.6168260" lon="-120.6553030">
    <ele>505.9</ele>
    <time>2026-06-06T03:00:55Z</time>
   </trkpt>
   <trkpt lat="47.6168780" lon="-120.6553650">
    <ele>504.9</ele>
    <time>2026-06-06T03:00:56Z</time>
   </trkpt>
   <trkpt lat="47.6169210" lon="-120.6554370">
    <ele>504.0</ele>
    <time>2026-06-06T03:00:57Z</time>
   </trkpt>
   <trkpt lat="47.6169490" lon="-120.6555870">
    <ele>502.7</ele>
    <time>2026-06-06T03:00:58Z</time>
   </trkpt>
   <trkpt lat="47.6169860" lon="-120.6557090">
    <ele>501.9</ele>
    <time>2026-06-06T03:00:59Z</time>
   </trkpt>
   <trkpt lat="47.6169800" lon="-120.6558070">
    <ele>501.3</ele>
    <time>2026-06-06T03:01:00Z</time>
   </trkpt>
   <trkpt lat="47.6169760" lon="-120.6559020">
    <ele>500.8</ele>
    <time>2026-06-06T03:01:01Z</time>
   </trkpt>
   <trkpt lat="47.6169280" lon="-120.6560230">
    <ele>500.1</ele>
    <time>2026-06-06T03:01:02Z</time>
   </trkpt>
   <trkpt lat="47.6169270" lon="-120.6561330">
    <ele>499.5</ele>
    <time>2026-06-06T03:01:03Z</time>
   </trkpt>
   <trkpt lat="47.6169080" lon="-120.6562250">
    <ele>498.9</ele>
    <time>2026-06-06T03:01:04Z</time>
   </trkpt>
   <trkpt lat="47.6168550" lon="-120.6562570">
    <ele>498.1</ele>
    <time>2026-06-06T03:01:05Z</time>
   </trkpt>
   <trkpt lat="47.6168380" lon="-120.6563360">
    <ele>497.3</ele>
    <time>2026-06-06T03:01:06Z</time>
   </trkpt>
   <trkpt lat="47.6167950" lon="-120.6563750">
    <ele>496.4</ele>
    <time>2026-06-06T03:01:07Z</time>
   </trkpt>
   <trkpt lat="47.6167650" lon="-120.6563960">
    <ele>495.9</ele>
    <time>2026-06-06T03:01:08Z</time>
   </trkpt>
   <trkpt lat="47.6167540" lon="-120.6564080">
    <ele>495.7</ele>
    <time>2026-06-06T03:01:09Z</time>
   </trkpt>
   <trkpt lat="47.6167300" lon="-120.6563890">
    <ele>495.2</ele>
    <time>2026-06-06T03:01:10Z</time>
   </trkpt>
   <trkpt lat="47.6167140" lon="-120.6562840">
    <ele>494.1</ele>
    <time>2026-06-06T03:01:11Z</time>
   </trkpt>
   <trkpt lat="47.6167650" lon="-120.6561890">
    <ele>492.8</ele>
    <time>2026-06-06T03:01:12Z</time>
   </trkpt>
   <trkpt lat="47.6167500" lon="-120.6561060">
    <ele>492.0</ele>
    <time>2026-06-06T03:01:13Z</time>
   </trkpt>
   <trkpt lat="47.6167130" lon="-120.6560290">
    <ele>491.2</ele>
    <time>2026-06-06T03:01:14Z</time>
   </trkpt>
   <trkpt lat="47.6166890" lon="-120.6559270">
    <ele>490.2</ele>
    <time>2026-06-06T03:01:15Z</time>
   </trkpt>
   <trkpt lat="47.6166860" lon="-120.6558200">
    <ele>489.2</ele>
    <time>2026-06-06T03:01:16Z</time>
   </trkpt>
   <trkpt lat="47.6166590" lon="-120.6557160">
    <ele>488.1</ele>
    <time>2026-06-06T03:01:17Z</time>
   </trkpt>
   <trkpt lat="47.6165960" lon="-120.6556080">
    <ele>487.1</ele>
    <time>2026-06-06T03:01:18Z</time>
   </trkpt>
   <trkpt lat="47.6165230" lon="-120.6555480">
    <ele>486.4</ele>
    <time>2026-06-06T03:01:19Z</time>
   </trkpt>
   <trkpt lat="47.6164220" lon="-120.6555880">
    <ele>485.9</ele>
    <time>2026-06-06T03:01:20Z</time>
   </trkpt>
   <trkpt lat="47.6163650" lon="-120.6555410">
    <ele>485.8</ele>
    <time>2026-06-06T03:01:21Z</time>
   </trkpt>
   <trkpt lat="47.6163250" lon="-120.6554890">
    <ele>485.8</ele>
    <time>2026-06-06T03:01:22Z</time>
   </trkpt>
   <trkpt lat="47.6162960" lon="-120.6554320">
    <ele>485.8</ele>
    <time>2026-06-06T03:01:23Z</time>
   </trkpt>
   <trkpt lat="47.6162630" lon="-120.6553900">
    <ele>485.7</ele>
    <time>2026-06-06T03:01:24Z</time>
   </trkpt>
   <trkpt lat="47.6162200" lon="-120.6553670">
    <ele>485.6</ele>
    <time>2026-06-06T03:01:25Z</time>
   </trkpt>
   <trkpt lat="47.6161810" lon="-120.6553420">
    <ele>485.5</ele>
    <time>2026-06-06T03:01:26Z</time>
   </trkpt>
   <trkpt lat="47.6161630" lon="-120.6552690">
    <ele>485.2</ele>
    <time>2026-06-06T03:01:27Z</time>
   </trkpt>
   <trkpt lat="47.6161720" lon="-120.6552150">
    <ele>485.0</ele>
    <time>2026-06-06T03:01:28Z</time>
   </trkpt>
   <trkpt lat="47.6161820" lon="-120.6551630">
    <ele>484.8</ele>
    <time>2026-06-06T03:01:29Z</time>
   </trkpt>
   <trkpt lat="47.6161610" lon="-120.6551080">
    <ele>484.4</ele>
    <time>2026-06-06T03:01:30Z</time>
   </trkpt>
   <trkpt lat="47.6161420" lon="-120.6550590">
    <ele>484.1</ele>
    <time>2026-06-06T03:01:31Z</time>
   </trkpt>
   <trkpt lat="47.6161060" lon="-120.6551160">
    <ele>483.6</ele>
    <time>2026-06-06T03:01:32Z</time>
   </trkpt>
   <trkpt lat="47.6160920" lon="-120.6551930">
    <ele>482.9</ele>
    <time>2026-06-06T03:01:33Z</time>
   </trkpt>
   <trkpt lat="47.6160790" lon="-120.6552700">
    <ele>482.2</ele>
    <time>2026-06-06T03:01:34Z</time>
   </trkpt>
   <trkpt lat="47.6160560" lon="-120.6552940">
    <ele>481.9</ele>
    <time>2026-06-06T03:01:35Z</time>
   </trkpt>
   <trkpt lat="47.6160270" lon="-120.6552040">
    <ele>480.8</ele>
    <time>2026-06-06T03:01:36Z</time>
   </trkpt>
   <trkpt lat="47.6160060" lon="-120.6551640">
    <ele>480.3</ele>
    <time>2026-06-06T03:01:37Z</time>
   </trkpt>
   <trkpt lat="47.6159680" lon="-120.6551100">
    <ele>479.5</ele>
    <time>2026-06-06T03:01:38Z</time>
   </trkpt>
   <trkpt lat="47.6159270" lon="-120.6550970">
    <ele>478.9</ele>
    <time>2026-06-06T03:01:39Z</time>
   </trkpt>
   <trkpt lat="47.6158540" lon="-120.6551600">
    <ele>477.8</ele>
    <time>2026-06-06T03:01:40Z</time>
   </trkpt>
   <trkpt lat="47.6159290" lon="-120.6553160">
    <ele>476.1</ele>
    <time>2026-06-06T03:01:41Z</time>
   </trkpt>
   <trkpt lat="47.6159700" lon="-120.6553770">
    <ele>475.4</ele>
    <time>2026-06-06T03:01:42Z</time>
   </trkpt>
   <trkpt lat="47.6159810" lon="-120.6554400">
    <ele>474.8</ele>
    <time>2026-06-06T03:01:43Z</time>
   </trkpt>
   <trkpt lat="47.6159710" lon="-120.6554800">
    <ele>474.5</ele>
    <time>2026-06-06T03:01:44Z</time>
   </trkpt>
   <trkpt lat="47.6159380" lon="-120.6554350">
    <ele>473.9</ele>
    <time>2026-06-06T03:01:45Z</time>
   </trkpt>
   <trkpt lat="47.6158760" lon="-120.6553930">
    <ele>473.0</ele>
    <time>2026-06-06T03:01:46Z</time>
   </trkpt>
   <trkpt lat="47.6158290" lon="-120.6553250">
    <ele>472.1</ele>
    <time>2026-06-06T03:01:47Z</time>
   </trkpt>
   <trkpt lat="47.6158010" lon="-120.6552480">
    <ele>471.2</ele>
    <time>2026-06-06T03:01:48Z</time>
   </trkpt>
   <trkpt lat="47.6157940" lon="-120.6551920">
    <ele>470.6</ele>
    <time>2026-06-06T03:01:49Z</time>
   </trkpt>
   <trkpt lat="47.6157830" lon="-120.6551750">
    <ele>470.4</ele>
    <time>2026-06-06T03:01:50Z</time>
   </trkpt>
   <trkpt lat="47.6157280" lon="-120.6551860">
    <ele>469.5</ele>
    <time>2026-06-06T03:01:51Z</time>
   </trkpt>
   <trkpt lat="47.6157100" lon="-120.6552580">
    <ele>468.7</ele>
    <time>2026-06-06T03:01:52Z</time>
   </trkpt>
   <trkpt lat="47.6157320" lon="-120.6554030">
    <ele>467.2</ele>
    <time>2026-06-06T03:01:53Z</time>
   </trkpt>
   <trkpt lat="47.6157620" lon="-120.6555220">
    <ele>466.0</ele>
    <time>2026-06-06T03:01:54Z</time>
   </trkpt>
   <trkpt lat="47.6158030" lon="-120.6556070">
    <ele>464.9</ele>
    <time>2026-06-06T03:01:55Z</time>
   </trkpt>
   <trkpt lat="47.6158380" lon="-120.6556800">
    <ele>464.0</ele>
    <time>2026-06-06T03:01:56Z</time>
   </trkpt>
   <trkpt lat="47.6158900" lon="-120.6557210">
    <ele>463.0</ele>
    <time>2026-06-06T03:01:57Z</time>
   </trkpt>
   <trkpt lat="47.6159310" lon="-120.6557720">
    <ele>462.1</ele>
    <time>2026-06-06T03:01:58Z</time>
   </trkpt>
   <trkpt lat="47.6159020" lon="-120.6559100">
    <ele>460.3</ele>
    <time>2026-06-06T03:01:59Z</time>
   </trkpt>
   <trkpt lat="47.6159620" lon="-120.6560100">
    <ele>458.6</ele>
    <time>2026-06-06T03:02:00Z</time>
   </trkpt>
   <trkpt lat="47.6160080" lon="-120.6560790">
    <ele>457.4</ele>
    <time>2026-06-06T03:02:01Z</time>
   </trkpt>
   <trkpt lat="47.6160420" lon="-120.6561370">
    <ele>456.4</ele>
    <time>2026-06-06T03:02:02Z</time>
   </trkpt>
   <trkpt lat="47.6160390" lon="-120.6562090">
    <ele>455.6</ele>
    <time>2026-06-06T03:02:03Z</time>
   </trkpt>
   <trkpt lat="47.6160200" lon="-120.6562770">
    <ele>454.9</ele>
    <time>2026-06-06T03:02:04Z</time>
   </trkpt>
   <trkpt lat="47.6159600" lon="-120.6563570">
    <ele>453.8</ele>
    <time>2026-06-06T03:02:05Z</time>
   </trkpt>
   <trkpt lat="47.6159260" lon="-120.6564490">
    <ele>453.0</ele>
    <time>2026-06-06T03:02:06Z</time>
   </trkpt>
   <trkpt lat="47.6158880" lon="-120.6565330">
    <ele>452.4</ele>
    <time>2026-06-06T03:02:07Z</time>
   </trkpt>
   <trkpt lat="47.6158620" lon="-120.6566500">
    <ele>451.7</ele>
    <time>2026-06-06T03:02:08Z</time>
   </trkpt>
   <trkpt lat="47.6158310" lon="-120.6567520">
    <ele>451.1</ele>
    <time>2026-06-06T03:02:09Z</time>
   </trkpt>
   <trkpt lat="47.6158090" lon="-120.6568600">
    <ele>450.5</ele>
    <time>2026-06-06T03:02:10Z</time>
   </trkpt>
   <trkpt lat="47.6157780" lon="-120.6569040">
    <ele>450.2</ele>
    <time>2026-06-06T03:02:11Z</time>
   </trkpt>
   <trkpt lat="47.6157140" lon="-120.6569350">
    <ele>449.7</ele>
    <time>2026-06-06T03:02:12Z</time>
   </trkpt>
   <trkpt lat="47.6156210" lon="-120.6569670">
    <ele>449.1</ele>
    <time>2026-06-06T03:02:13Z</time>
   </trkpt>
   <trkpt lat="47.6155500" lon="-120.6570290">
    <ele>448.4</ele>
    <time>2026-06-06T03:02:14Z</time>
   </trkpt>
   <trkpt lat="47.6154870" lon="-120.6570830">
    <ele>447.8</ele>
    <time>2026-06-06T03:02:15Z</time>
   </trkpt>
   <trkpt lat="47.6153940" lon="-120.6571120">
    <ele>447.0</ele>
    <time>2026-06-06T03:02:16Z</time>
   </trkpt>
   <trkpt lat="47.6153100" lon="-120.6571430">
    <ele>446.2</ele>
    <time>2026-06-06T03:02:17Z</time>
   </trkpt>
   <trkpt lat="47.6152200" lon="-120.6571510">
    <ele>445.4</ele>
    <time>2026-06-06T03:02:18Z</time>
   </trkpt>
   <trkpt lat="47.6151460" lon="-120.6571110">
    <ele>444.9</ele>
    <time>2026-06-06T03:02:19Z</time>
   </trkpt>
   <trkpt lat="47.6150650" lon="-120.6571250">
    <ele>444.4</ele>
    <time>2026-06-06T03:02:20Z</time>
   </trkpt>
   <trkpt lat="47.6149910" lon="-120.6571240">
    <ele>444.0</ele>
    <time>2026-06-06T03:02:21Z</time>
   </trkpt>
   <trkpt lat="47.6149320" lon="-120.6571230">
    <ele>443.6</ele>
    <time>2026-06-06T03:02:22Z</time>
   </trkpt>
   <trkpt lat="47.6148550" lon="-120.6571050">
    <ele>443.2</ele>
    <time>2026-06-06T03:02:23Z</time>
   </trkpt>
   <trkpt lat="47.6148080" lon="-120.6571140">
    <ele>443.1</ele>
    <time>2026-06-06T03:02:24Z</time>
   </trkpt>
   <trkpt lat="47.6147750" lon="-120.6571280">
    <ele>443.1</ele>
    <time>2026-06-06T03:02:25Z</time>
   </trkpt>
   <trkpt lat="47.6147520" lon="-120.6571700">
    <ele>443.0</ele>
    <time>2026-06-06T03:02:26Z</time>
   </trkpt>
   <trkpt lat="47.6147440" lon="-120.6571830">
    <ele>443.0</ele>
    <time>2026-06-06T03:02:27Z</time>
   </trkpt>
   <trkpt lat="47.6147490" lon="-120.6572160">
    <ele>443.1</ele>
    <time>2026-06-06T03:02:28Z</time>
   </trkpt>
   <trkpt lat="47.6147490" lon="-120.6572290">
    <ele>443.1</ele>
    <time>2026-06-06T03:02:29Z</time>
   </trkpt>
   <trkpt lat="47.6147460" lon="-120.6572270">
    <ele>443.1</ele>
    <time>2026-06-06T03:02:30Z</time>
   </trkpt>
   <trkpt lat="47.6147440" lon="-120.6572260">
    <ele>443.1</ele>
    <time>2026-06-06T03:02:31Z</time>
   </trkpt>
   <trkpt lat="47.6147420" lon="-120.6572240">
    <ele>443.1</ele>
    <time>2026-06-06T03:02:32Z</time>
   </trkpt>
   <trkpt lat="47.6147450" lon="-120.6572220">
    <ele>443.1</ele>
    <time>2026-06-06T03:02:33Z</time>
   </trkpt>
   <trkpt lat="47.6147460" lon="-120.6572220">
    <ele>443.1</ele>
    <time>2026-06-06T03:02:34Z</time>
   </trkpt>
   <trkpt lat="47.6147460" lon="-120.6572220">
    <ele>443.1</ele>
    <time>2026-06-06T03:02:35Z</time>
   </trkpt>
   <trkpt lat="47.6147470" lon="-120.6572230">
    <ele>443.1</ele>
    <time>2026-06-06T03:02:36Z</time>
   </trkpt>
   <trkpt lat="47.6147480" lon="-120.6572240">
    <ele>443.1</ele>
    <time>2026-06-06T03:02:37Z</time>
   </trkpt>
   <trkpt lat="47.6147480" lon="-120.6572250">
    <ele>443.1</ele>
    <time>2026-06-06T03:02:38Z</time>
   </trkpt>
   <trkpt lat="47.6147480" lon="-120.6572260">
    <ele>443.1</ele>
    <time>2026-06-06T03:02:39Z</time>
   </trkpt>
   <trkpt lat="47.6147490" lon="-120.6572270">
    <ele>443.1</ele>
    <time>2026-06-06T03:02:40Z</time>
   </trkpt>
   <trkpt lat="47.6147490" lon="-120.6572280">
    <ele>443.1</ele>
    <time>2026-06-06T03:02:41Z</time>
   </trkpt>
   <trkpt lat="47.6147490" lon="-120.6572280">
    <ele>443.1</ele>
    <time>2026-06-06T03:02:42Z</time>
   </trkpt>
   <trkpt lat="47.6147500" lon="-120.6572290">
    <ele>443.1</ele>
    <time>2026-06-06T03:02:43Z</time>
   </trkpt>
   <trkpt lat="47.6147510" lon="-120.6572290">
    <ele>443.1</ele>
    <time>2026-06-06T03:02:44Z</time>
   </trkpt>
   <trkpt lat="47.6147510" lon="-120.6572290">
    <ele>443.1</ele>
    <time>2026-06-06T03:02:45Z</time>
   </trkpt>
   <trkpt lat="47.6147520" lon="-120.6572290">
    <ele>443.1</ele>
    <time>2026-06-06T03:02:46Z</time>
   </trkpt>
   <trkpt lat="47.6147520" lon="-120.6572290">
    <ele>443.1</ele>
    <time>2026-06-06T03:02:47Z</time>
   </trkpt>
   <trkpt lat="47.6147520" lon="-120.6572280">
    <ele>443.1</ele>
    <time>2026-06-06T03:02:48Z</time>
   </trkpt>
   <trkpt lat="47.6147520" lon="-120.6572280">
    <ele>443.1</ele>
    <time>2026-06-06T03:02:49Z</time>
   </trkpt>
   <trkpt lat="47.6147520" lon="-120.6572280">
    <ele>443.1</ele>
    <time>2026-06-06T03:02:50Z</time>
   </trkpt>
   <trkpt lat="47.6147530" lon="-120.6572340">
    <ele>443.2</ele>
    <time>2026-06-06T03:02:51Z</time>
   </trkpt>
   <trkpt lat="47.6147520" lon="-120.6572480">
    <ele>443.2</ele>
    <time>2026-06-06T03:02:52Z</time>
   </trkpt>
   <trkpt lat="47.6147490" lon="-120.6572550">
    <ele>443.2</ele>
    <time>2026-06-06T03:02:53Z</time>
   </trkpt>
   <trkpt lat="47.6147460" lon="-120.6572710">
    <ele>443.2</ele>
    <time>2026-06-06T03:02:54Z</time>
   </trkpt>
   <trkpt lat="47.6147430" lon="-120.6572960">
    <ele>443.3</ele>
    <time>2026-06-06T03:02:55Z</time>
   </trkpt>
   <trkpt lat="47.6147390" lon="-120.6573240">
    <ele>443.3</ele>
    <time>2026-06-06T03:02:56Z</time>
   </trkpt>
   <trkpt lat="47.6147350" lon="-120.6573480">
    <ele>443.3</ele>
    <time>2026-06-06T03:02:57Z</time>
   </trkpt>
   <trkpt lat="47.6147330" lon="-120.6573670">
    <ele>443.4</ele>
    <time>2026-06-06T03:02:58Z</time>
   </trkpt>
   <trkpt lat="47.6147270" lon="-120.6573840">
    <ele>443.4</ele>
    <time>2026-06-06T03:02:59Z</time>
   </trkpt>
   <trkpt lat="47.6147190" lon="-120.6574010">
    <ele>443.3</ele>
    <time>2026-06-06T03:03:00Z</time>
   </trkpt>
   <trkpt lat="47.6147120" lon="-120.6574140">
    <ele>443.3</ele>
    <time>2026-06-06T03:03:01Z</time>
   </trkpt>
   <trkpt lat="47.6147060" lon="-120.6574260">
    <ele>443.3</ele>
    <time>2026-06-06T03:03:02Z</time>
   </trkpt>
   <trkpt lat="47.6147000" lon="-120.6574380">
    <ele>443.3</ele>
    <time>2026-06-06T03:03:03Z</time>
   </trkpt>
   <trkpt lat="47.6146960" lon="-120.6574480">
    <ele>443.3</ele>
    <time>2026-06-06T03:03:04Z</time>
   </trkpt>
   <trkpt lat="47.6146940" lon="-120.6574550">
    <ele>443.3</ele>
    <time>2026-06-06T03:03:05Z</time>
   </trkpt>
   <trkpt lat="47.6146920" lon="-120.6574620">
    <ele>443.3</ele>
    <time>2026-06-06T03:03:06Z</time>
   </trkpt>
   <trkpt lat="47.6146900" lon="-120.6574700">
    <ele>443.3</ele>
    <time>2026-06-06T03:03:07Z</time>
   </trkpt>
   <trkpt lat="47.6146880" lon="-120.6574770">
    <ele>443.2</ele>
    <time>2026-06-06T03:03:08Z</time>
   </trkpt>
   <trkpt lat="47.6146860" lon="-120.6574840">
    <ele>443.2</ele>
    <time>2026-06-06T03:03:09Z</time>
   </trkpt>
   <trkpt lat="47.6146840" lon="-120.6574910">
    <ele>443.2</ele>
    <time>2026-06-06T03:03:10Z</time>
   </trkpt>
   <trkpt lat="47.6146820" lon="-120.6574980">
    <ele>443.2</ele>
    <time>2026-06-06T03:03:11Z</time>
   </trkpt>
   <trkpt lat="47.6146800" lon="-120.6575050">
    <ele>443.2</ele>
    <time>2026-06-06T03:03:12Z</time>
   </trkpt>
   <trkpt lat="47.6146780" lon="-120.6575120">
    <ele>443.2</ele>
    <time>2026-06-06T03:03:13Z</time>
   </trkpt>
   <trkpt lat="47.6146760" lon="-120.6575190">
    <ele>443.1</ele>
    <time>2026-06-06T03:03:14Z</time>
   </trkpt>
   <trkpt lat="47.6146740" lon="-120.6575270">
    <ele>443.1</ele>
    <time>2026-06-06T03:03:15Z</time>
   </trkpt>
   <trkpt lat="47.6146720" lon="-120.6575340">
    <ele>443.1</ele>
    <time>2026-06-06T03:03:16Z</time>
   </trkpt>
   <trkpt lat="47.6146700" lon="-120.6575410">
    <ele>443.1</ele>
    <time>2026-06-06T03:03:17Z</time>
   </trkpt>
   <trkpt lat="47.6146680" lon="-120.6575480">
    <ele>443.1</ele>
    <time>2026-06-06T03:03:18Z</time>
   </trkpt>
   <trkpt lat="47.6146660" lon="-120.6575550">
    <ele>443.0</ele>
    <time>2026-06-06T03:03:19Z</time>
   </trkpt>
   <trkpt lat="47.6146500" lon="-120.6576250">
    <ele>442.8</ele>
    <time>2026-06-06T03:03:20Z</time>
   </trkpt>
   <trkpt lat="47.6146420" lon="-120.6577060">
    <ele>442.5</ele>
    <time>2026-06-06T03:03:21Z</time>
   </trkpt>
   <trkpt lat="47.6146140" lon="-120.6577630">
    <ele>442.2</ele>
    <time>2026-06-06T03:03:22Z</time>
   </trkpt>
   <trkpt lat="47.6145980" lon="-120.6578420">
    <ele>441.8</ele>
    <time>2026-06-06T03:03:23Z</time>
   </trkpt>
   <trkpt lat="47.6145910" lon="-120.6579350">
    <ele>441.4</ele>
    <time>2026-06-06T03:03:24Z</time>
   </trkpt>
   <trkpt lat="47.6145800" lon="-120.6580220">
    <ele>440.9</ele>
    <time>2026-06-06T03:03:25Z</time>
   </trkpt>
   <trkpt lat="47.6145410" lon="-120.6581010">
    <ele>440.3</ele>
    <time>2026-06-06T03:03:26Z</time>
   </trkpt>
   <trkpt lat="47.6145150" lon="-120.6581970">
    <ele>439.6</ele>
    <time>2026-06-06T03:03:27Z</time>
   </trkpt>
   <trkpt lat="47.6144960" lon="-120.6583010">
    <ele>439.1</ele>
    <time>2026-06-06T03:03:28Z</time>
   </trkpt>
   <trkpt lat="47.6144570" lon="-120.6583990">
    <ele>438.7</ele>
    <time>2026-06-06T03:03:29Z</time>
   </trkpt>
   <trkpt lat="47.6144720" lon="-120.6585140">
    <ele>438.6</ele>
    <time>2026-06-06T03:03:30Z</time>
   </trkpt>
   <trkpt lat="47.6144760" lon="-120.6586100">
    <ele>438.7</ele>
    <time>2026-06-06T03:03:31Z</time>
   </trkpt>
   <trkpt lat="47.6144840" lon="-120.6586960">
    <ele>438.7</ele>
    <time>2026-06-06T03:03:32Z</time>
   </trkpt>
   <trkpt lat="47.6144640" lon="-120.6587780">
    <ele>438.7</ele>
    <time>2026-06-06T03:03:33Z</time>
   </trkpt>
   <trkpt lat="47.6144460" lon="-120.6588650">
    <ele>438.6</ele>
    <time>2026-06-06T03:03:34Z</time>
   </trkpt>
   <trkpt lat="47.6144290" lon="-120.6589580">
    <ele>438.5</ele>
    <time>2026-06-06T03:03:35Z</time>
   </trkpt>
   <trkpt lat="47.6144110" lon="-120.6590450">
    <ele>438.3</ele>
    <time>2026-06-06T03:03:36Z</time>
   </trkpt>
   <trkpt lat="47.6144240" lon="-120.6591380">
    <ele>438.1</ele>
    <time>2026-06-06T03:03:37Z</time>
   </trkpt>
   <trkpt lat="47.6144270" lon="-120.6592340">
    <ele>438.1</ele>
    <time>2026-06-06T03:03:38Z</time>
   </trkpt>
   <trkpt lat="47.6144360" lon="-120.6593210">
    <ele>438.1</ele>
    <time>2026-06-06T03:03:39Z</time>
   </trkpt>
   <trkpt lat="47.6144440" lon="-120.6594150">
    <ele>438.3</ele>
    <time>2026-06-06T03:03:40Z</time>
   </trkpt>
   <trkpt lat="47.6144570" lon="-120.6594960">
    <ele>438.5</ele>
    <time>2026-06-06T03:03:41Z</time>
   </trkpt>
   <trkpt lat="47.6144490" lon="-120.6595690">
    <ele>438.8</ele>
    <time>2026-06-06T03:03:42Z</time>
   </trkpt>
   <trkpt lat="47.6144370" lon="-120.6596540">
    <ele>439.1</ele>
    <time>2026-06-06T03:03:43Z</time>
   </trkpt>
   <trkpt lat="47.6144100" lon="-120.6597020">
    <ele>439.3</ele>
    <time>2026-06-06T03:03:44Z</time>
   </trkpt>
   <trkpt lat="47.6143740" lon="-120.6597390">
    <ele>439.6</ele>
    <time>2026-06-06T03:03:45Z</time>
   </trkpt>
   <trkpt lat="47.6143390" lon="-120.6597970">
    <ele>439.9</ele>
    <time>2026-06-06T03:03:46Z</time>
   </trkpt>
   <trkpt lat="47.6143120" lon="-120.6598490">
    <ele>440.1</ele>
    <time>2026-06-06T03:03:47Z</time>
   </trkpt>
   <trkpt lat="47.6142780" lon="-120.6598880">
    <ele>440.3</ele>
    <time>2026-06-06T03:03:48Z</time>
   </trkpt>
   <trkpt lat="47.6142440" lon="-120.6599710">
    <ele>440.5</ele>
    <time>2026-06-06T03:03:49Z</time>
   </trkpt>
   <trkpt lat="47.6142060" lon="-120.6599970">
    <ele>440.5</ele>
    <time>2026-06-06T03:03:50Z</time>
   </trkpt>
   <trkpt lat="47.6141580" lon="-120.6600580">
    <ele>440.6</ele>
    <time>2026-06-06T03:03:51Z</time>
   </trkpt>
   <trkpt lat="47.6141140" lon="-120.6601280">
    <ele>440.6</ele>
    <time>2026-06-06T03:03:52Z</time>
   </trkpt>
   <trkpt lat="47.6140770" lon="-120.6601980">
    <ele>440.6</ele>
    <time>2026-06-06T03:03:53Z</time>
   </trkpt>
   <trkpt lat="47.6140600" lon="-120.6602840">
    <ele>440.5</ele>
    <time>2026-06-06T03:03:54Z</time>
   </trkpt>
   <trkpt lat="47.6140250" lon="-120.6603590">
    <ele>440.5</ele>
    <time>2026-06-06T03:03:55Z</time>
   </trkpt>
   <trkpt lat="47.6139900" lon="-120.6604230">
    <ele>440.4</ele>
    <time>2026-06-06T03:03:56Z</time>
   </trkpt>
   <trkpt lat="47.6139580" lon="-120.6604820">
    <ele>440.3</ele>
    <time>2026-06-06T03:03:57Z</time>
   </trkpt>
   <trkpt lat="47.6139330" lon="-120.6605450">
    <ele>440.2</ele>
    <time>2026-06-06T03:03:58Z</time>
   </trkpt>
   <trkpt lat="47.6139450" lon="-120.6606350">
    <ele>440.2</ele>
    <time>2026-06-06T03:03:59Z</time>
   </trkpt>
   <trkpt lat="47.6139580" lon="-120.6607210">
    <ele>440.2</ele>
    <time>2026-06-06T03:04:00Z</time>
   </trkpt>
   <trkpt lat="47.6139710" lon="-120.6607990">
    <ele>440.3</ele>
    <time>2026-06-06T03:04:01Z</time>
   </trkpt>
   <trkpt lat="47.6139970" lon="-120.6608530">
    <ele>440.3</ele>
    <time>2026-06-06T03:04:02Z</time>
   </trkpt>
   <trkpt lat="47.6140170" lon="-120.6609000">
    <ele>440.4</ele>
    <time>2026-06-06T03:04:03Z</time>
   </trkpt>
   <trkpt lat="47.6140320" lon="-120.6609580">
    <ele>440.4</ele>
    <time>2026-06-06T03:04:04Z</time>
   </trkpt>
   <trkpt lat="47.6140520" lon="-120.6610130">
    <ele>440.4</ele>
    <time>2026-06-06T03:04:05Z</time>
   </trkpt>
   <trkpt lat="47.6140860" lon="-120.6610450">
    <ele>440.3</ele>
    <time>2026-06-06T03:04:06Z</time>
   </trkpt>
   <trkpt lat="47.6141290" lon="-120.6610760">
    <ele>440.2</ele>
    <time>2026-06-06T03:04:07Z</time>
   </trkpt>
   <trkpt lat="47.6141640" lon="-120.6611200">
    <ele>440.1</ele>
    <time>2026-06-06T03:04:08Z</time>
   </trkpt>
   <trkpt lat="47.6141860" lon="-120.6611860">
    <ele>440.0</ele>
    <time>2026-06-06T03:04:09Z</time>
   </trkpt>
   <trkpt lat="47.6141780" lon="-120.6612860">
    <ele>439.8</ele>
    <time>2026-06-06T03:04:10Z</time>
   </trkpt>
   <trkpt lat="47.6142090" lon="-120.6613700">
    <ele>439.9</ele>
    <time>2026-06-06T03:04:11Z</time>
   </trkpt>
   <trkpt lat="47.6142240" lon="-120.6614270">
    <ele>439.9</ele>
    <time>2026-06-06T03:04:12Z</time>
   </trkpt>
   <trkpt lat="47.6142440" lon="-120.6614690">
    <ele>440.0</ele>
    <time>2026-06-06T03:04:13Z</time>
   </trkpt>
   <trkpt lat="47.6142620" lon="-120.6615190">
    <ele>440.1</ele>
    <time>2026-06-06T03:04:14Z</time>
   </trkpt>
   <trkpt lat="47.6142750" lon="-120.6615720">
    <ele>440.3</ele>
    <time>2026-06-06T03:04:15Z</time>
   </trkpt>
   <trkpt lat="47.6142860" lon="-120.6616130">
    <ele>440.4</ele>
    <time>2026-06-06T03:04:16Z</time>
   </trkpt>
   <trkpt lat="47.6143020" lon="-120.6616610">
    <ele>440.6</ele>
    <time>2026-06-06T03:04:17Z</time>
   </trkpt>
   <trkpt lat="47.6143180" lon="-120.6617140">
    <ele>440.8</ele>
    <time>2026-06-06T03:04:18Z</time>
   </trkpt>
   <trkpt lat="47.6143190" lon="-120.6618110">
    <ele>441.1</ele>
    <time>2026-06-06T03:04:19Z</time>
   </trkpt>
   <trkpt lat="47.6143190" lon="-120.6618730">
    <ele>441.2</ele>
    <time>2026-06-06T03:04:20Z</time>
   </trkpt>
   <trkpt lat="47.6143100" lon="-120.6619370">
    <ele>441.4</ele>
    <time>2026-06-06T03:04:21Z</time>
   </trkpt>
   <trkpt lat="47.6142810" lon="-120.6619970">
    <ele>441.6</ele>
    <time>2026-06-06T03:04:22Z</time>
   </trkpt>
   <trkpt lat="47.6142570" lon="-120.6620550">
    <ele>441.7</ele>
    <time>2026-06-06T03:04:23Z</time>
   </trkpt>
   <trkpt lat="47.6142470" lon="-120.6621170">
    <ele>441.8</ele>
    <time>2026-06-06T03:04:24Z</time>
   </trkpt>
   <trkpt lat="47.6142380" lon="-120.6621850">
    <ele>441.9</ele>
    <time>2026-06-06T03:04:25Z</time>
   </trkpt>
   <trkpt lat="47.6142280" lon="-120.6622600">
    <ele>442.0</ele>
    <time>2026-06-06T03:04:26Z</time>
   </trkpt>
   <trkpt lat="47.6142060" lon="-120.6623160">
    <ele>442.0</ele>
    <time>2026-06-06T03:04:27Z</time>
   </trkpt>
   <trkpt lat="47.6141980" lon="-120.6623890">
    <ele>442.0</ele>
    <time>2026-06-06T03:04:28Z</time>
   </trkpt>
   <trkpt lat="47.6141900" lon="-120.6624590">
    <ele>442.1</ele>
    <time>2026-06-06T03:04:29Z</time>
   </trkpt>
   <trkpt lat="47.6141880" lon="-120.6625280">
    <ele>442.1</ele>
    <time>2026-06-06T03:04:30Z</time>
   </trkpt>
   <trkpt lat="47.6141490" lon="-120.6625700">
    <ele>442.2</ele>
    <time>2026-06-06T03:04:31Z</time>
   </trkpt>
   <trkpt lat="47.6141170" lon="-120.6626030">
    <ele>442.3</ele>
    <time>2026-06-06T03:04:32Z</time>
   </trkpt>
   <trkpt lat="47.6140820" lon="-120.6626220">
    <ele>442.4</ele>
    <time>2026-06-06T03:04:33Z</time>
   </trkpt>
   <trkpt lat="47.6140430" lon="-120.6626380">
    <ele>442.5</ele>
    <time>2026-06-06T03:04:34Z</time>
   </trkpt>
   <trkpt lat="47.6140110" lon="-120.6626460">
    <ele>442.6</ele>
    <time>2026-06-06T03:04:35Z</time>
   </trkpt>
   <trkpt lat="47.6139700" lon="-120.6626530">
    <ele>442.8</ele>
    <time>2026-06-06T03:04:36Z</time>
   </trkpt>
   <trkpt lat="47.6139250" lon="-120.6626570">
    <ele>442.9</ele>
    <time>2026-06-06T03:04:37Z</time>
   </trkpt>
   <trkpt lat="47.6138780" lon="-120.6626640">
    <ele>443.1</ele>
    <time>2026-06-06T03:04:38Z</time>
   </trkpt>
   <trkpt lat="47.6138090" lon="-120.6626990">
    <ele>443.3</ele>
    <time>2026-06-06T03:04:39Z</time>
   </trkpt>
   <trkpt lat="47.6137610" lon="-120.6627340">
    <ele>443.5</ele>
    <time>2026-06-06T03:04:40Z</time>
   </trkpt>
   <trkpt lat="47.6137530" lon="-120.6628220">
    <ele>443.6</ele>
    <time>2026-06-06T03:04:41Z</time>
   </trkpt>
   <trkpt lat="47.6137380" lon="-120.6628790">
    <ele>443.6</ele>
    <time>2026-06-06T03:04:42Z</time>
   </trkpt>
   <trkpt lat="47.6137500" lon="-120.6629320">
    <ele>443.7</ele>
    <time>2026-06-06T03:04:43Z</time>
   </trkpt>
   <trkpt lat="47.6138010" lon="-120.6629490">
    <ele>443.6</ele>
    <time>2026-06-06T03:04:44Z</time>
   </trkpt>
   <trkpt lat="47.6138380" lon="-120.6629840">
    <ele>443.6</ele>
    <time>2026-06-06T03:04:45Z</time>
   </trkpt>
   <trkpt lat="47.6138640" lon="-120.6630160">
    <ele>443.5</ele>
    <time>2026-06-06T03:04:46Z</time>
   </trkpt>
   <trkpt lat="47.6138970" lon="-120.6630580">
    <ele>443.4</ele>
    <time>2026-06-06T03:04:47Z</time>
   </trkpt>
   <trkpt lat="47.6139310" lon="-120.6631010">
    <ele>443.2</ele>
    <time>2026-06-06T03:04:48Z</time>
   </trkpt>
   <trkpt lat="47.6139670" lon="-120.6631500">
    <ele>443.0</ele>
    <time>2026-06-06T03:04:49Z</time>
   </trkpt>
   <trkpt lat="47.6139910" lon="-120.6632170">
    <ele>442.7</ele>
    <time>2026-06-06T03:04:50Z</time>
   </trkpt>
   <trkpt lat="47.6139730" lon="-120.6633020">
    <ele>442.4</ele>
    <time>2026-06-06T03:04:51Z</time>
   </trkpt>
   <trkpt lat="47.6139580" lon="-120.6633790">
    <ele>442.1</ele>
    <time>2026-06-06T03:04:52Z</time>
   </trkpt>
   <trkpt lat="47.6139140" lon="-120.6634090">
    <ele>441.9</ele>
    <time>2026-06-06T03:04:53Z</time>
   </trkpt>
   <trkpt lat="47.6138810" lon="-120.6634710">
    <ele>441.6</ele>
    <time>2026-06-06T03:04:54Z</time>
   </trkpt>
   <trkpt lat="47.6138370" lon="-120.6635190">
    <ele>441.4</ele>
    <time>2026-06-06T03:04:55Z</time>
   </trkpt>
   <trkpt lat="47.6138040" lon="-120.6635780">
    <ele>441.2</ele>
    <time>2026-06-06T03:04:56Z</time>
   </trkpt>
   <trkpt lat="47.6137870" lon="-120.6636520">
    <ele>441.0</ele>
    <time>2026-06-06T03:04:57Z</time>
   </trkpt>
   <trkpt lat="47.6138210" lon="-120.6637200">
    <ele>440.8</ele>
    <time>2026-06-06T03:04:58Z</time>
   </trkpt>
   <trkpt lat="47.6138250" lon="-120.6637940">
    <ele>440.5</ele>
    <time>2026-06-06T03:04:59Z</time>
   </trkpt>
   <trkpt lat="47.6138420" lon="-120.6638640">
    <ele>440.3</ele>
    <time>2026-06-06T03:05:00Z</time>
   </trkpt>
   <trkpt lat="47.6138770" lon="-120.6639330">
    <ele>440.1</ele>
    <time>2026-06-06T03:05:01Z</time>
   </trkpt>
   <trkpt lat="47.6139150" lon="-120.6639780">
    <ele>440.0</ele>
    <time>2026-06-06T03:05:02Z</time>
   </trkpt>
   <trkpt lat="47.6139560" lon="-120.6640120">
    <ele>439.9</ele>
    <time>2026-06-06T03:05:03Z</time>
   </trkpt>
   <trkpt lat="47.6140050" lon="-120.6640610">
    <ele>439.8</ele>
    <time>2026-06-06T03:05:04Z</time>
   </trkpt>
   <trkpt lat="47.6140310" lon="-120.6640890">
    <ele>439.7</ele>
    <time>2026-06-06T03:05:05Z</time>
   </trkpt>
   <trkpt lat="47.6140520" lon="-120.6641390">
    <ele>439.7</ele>
    <time>2026-06-06T03:05:06Z</time>
   </trkpt>
   <trkpt lat="47.6140770" lon="-120.6641940">
    <ele>439.7</ele>
    <time>2026-06-06T03:05:07Z</time>
   </trkpt>
   <trkpt lat="47.6141150" lon="-120.6642720">
    <ele>439.8</ele>
    <time>2026-06-06T03:05:08Z</time>
   </trkpt>
   <trkpt lat="47.6141320" lon="-120.6643420">
    <ele>439.8</ele>
    <time>2026-06-06T03:05:09Z</time>
   </trkpt>
   <trkpt lat="47.6141250" lon="-120.6644200">
    <ele>440.0</ele>
    <time>2026-06-06T03:05:10Z</time>
   </trkpt>
   <trkpt lat="47.6141420" lon="-120.6644910">
    <ele>440.1</ele>
    <time>2026-06-06T03:05:11Z</time>
   </trkpt>
   <trkpt lat="47.6141650" lon="-120.6645660">
    <ele>440.3</ele>
    <time>2026-06-06T03:05:12Z</time>
   </trkpt>
   <trkpt lat="47.6141840" lon="-120.6646290">
    <ele>440.5</ele>
    <time>2026-06-06T03:05:13Z</time>
   </trkpt>
   <trkpt lat="47.6141870" lon="-120.6646910">
    <ele>440.7</ele>
    <time>2026-06-06T03:05:14Z</time>
   </trkpt>
   <trkpt lat="47.6141620" lon="-120.6647430">
    <ele>440.9</ele>
    <time>2026-06-06T03:05:15Z</time>
   </trkpt>
   <trkpt lat="47.6141530" lon="-120.6648200">
    <ele>441.2</ele>
    <time>2026-06-06T03:05:16Z</time>
   </trkpt>
   <trkpt lat="47.6141620" lon="-120.6648810">
    <ele>441.4</ele>
    <time>2026-06-06T03:05:17Z</time>
   </trkpt>
   <trkpt lat="47.6141600" lon="-120.6649420">
    <ele>441.6</ele>
    <time>2026-06-06T03:05:18Z</time>
   </trkpt>
   <trkpt lat="47.6141550" lon="-120.6649970">
    <ele>441.8</ele>
    <time>2026-06-06T03:05:19Z</time>
   </trkpt>
   <trkpt lat="47.6141530" lon="-120.6650510">
    <ele>442.1</ele>
    <time>2026-06-06T03:05:20Z</time>
   </trkpt>
   <trkpt lat="47.6141620" lon="-120.6651010">
    <ele>442.3</ele>
    <time>2026-06-06T03:05:21Z</time>
   </trkpt>
   <trkpt lat="47.6141630" lon="-120.6651540">
    <ele>442.5</ele>
    <time>2026-06-06T03:05:22Z</time>
   </trkpt>
   <trkpt lat="47.6141620" lon="-120.6651710">
    <ele>442.6</ele>
    <time>2026-06-06T03:05:23Z</time>
   </trkpt>
   <trkpt lat="47.6141510" lon="-120.6652160">
    <ele>442.8</ele>
    <time>2026-06-06T03:05:24Z</time>
   </trkpt>
   <trkpt lat="47.6141450" lon="-120.6652310">
    <ele>442.9</ele>
    <time>2026-06-06T03:05:25Z</time>
   </trkpt>
   <trkpt lat="47.6141270" lon="-120.6652830">
    <ele>443.1</ele>
    <time>2026-06-06T03:05:26Z</time>
   </trkpt>
   <trkpt lat="47.6141220" lon="-120.6652990">
    <ele>443.2</ele>
    <time>2026-06-06T03:05:27Z</time>
   </trkpt>
   <trkpt lat="47.6141230" lon="-120.6653610">
    <ele>443.4</ele>
    <time>2026-06-06T03:05:28Z</time>
   </trkpt>
   <trkpt lat="47.6141260" lon="-120.6653850">
    <ele>443.5</ele>
    <time>2026-06-06T03:05:29Z</time>
   </trkpt>
   <trkpt lat="47.6141330" lon="-120.6654310">
    <ele>443.6</ele>
    <time>2026-06-06T03:05:30Z</time>
   </trkpt>
   <trkpt lat="47.6141390" lon="-120.6654700">
    <ele>443.8</ele>
    <time>2026-06-06T03:05:31Z</time>
   </trkpt>
   <trkpt lat="47.6141470" lon="-120.6655110">
    <ele>443.9</ele>
    <time>2026-06-06T03:05:32Z</time>
   </trkpt>
   <trkpt lat="47.6141540" lon="-120.6655540">
    <ele>444.0</ele>
    <time>2026-06-06T03:05:33Z</time>
   </trkpt>
   <trkpt lat="47.6141490" lon="-120.6656090">
    <ele>444.2</ele>
    <time>2026-06-06T03:05:34Z</time>
   </trkpt>
   <trkpt lat="47.6141270" lon="-120.6656770">
    <ele>443.7</ele>
    <time>2026-06-06T03:05:35Z</time>
   </trkpt>
   <trkpt lat="47.6141000" lon="-120.6657360">
    <ele>443.0</ele>
    <time>2026-06-06T03:05:36Z</time>
   </trkpt>
   <trkpt lat="47.6140580" lon="-120.6658020">
    <ele>442.4</ele>
    <time>2026-06-06T03:05:37Z</time>
   </trkpt>
   <trkpt lat="47.6140070" lon="-120.6658600">
    <ele>441.9</ele>
    <time>2026-06-06T03:05:38Z</time>
   </trkpt>
   <trkpt lat="47.6139580" lon="-120.6659300">
    <ele>441.4</ele>
    <time>2026-06-06T03:05:39Z</time>
   </trkpt>
   <trkpt lat="47.6139170" lon="-120.6660070">
    <ele>440.9</ele>
    <time>2026-06-06T03:05:40Z</time>
   </trkpt>
   <trkpt lat="47.6138840" lon="-120.6660900">
    <ele>440.3</ele>
    <time>2026-06-06T03:05:41Z</time>
   </trkpt>
   <trkpt lat="47.6138460" lon="-120.6661780">
    <ele>439.7</ele>
    <time>2026-06-06T03:05:42Z</time>
   </trkpt>
   <trkpt lat="47.6137950" lon="-120.6662870">
    <ele>438.9</ele>
    <time>2026-06-06T03:05:43Z</time>
   </trkpt>
   <trkpt lat="47.6137680" lon="-120.6663980">
    <ele>438.3</ele>
    <time>2026-06-06T03:05:44Z</time>
   </trkpt>
   <trkpt lat="47.6137450" lon="-120.6665260">
    <ele>437.9</ele>
    <time>2026-06-06T03:05:45Z</time>
   </trkpt>
   <trkpt lat="47.6137380" lon="-120.6666420">
    <ele>437.7</ele>
    <time>2026-06-06T03:05:46Z</time>
   </trkpt>
   <trkpt lat="47.6137430" lon="-120.6667380">
    <ele>437.7</ele>
    <time>2026-06-06T03:05:47Z</time>
   </trkpt>
   <trkpt lat="47.6137670" lon="-120.6668250">
    <ele>437.8</ele>
    <time>2026-06-06T03:05:48Z</time>
   </trkpt>
   <trkpt lat="47.6137920" lon="-120.6668770">
    <ele>438.0</ele>
    <time>2026-06-06T03:05:49Z</time>
   </trkpt>
   <trkpt lat="47.6138290" lon="-120.6669280">
    <ele>438.2</ele>
    <time>2026-06-06T03:05:50Z</time>
   </trkpt>
   <trkpt lat="47.6138490" lon="-120.6669570">
    <ele>438.3</ele>
    <time>2026-06-06T03:05:51Z</time>
   </trkpt>
   <trkpt lat="47.6138780" lon="-120.6669940">
    <ele>438.4</ele>
    <time>2026-06-06T03:05:52Z</time>
   </trkpt>
   <trkpt lat="47.6139110" lon="-120.6670270">
    <ele>438.5</ele>
    <time>2026-06-06T03:05:53Z</time>
   </trkpt>
   <trkpt lat="47.6139470" lon="-120.6670660">
    <ele>438.6</ele>
    <time>2026-06-06T03:05:54Z</time>
   </trkpt>
   <trkpt lat="47.6139790" lon="-120.6670980">
    <ele>438.6</ele>
    <time>2026-06-06T03:05:55Z</time>
   </trkpt>
   <trkpt lat="47.6140090" lon="-120.6671490">
    <ele>438.6</ele>
    <time>2026-06-06T03:05:56Z</time>
   </trkpt>
   <trkpt lat="47.6140400" lon="-120.6671880">
    <ele>438.6</ele>
    <time>2026-06-06T03:05:57Z</time>
   </trkpt>
   <trkpt lat="47.6140800" lon="-120.6672340">
    <ele>438.6</ele>
    <time>2026-06-06T03:05:58Z</time>
   </trkpt>
   <trkpt lat="47.6141180" lon="-120.6672890">
    <ele>438.6</ele>
    <time>2026-06-06T03:05:59Z</time>
   </trkpt>
   <trkpt lat="47.6141410" lon="-120.6673570">
    <ele>438.5</ele>
    <time>2026-06-06T03:06:00Z</time>
   </trkpt>
   <trkpt lat="47.6141520" lon="-120.6674280">
    <ele>438.5</ele>
    <time>2026-06-06T03:06:01Z</time>
   </trkpt>
   <trkpt lat="47.6141580" lon="-120.6675200">
    <ele>438.5</ele>
    <time>2026-06-06T03:06:02Z</time>
   </trkpt>
   <trkpt lat="47.6141550" lon="-120.6676020">
    <ele>438.5</ele>
    <time>2026-06-06T03:06:03Z</time>
   </trkpt>
   <trkpt lat="47.6141490" lon="-120.6676770">
    <ele>438.6</ele>
    <time>2026-06-06T03:06:04Z</time>
   </trkpt>
   <trkpt lat="47.6141330" lon="-120.6677260">
    <ele>438.7</ele>
    <time>2026-06-06T03:06:05Z</time>
   </trkpt>
   <trkpt lat="47.6141160" lon="-120.6677670">
    <ele>438.8</ele>
    <time>2026-06-06T03:06:06Z</time>
   </trkpt>
   <trkpt lat="47.6141050" lon="-120.6678090">
    <ele>438.8</ele>
    <time>2026-06-06T03:06:07Z</time>
   </trkpt>
   <trkpt lat="47.6140960" lon="-120.6678490">
    <ele>438.9</ele>
    <time>2026-06-06T03:06:08Z</time>
   </trkpt>
   <trkpt lat="47.6140840" lon="-120.6678900">
    <ele>438.9</ele>
    <time>2026-06-06T03:06:09Z</time>
   </trkpt>
   <trkpt lat="47.6140660" lon="-120.6679250">
    <ele>438.9</ele>
    <time>2026-06-06T03:06:10Z</time>
   </trkpt>
   <trkpt lat="47.6140380" lon="-120.6679670">
    <ele>438.9</ele>
    <time>2026-06-06T03:06:11Z</time>
   </trkpt>
   <trkpt lat="47.6140290" lon="-120.6679830">
    <ele>438.9</ele>
    <time>2026-06-06T03:06:12Z</time>
   </trkpt>
   <trkpt lat="47.6140030" lon="-120.6680040">
    <ele>438.9</ele>
    <time>2026-06-06T03:06:13Z</time>
   </trkpt>
   <trkpt lat="47.6139700" lon="-120.6680020">
    <ele>438.9</ele>
    <time>2026-06-06T03:06:14Z</time>
   </trkpt>
   <trkpt lat="47.6139340" lon="-120.6680070">
    <ele>438.9</ele>
    <time>2026-06-06T03:06:15Z</time>
   </trkpt>
   <trkpt lat="47.6139030" lon="-120.6680240">
    <ele>438.9</ele>
    <time>2026-06-06T03:06:16Z</time>
   </trkpt>
   <trkpt lat="47.6138770" lon="-120.6680460">
    <ele>438.9</ele>
    <time>2026-06-06T03:06:17Z</time>
   </trkpt>
   <trkpt lat="47.6138520" lon="-120.6680690">
    <ele>438.9</ele>
    <time>2026-06-06T03:06:18Z</time>
   </trkpt>
   <trkpt lat="47.6138280" lon="-120.6680910">
    <ele>439.0</ele>
    <time>2026-06-06T03:06:19Z</time>
   </trkpt>
   <trkpt lat="47.6138040" lon="-120.6681170">
    <ele>439.0</ele>
    <time>2026-06-06T03:06:20Z</time>
   </trkpt>
   <trkpt lat="47.6137830" lon="-120.6681460">
    <ele>439.0</ele>
    <time>2026-06-06T03:06:21Z</time>
   </trkpt>
   <trkpt lat="47.6137630" lon="-120.6681800">
    <ele>439.0</ele>
    <time>2026-06-06T03:06:22Z</time>
   </trkpt>
   <trkpt lat="47.6137590" lon="-120.6681870">
    <ele>439.0</ele>
    <time>2026-06-06T03:06:23Z</time>
   </trkpt>
   <trkpt lat="47.6137590" lon="-120.6681860">
    <ele>439.0</ele>
    <time>2026-06-06T03:06:24Z</time>
   </trkpt>
   <trkpt lat="47.6137610" lon="-120.6681850">
    <ele>439.0</ele>
    <time>2026-06-06T03:06:25Z</time>
   </trkpt>
   <trkpt lat="47.6137630" lon="-120.6681850">
    <ele>439.0</ele>
    <time>2026-06-06T03:06:26Z</time>
   </trkpt>
   <trkpt lat="47.6137240" lon="-120.6681890">
    <ele>439.0</ele>
    <time>2026-06-06T03:06:27Z</time>
   </trkpt>
   <trkpt lat="47.6137170" lon="-120.6681930">
    <ele>439.0</ele>
    <time>2026-06-06T03:06:28Z</time>
   </trkpt>
   <trkpt lat="47.6137160" lon="-120.6682030">
    <ele>439.0</ele>
    <time>2026-06-06T03:06:29Z</time>
   </trkpt>
   <trkpt lat="47.6137160" lon="-120.6682180">
    <ele>439.0</ele>
    <time>2026-06-06T03:06:30Z</time>
   </trkpt>
   <trkpt lat="47.6137190" lon="-120.6682280">
    <ele>439.0</ele>
    <time>2026-06-06T03:06:31Z</time>
   </trkpt>
   <trkpt lat="47.6137210" lon="-120.6682330">
    <ele>439.0</ele>
    <time>2026-06-06T03:06:32Z</time>
   </trkpt>
   <trkpt lat="47.6137240" lon="-120.6682420">
    <ele>439.0</ele>
    <time>2026-06-06T03:06:33Z</time>
   </trkpt>
   <trkpt lat="47.6137300" lon="-120.6682540">
    <ele>439.0</ele>
    <time>2026-06-06T03:06:34Z</time>
   </trkpt>
   <trkpt lat="47.6137370" lon="-120.6682710">
    <ele>439.0</ele>
    <time>2026-06-06T03:06:35Z</time>
   </trkpt>
   <trkpt lat="47.6137440" lon="-120.6682750">
    <ele>439.0</ele>
    <time>2026-06-06T03:06:36Z</time>
   </trkpt>
   <trkpt lat="47.6137510" lon="-120.6682840">
    <ele>439.0</ele>
    <time>2026-06-06T03:06:37Z</time>
   </trkpt>
   <trkpt lat="47.6137600" lon="-120.6682880">
    <ele>439.0</ele>
    <time>2026-06-06T03:06:38Z</time>
   </trkpt>
   <trkpt lat="47.6137620" lon="-120.6682860">
    <ele>439.0</ele>
    <time>2026-06-06T03:06:39Z</time>
   </trkpt>
   <trkpt lat="47.6137600" lon="-120.6682820">
    <ele>439.0</ele>
    <time>2026-06-06T03:06:40Z</time>
   </trkpt>
   <trkpt lat="47.6137640" lon="-120.6682680">
    <ele>439.0</ele>
    <time>2026-06-06T03:06:41Z</time>
   </trkpt>
   <trkpt lat="47.6137650" lon="-120.6682650">
    <ele>439.0</ele>
    <time>2026-06-06T03:06:42Z</time>
   </trkpt>
   <trkpt lat="47.6137630" lon="-120.6682700">
    <ele>439.0</ele>
    <time>2026-06-06T03:06:43Z</time>
   </trkpt>
   <trkpt lat="47.6137650" lon="-120.6682650">
    <ele>439.0</ele>
    <time>2026-06-06T03:06:44Z</time>
   </trkpt>
   <trkpt lat="47.6137650" lon="-120.6682640">
    <ele>439.0</ele>
    <time>2026-06-06T03:06:45Z</time>
   </trkpt>
   <trkpt lat="47.6137660" lon="-120.6682630">
    <ele>439.0</ele>
    <time>2026-06-06T03:06:46Z</time>
   </trkpt>
   <trkpt lat="47.6137660" lon="-120.6682630">
    <ele>439.0</ele>
    <time>2026-06-06T03:06:47Z</time>
   </trkpt>
   <trkpt lat="47.6137660" lon="-120.6682630">
    <ele>439.0</ele>
    <time>2026-06-06T03:06:48Z</time>
   </trkpt>
   <trkpt lat="47.6137660" lon="-120.6682630">
    <ele>439.0</ele>
    <time>2026-06-06T03:06:49Z</time>
   </trkpt>
   <trkpt lat="47.6137660" lon="-120.6682630">
    <ele>439.0</ele>
    <time>2026-06-06T03:06:50Z</time>
   </trkpt>
   <trkpt lat="47.6137660" lon="-120.6682630">
    <ele>439.0</ele>
    <time>2026-06-06T03:06:51Z</time>
   </trkpt>
  </trkseg>
 </trk>
</gpx>
